node_id,stop_no,stop_name,elev_m,slope_pct,slope_pct_raw
100000001,01001,종로2가사거리,28.275684,6.5671415,5.21037
100000002,01002,창경궁.서울대학교병원,31.268507,8.140923,6.4590077
100000003,01003,명륜3가.성대입구,36.300148,4.2563815,3.377013
100000004,01004,종로2가.삼일교,26.65639,9.374646,7.4378443
100000005,01005,혜화동로터리.여운형활동터,36.990448,7.0016456,5.5551057
100000006,01101,경기상고,53.967632,3.7171168,2.9491606
100000007,01102,신교동,46.69067,8.075466,6.4070745
100000008,01103,경기상고,53.04542,1.1919593,0.94570047
100000009,01104,경복고교,50.210693,1.6584795,1.3158376
100000010,01105,청운중학교,73.75286,18.212368,14.449693
100000011,01106,자하문고개.윤동주문학관,113.534386,19.752853,15.671914
100000012,01107,자하문고개.윤동주문학관,113.534386,19.752853,15.671914
100000013,01108,청운중학교,75.54289,13.9042015,11.031593
100000014,01109,경복고교,49.89288,3.4350696,2.7253842
100000015,01110,통인시장종로구보건소,43.090893,5.5419765,4.397004
100000016,01111,통인시장종로구보건소,42.333885,1.9896021,1.5785502
100000017,01112,효자동,44.23697,1.8207544,1.4445865
100000018,01113,사직단.어린이도서관,45.155384,9.050104,7.180352
100000019,01114,경복궁역1번출구,41.045177,7.935617,6.2961183
100000020,01115,경복궁역2번출구,39.842163,2.9174373,2.314695
100000021,01116,경복궁역3번출구,39.951126,1.7003753,1.3490777
100000022,01117,경복궁,32.9333,5.4637527,4.3349414
100000023,01118,광화문역2번출구.KT광화문지사,29.911621,4.6569424,3.694818
100000025,01120,광화문역6번출구,31.520672,2.7824278,2.2075782
100000028,01123,서울역사박물관.강북삼성병원,38.366383,5.501056,4.364538
100000029,01124,새문안교회,35.854057,3.1317277,2.4847126
100000030,01125,광화문역7번출구,33.291378,4.1555533,3.2970161
100000031,01126,세종문화회관,30.647085,3.5815885,2.8416324
100000032,01127,서울경찰청.경복궁역,38.855106,8.433142,6.6908545
100000033,01128,사직단,43.86128,8.308803,6.592204
100000034,01129,광화문역6번출구.광화문빌딩,42.317524,17.303623,13.728695
100000035,01130,덕성여중고,34.77238,7.0405626,5.5859823
100000036,01131,안국역.서울공예박물관,33.470108,10.562563,8.380337
100000037,01132,국민은행세검정지점,80.490875,7.626087,6.0505376
100000038,01133,세검정초등학교,77.813774,9.5099535,7.545197
100000039,01134,세검정.상명대,61.75923,4.42656,3.5120325
100000040,01135,상명대입구.석파랑,66.092804,7.044405,5.5890307
100000041,01136,하림각,77.85827,17.587286,13.9537525
100000042,01137,자하문터널입구.석파정,86.83636,9.574153,7.596133
100000043,01138,부암동주민센터.무계원,101.36496,8.4722395,6.7218747
100000044,01139,부암동주민센터.무계원,110.775246,17.914978,14.213743
100000045,01140,자하문터널입구.석파정,89.20928,13.328979,10.575212
100000046,01141,하림각,76.84611,8.901903,7.06277
100000047,01142,상명대입구.세검정교회,70.066635,9.6396,7.6480584
100000048,01143,세검정.세검정성당,68.027725,20.014809,15.879749
100000049,01144,세검정초등학교,74.51656,1.7272424,1.370394
100000051,01146,국민은행세검정지점,80.499306,6.270385,4.974923
100000053,01148,승가사입구,111.70625,6.418666,5.0925694
100000054,01149,구기동현대빌라,101.39019,4.4958954,3.5670435
100000055,01150,구기터널.삼성출판박물관,95.28636,6.360357,5.046307
100000056,01151,구기터널.삼성출판박물관,96.48149,15.342158,12.172468
100000057,01152,구기동,87.83366,10.596448,8.407222
100000058,01153,구기동,85.35236,2.0001402,1.5869113
100000059,01154,승가사입구,111.784004,4.6335607,3.6762671
100000060,01155,갑을씨티텔앞,87.46845,31.756472,25.195583
100000061,01156,평창파출소,89.149506,13.134203,10.420676
100000062,01157,평창동주민센터,97.21652,17.909916,14.209727
100000063,01158,일성아파트,108.78039,20.942816,16.61603
100000064,01159,롯데아파트,133.71945,24.556534,19.483154
100000065,01160,롯데아파트,132.69475,10.377453,8.233471
100000066,01161,벽산평창힐스아파트,105.30893,13.713477,10.880273
100000067,01162,예능교회,94.86443,3.3007886,2.6188457
100000068,01163,서울예술고등학교.평창동주민센터,94.319756,14.991964,11.894624
100000069,01164,화정박물관,87.81285,18.54441,14.713135
100000072,01167,독립문역.서대문형무소역사관,52.68898,7.7385507,6.139766
100000073,01168,금화초등학교.서울시교육청,42.00795,1.3285549,1.0540755
100000075,01171,독립문,48.77354,7.408072,5.8775644
100000076,01172,창덕궁.우리소리박물관,36.424976,1.4240961,1.1298778
100000077,01173,서린동.SK서린빌딩,28.448923,2.806779,2.2268984
100000078,01174,청계1가.장통교,29.958855,11.126314,8.827618
100000079,01175,청계2가.수표교,24.893751,7.449264,5.9102464
100000080,01176,청계4가.세운교,26.334631,7.2675004,5.7660346
100000081,01177,청계5가.광장시장,24.232555,14.391743,11.418409
100000102,01198,원남동,28.145952,4.2809305,3.3964903
100000103,01199,창덕궁.우리소리박물관,36.122765,11.896048,9.438324
100000104,01200,안국역6번출구.인사동문화의거리,30.420097,1.9517623,1.5485282
100000105,01201,조계사.종로경찰서,31.93977,22.45062,17.812323
100000106,01202,조계사.종로경찰서,24.020704,22.66115,17.979357
100000107,01203,안국동사거리,36.596027,7.212988,5.7227845
100000108,01204,효제동.김상옥의거터,26.282995,5.0980783,4.0448155
100000109,01205,종로5가.효제초등학교,22.740683,5.1795588,4.109462
100000116,01212,종로5가역6번출구,26.500286,5.51879,4.3786077
100000117,01213,청계5가.마전교,23.64414,10.084474,8.001021
100000118,01214,동대문,27.586378,5.4539447,4.32716
100000119,01215,충신동,32.21584,5.273992,4.1843853
100000121,01217,충신동,34.217907,13.900413,11.028587
100000122,01218,연지공원앞,29.758667,1.3996322,1.1104683
100000123,01219,방송통신대.이화장,31.63668,10.253098,8.134808
100000124,01220,혜화역2번출구.마로니에공원,31.728443,10.072653,7.9916425
100000125,01221,혜화역3번출구.서울대병원입구,32.91663,10.141799,8.046503
100000126,01222,방송통신대.이화장,32.444885,6.952492,5.516107
100000127,01223,연지공원앞,30.238787,2.6356654,2.091137
100000128,01224,창경궁.서울대학교병원,30.962269,14.485215,11.492569
100000129,01225,이화동(이화장),27.063782,0.7405956,0.58758855
100000130,01226,혜화동로터리,39.514175,8.125705,6.446934
100000131,01227,명륜동2가.성균관대입구,33.38753,4.615259,3.6617465
100000132,01228,혜화역.서울연극센터(장면총리가옥),29.807114,10.624449,8.429438
100000133,01229,혜화역.동성중고(장면총리가옥),33.95143,11.061762,8.776402
100000135,01231,종로구민회관.창신동두산아파트,24.057339,5.068336,4.021218
100000139,01235,동묘앞역6번출구,20.64664,10.225819,8.113164
100000140,01236,동묘앞역5번출구,19.70032,2.1083682,1.6727793
100000142,01238,창신3동주민센터,34.09133,2.7530015,2.1842313
100000143,01239,숭인1동주민센터.창신역4번출구,33.11981,4.8738003,3.8668733
100000144,01240,동묘앞역.롯데캐슬천지인,25.446985,1.7576911,1.3945522
100000147,01243,신설동역오거리,20.65819,14.031863,11.13288
100000150,01246,구기동현대빌라,100.17049,6.7940645,5.390411
100000151,01247,광장시장,25.49812,3.5436053,2.8114965
100000153,01249,서울특별시재향군인회관,32.957798,11.622286,9.221122
100000154,01250,서울역사박물관,40.200756,18.001257,14.282198
100000155,01251,청계3가.관수교,26.659128,4.8884563,3.8785014
100000156,01252,청계6가.버들다리,34.055206,29.112644,23.097971
100000157,01253,청계7가.맑은내다리,24.849094,1.4599085,1.1582915
100000158,01254,청계8가.영도교,20.225714,5.8841424,4.6684785
100000159,01256,원남동사거리,30.192278,1.5734092,1.2483429
100000165,01262,숭인2동주민센터,21.08072,5.4329753,4.3105226
100000169,01267,조계사,35.086617,15.270659,12.115742
100000174,01272,세종문화회관,31.407064,4.038095,3.2038248
100000179,01277,이화동(이화장),26.393055,2.9649808,2.3524158
100000180,01278,상명대정문,102.87212,16.912312,13.418228
100000181,01279,이북오도청,115.15116,1.5279934,1.21231
100000188,01286,상명대입구.세검정교회,72.13237,25.18978,19.98557
100000189,01287,상명대입구.석파랑,65.51791,15.1705065,12.03628
100000190,01288,종로중부새마을금고,22.810644,7.5011325,5.9513984
100000191,01289,신설동역오거리.서울풍물시장,15.344728,15.4554615,12.2623625
100000192,01291,청계2가.삼일교,23.531149,4.0881934,3.2435727
100000193,01292,청계8가.황학교,17.75612,6.9046164,5.4781227
100000329,01762,광화문,32.361813,1.396916,1.1083132
100000330,01763,종로1가,37.727306,11.479435,9.107784
100000333,01766,종로2가,33.200314,8.711604,6.9117866
100000334,01767,종로3가역11번출구,27.819662,7.92867,6.290607
100000335,01768,종로3가,27.1243,3.8726068,3.0725262
100000336,01769,종로4가,27.395891,4.0846953,3.240797
100000338,01771,동대문종합시장.종로6가,26.243069,6.9375114,5.5042214
100000343,01777,경복궁역,41.045177,7.935617,6.2961183
100000344,01778,경복궁역7번출구,37.253242,3.7146933,2.9472377
100000345,01779,안국역,36.393597,4.528411,3.5928414
100000346,01780,안국역,38.373104,13.398588,10.63044
100000347,01781,창덕궁,36.249332,2.4724154,1.9616144
100000348,01782,성대입구,34.572483,3.3208902,2.6347942
100000355,01293,평창동삼성아파트,149.97467,23.207947,18.413185
100000360,01733,창경궁.고궁호텔.메이플레이스호텔,26.954483,5.7239723,4.5413995
100000362,13037,영천시장,41.91302,2.1478324,1.7040902
100000363,13036,영천시장,42.71677,4.0467567,3.210697
100000364,01245,동묘앞역2번출구,25.71736,9.903297,7.8572764
100000365,01037,동대문역.흥인지문,23.0361,4.7954016,3.8046715
100000366,01041,동묘앞.서울혜화경찰서,22.446987,11.143843,8.841524
100000367,01044,동묘앞.서울혜화경찰서,18.229647,2.9820344,2.365946
100000368,01169,서대문역사거리.적십자병원,40.064137,9.79345,7.7701235
100000369,01295,안국역.서울공예박물관,36.04704,7.1219506,5.6505556
100000370,01294,안국역5번출구,38.373104,13.398588,10.63044
100000371,01296,창덕궁,32.775566,6.522025,5.174575
100000376,01165,삼성강북병원.경교장,51.841583,14.001856,11.109073
100000379,01008,서울역사박물관.경희궁앞,40.820744,10.245779,8.129001
100000380,01007,서울역사박물관.경희궁앞,45.000362,16.958317,13.454729
100000384,01009,광화문역,32.785236,5.7128897,4.5326066
100000385,01010,광화문역,33.019676,15.638812,12.407833
100000386,01011,종로1가,40.23316,13.40491,10.635455
100000387,01012,종로1가,36.93585,10.429339,8.274638
100000388,01013,종로2가,32.716545,13.81391,10.959955
100000389,01014,종로2가,33.200314,8.711604,6.9117866
100000390,01015,종로3가.탑골공원,30.563103,5.7420645,4.555754
100000391,01016,종로3가.탑골공원,27.94377,6.846951,5.4323707
100000392,01017,종로4가.종묘,23.87048,6.8207617,5.4115925
100000393,01018,종로4가.종묘,23.587278,3.8162043,3.0277765
100000394,01019,종로5가.광장시장,24.365492,1.8246258,1.4476582
100000395,01020,종로5가.광장시장,24.53583,11.634746,9.231007
100000396,01021,종로6가.동대문종합시장,23.719982,1.312792,1.0415691
100000397,01022,종로6가.동대문종합시장,23.545097,3.364279,2.669219
100000398,01023,동대문역.흥인지문,27.561516,12.502922,9.919819
100000399,01901,동대문역JW메리어트동대문호텔,20.182138,2.8069499,2.227034
100000400,01918,청와대,45.171906,2.8398626,2.253147
100000401,01910,통인시장,41.300385,2.4828143,1.9698648
100000402,01911,세종문화회관,31.993004,2.908181,2.3073509
100000403,01913,인사동.탑골공원,28.4461,2.7826686,2.2077692
100000404,01914,종묘.세운상가,26.630161,1.020424,0.80960435
100000405,01915,광장시장,32.428726,18.383596,14.585545
100000406,01916,동묘.숭인동도깨비시장,22.282557,1.2282073,0.9744597
100000407,01902,대학로,30.536102,3.48741,2.766911
100000408,01903,창경궁,30.13608,5.6234603,4.461653
100000409,01904,창덕궁,34.115547,6.070167,4.8160706
100000410,01905,인사동.북촌,35.95891,12.004687,9.524519
100000411,01906,경복궁.국립민속박물관,38.93244,5.255945,4.1700673
100000412,01907,세종문화회관,31.931023,2.091772,1.659612
100000413,01297,남인사마당,27.4121,3.90086,3.0949423
100000414,01209,창덕궁.돈화문국악당,37.48535,5.5567827,4.408751
100000415,01119,영추문,41.098015,6.56799,5.211043
100000416,01601,청와대,44.932186,4.7865624,3.7976587
100000417,01602,춘추문,54.616837,14.389657,11.416754
100000418,01603,경복궁.국립민속박물관,38.822952,3.975346,3.1540396
100000419,01280,경복궁역(효자로입구),36.57389,8.760045,6.95022
103000089,04188,상원,17.060223,1.5206627,1.2064939
100000420,01604,효자로입구(가상),36.109367,3.0970263,2.4571807
100000421,01612,유림회관앞,43.404755,9.695599,7.6924877
100000422,01919,서울역사박물관.경희궁,40.200756,18.001257,14.282198
100900002,01863,경진빌라,114.007904,21.429012,17.00178
100900003,01532,혜화초등학교,38.699574,2.015574,1.5991564
100900004,01864,명륜시장.성대후문,53.55317,8.515835,6.7564635
100900005,01530,오거리.한옥마을입구,42.71099,2.5478017,2.021426
100900006,01865,완성빌라,133.98636,13.301381,10.553316
100900007,01529,삼청파출소,44.15068,0.6309531,0.5005982
100900008,01866,양현관,64.47379,10.766007,8.54175
100900009,01528,종로5가입구,32.130596,10.22624,8.1135
100900010,01868,상명대후문,136.26228,11.920832,9.457988
100900011,01526,원서고개,60.757954,3.2928076,2.6125135
100900012,01869,샘미용실.종로구청소년상담복지센터,71.89478,15.661455,12.425798
100900013,01524,창신쌍용2단지.한성대후문,95.17309,11.112707,8.816822
100900014,01870,산정빌라,112.035866,24.417389,19.372757
100900015,01523,경희궁자이2.3단지,41.65895,2.0049143,1.590699
100900016,01522,오거리,130.58133,19.283289,15.299361
100900017,01521,국민생활관,44.578842,6.2492285,4.958138
100900018,01872,구기빌라,96.04167,8.56122,6.792472
100900019,01873,마트앞,89.21143,13.778103,10.931547
100900020,01519,통인시장,46.10714,2.3321795,1.8503512
100900021,01520,양현관,68.061134,13.024642,10.333752
100900022,01874,국민은행.세검정지점,80.21973,2.4302478,1.9281586
100900024,01518,삼청동주민센터,47.49186,8.713004,6.9128976
100900025,01517,세검초등학교,78.37383,8.0443535,6.3823905
100900026,01516,빨래터.고희동미술관,43.864174,6.301074,4.9992723
100900027,01876,혜화역4번출구,33.02949,4.943652,3.9222934
100900028,01877,방송통신대앞,31.017536,8.578801,6.8064213
100900029,01513,화정박물관,88.255974,14.211383,11.2753105
100900030,01878,서울대치과대학,35.173542,5.8814106,4.6663113
100900031,01512,서울국제고등학교,50.978336,9.833818,7.8021517
100900032,01511,샘미용실.종로구청소년상담복지센터,78.10249,18.634392,14.784526
100900033,01879,효제초교.연동교회.김마리아활동터,23.058994,5.728749,4.5451894
100900034,01510,박노수미술관,50.09213,5.76671,4.5753074
100900035,01509,금융연수원,51.69177,2.202485,1.7474518
100900036,01508,화정박물관,92.78805,21.896437,17.372633
100900037,01507,인사미술공간.세탁소,42.57607,9.868307,7.829515
100900038,01883,서울대치과대학,35.606525,4.8534565,3.8507326
100900039,01506,낙산공원,115.46343,14.275779,11.326403
100900040,01503,명륜3가종점,89.96251,23.660454,18.772205
100900041,01502,수성동계곡,65.167915,8.794789,6.9777856
100900042,01887,서울대학교병원현관.암병원현관,40.171227,6.302039,5.0000377
100900043,01886,이화사거리,33.207947,9.670721,7.67275
100900044,01505,서대문역3번출구,37.906315,3.8984914,3.093063
100900045,01525,통일부,97.987755,13.504549,10.714509
100900046,01531,명륜시장.성대후문,51.892654,11.581062,9.188416
100900047,01500,평창파출소,89.66119,11.657203,9.248825
100900048,01564,가회동주민센터,41.641987,5.5326357,4.389593
100900049,01562,독립문초등학교,58.93997,15.671336,12.433638
100900050,01561,아름다운실버,168.14731,32.219097,25.56263
100900051,01558,창덕궁,33.993404,2.7040086,2.1453602
100900052,01556,북촌한옥마을입구.정세권활동터,44.5138,2.7728574,2.199985
100900053,01555,청룡사.보문파크뷰자이아파트,59.49661,10.986594,8.7167635
100900054,01553,소나무집,167.16225,33.46683,26.552582
100900056,01551,경복궁,38.470997,4.6937757,3.7240417
100900057,01550,종로3가역9번출구,30.23964,9.886149,7.843671
100900058,01548,안국선원.삼거리,50.289898,9.931712,7.8798203
100900059,01547,사우디대사관앞.북촌힐스,57.24112,10.330975,8.196595
100900060,01546,종로센트레빌후문.e편한세상보문아파트,76.651024,4.807732,3.8144546
100900061,01545,경희궁자이4단지,49.512512,5.115926,4.058975
100900062,01544,언덕앞,160.20837,31.746092,25.18735
100900063,01543,혜화우체국,39.625603,6.8239965,5.414159
100900064,01542,새마을금고,47.583523,4.36576,3.4637938
100900065,01541,광화문새마을금고,41.38235,2.6527367,2.1046813
100900066,01539,종로4가.종묘공원,22.909227,3.3063776,2.62328
100900067,01538,인왕빌딩,93.15287,4.8353047,3.8363307
100900068,01537,중앙중고,53.412987,11.260657,8.934206
100900069,01536,감사원,87.321365,6.886432,5.4636955
100900070,01535,명신초.삼선푸르지오.힐스테이트,85.43661,14.010239,11.115724
100900071,01534,영천시장,43.732616,4.4692264,3.5458841
100900072,01533,청련사입구,149.27481,13.721328,10.886501
100900073,01594,한국사회과학도서관.이회영기념관,83.550865,15.006424,11.906096
100900074,01593,감나무골공원,192.20123,14.699167,11.662319
100900075,01592,혜화역1번출구,31.69717,2.0778756,1.6485866
100900076,01591,서울대병원장례식장,45.335873,18.644093,14.792224
100900077,01590,완성빌라,132.27228,6.6414766,5.2693477
100900078,01589,낙원상가,31.876987,9.365891,7.430898
100900079,01586,힐탑,191.15585,2.7036953,2.145112
100900080,01584,상명대후문,134.37009,10.138877,8.044185
100900081,01583,수운회관,30.499592,4.495053,3.5663748
100900082,01581,행촌주차장,104.10217,12.945317,10.270815
100900083,01580,화인빌라,187.6149,25.817665,20.483736
100900085,01578,서울대어린이병원응급실.갑상선센터,39.833275,4.3465605,3.4485612
100900086,01576,헌법재판소.안국역,35.445004,1.951274,1.5481409
100900088,01574,무악현대아파트후문,88.1743,12.928726,10.257651
100900089,01573,박종화고택입구,170.9365,22.660034,17.978472
100900090,01572,이화사거리,29.724506,16.848803,13.36784
100900091,01571,산정빌라,122.2609,28.210426,22.382153
100900092,01570,아름다운가게.정독도서관,38.410835,3.75884,2.9822638
100900093,01569,쌍용아파트입구.창신역,44.79088,20.288237,16.096687
100900094,01568,린덴바움숲유치원,72.53464,18.079367,14.34417
100900095,01567,보현산신각,178.05965,25.003122,19.837477
100900096,01566,원남로터리,28.445274,6.0078363,4.7666173
100900097,01565,구기빌라,96.04167,8.56122,6.792472
100900098,01795,평창동산림제3초소,239.27606,31.149216,24.713789
100900099,01793,통인시장.종로구보건소,45.11738,1.9914242,1.579996
100900100,01792,삼청파출소,44.44078,1.986925,1.5764263
100900101,01790,종로사우나,31.11119,2.780414,2.2059805
100900102,01776,종로도서관,59.884556,20.561716,16.313665
100900103,01732,평창공원지킴터입구,234.45424,22.425766,17.792603
100900104,01729,오거리.한옥마을입구,42.71099,2.5478017,2.021426
100900105,01728,정독도서관,40.988625,3.0338998,2.4070961
100900106,01727,인사동들머리.3.1독립선언터,26.824713,12.119118,9.615308
100900107,01725,종로5가역.중부교육지원청,27.88062,9.436738,7.4871078
100900108,01724,황학정앞,75.600624,12.403143,9.840653
100900109,01723,참샘골공원,206.33014,17.756601,14.088087
100900110,01722,성균관대학교,39.97772,9.015198,7.152658
100900111,01721,광화문새마을금고,41.822002,3.3280706,2.6404912
100900112,01714,상명초등학교,88.97628,14.808867,11.749355
100900113,01699,단군성전앞,70.86649,14.649087,11.622585
100900114,01698,무애사,198.03862,24.845047,19.71206
100900115,01684,서교빌라,100.842995,16.005104,12.698449
100900116,01683,종각역.YMCA,29.719913,7.5322495,5.9760866
100900117,01682,동대문역2번출구,24.251091,7.7975206,6.186553
100900118,01667,종로문화체육센터,81.347534,25.947224,20.586527
100900119,01607,EN갤러리,211.71169,23.524532,18.664364
100900120,01597,경진빌라,111.45661,29.716303,23.576916
100900121,01596,종로2가.탑골공원,27.4121,3.90086,3.0949423
100900122,01825,창신초교,26.28086,1.2076355,0.958138
100900123,01824,교남동새마을금고,51.323395,5.2629557,4.175629
100900124,01823,형제봉입구,193.67174,27.327866,21.681929
100900125,01819,현대사거리,40.33645,2.1246243,1.6856768
100900126,01817,대신중고,56.615658,5.949782,4.720557
100900127,01816,연화정사,220.4469,46.91336,37.221058
100900128,01815,이화사거리,27.185877,7.417975,5.8854213
100900129,01814,삼청공원삼거리.옥호정터,53.0864,5.445321,4.3203177
100900131,01812,재동초등학교,37.220997,1.9513366,1.5481905
100900133,01810,카센터.사직터널앞,62.1217,21.425737,16.99918
100900134,01809,감람산기도원,250.84879,53.557045,42.49216
100900135,01807,금융연수원,51.439026,18.657461,14.802829
100900137,01804,충신시장,27.030977,5.798264,4.6003428
100900138,01803,사직공원.경복궁역입구,45.56226,3.6909993,2.9284387
100900139,01802,김창열.윤명로화실,240.2123,27.674194,21.956705
100900140,01801,박노수미술관,50.142784,4.011181,3.182471
100900141,01800,삼청동주민센터,46.162846,4.8500896,3.8480608
100900142,01799,상명대입구,66.49921,14.978099,11.883623
100900143,01797,대학로입구.이화사거리,26.638432,4.3571362,3.4569519
100900144,01798,운현궁,31.008352,10.617048,8.423566
100900145,01796,배화여중고,53.216946,12.231805,9.704714
100900147,01851,감사원,85.308235,16.186152,12.8420925
100900148,01850,청룡사.보문파크뷰자이아파트,57.47309,13.857286,10.994371
100900149,01849,강북삼성병원,59.52797,3.5418675,2.8101177
100900151,01847,혜화초등학교,39.572742,2.5142934,1.9948404
100900152,01846,상명대입구,60.982216,19.569656,15.526566
100900153,01845,사우디대사관.북촌힐스,56.96889,17.878143,14.184518
100900154,01843,서울시교육청,57.35416,4.690738,3.7216318
100900155,01842,김종영미술관,169.17863,33.106262,26.26651
100900156,01840,세검정교회,77.602394,34.368122,27.26767
100900157,01839,안국선원.삼거리,53.1781,17.375002,13.785327
100900159,01837,스위스대사관,62.29099,19.371605,15.3694315
100900160,01836,보현빌라,205.40099,28.705975,22.77532
100900161,01835,하림각,81.34272,14.18566,11.254903
100900162,01833,북촌한옥마을입구.정세권활동터,46.847813,9.232995,7.325458
100900163,01832,숭인1동주민센터,36.20654,11.37931,9.028344
100900164,01831,월암공원,59.34945,29.995907,23.798752
100900165,01830,지구촌교회,196.86584,35.566128,28.218166
100900166,01829,석파정.서울미술관,89.33838,17.05914,13.534721
100900167,01827,볼링장,50.978355,12.31715,9.772428
100900168,01826,가회동주민센터,41.641987,5.5326357,4.389593
100900169,01862,새마을금고,49.128746,5.480781,4.3484516
100900170,01861,상명초등학교,88.97628,14.808867,11.749355
100900171,01858,서울국제고등학교,54.566593,15.140568,12.0125265
100900172,01856,통일부,98.39879,4.890164,3.879856
100900173,01855,종로센트레빌후문.e편한세상보문아파트,76.651024,4.807732,3.8144546
100900174,01540,국립민속박물관,38.93244,5.255945,4.1700673
100900177,01685,경복궁역,40.29671,1.361162,1.0799459
100900178,01501,삼청공원,55.693752,2.0566945,1.6317815
100900179,01720,법련사,37.916775,4.0611324,3.2221026
100900180,01791,홍지파크,97.53473,13.333711,10.578966
100900181,01821,부암동주민센터.무계원,99.68232,12.476859,9.899139
100900182,01549,구기터널입구,99.16689,16.973698,13.466932
100900184,01577,청구빌라,131.79753,9.5514345,7.578108
100900186,01554,독립문역3번출구,49.83795,5.6933284,4.5170865
100900187,01587,성결교신대원총회본부,93.722244,9.370633,7.4346604
100900188,01514,적십자병원후문앞,40.531967,3.5978248,2.8545141
100900189,01805,안국역2번출구앞,35.289948,1.2540448,0.9949592
100900191,01794,종로5가역.광장시장,25.194916,11.767239,9.336127
100900192,01702,동대문종합시장,22.938684,0.60745645,0.48195595
100900197,01504,명륜새마을금고,50.843746,9.689113,7.687342
100900198,01598,성대입구,33.38753,4.615259,3.6617465
100900199,01697,성대입구,35.4515,3.3604724,2.6661987
100900200,01841,혜화동로터리,36.03206,5.9045486,4.684669
100900201,01852,국민생활관,45.692898,4.910812,3.896238
100900202,01515,서울성곽.성대후문,144.30345,28.610954,22.69993
100900203,01860,성대후문.와룡공원,144.30345,28.610954,22.69993
100900204,01881,성균관대학교,119.13566,23.684498,18.79128
100900205,01595,동묘앞역8번출구,22.01132,14.414869,11.436757
100900206,01563,종로센트레빌아파트,42.65728,21.080149,16.724989
100900207,01582,창신초등학교,32.4065,12.517786,9.931611
100900210,01844,창신쌍용1단지.종로센트레빌아파트,42.65728,21.080149,16.724989
100900211,01888,종각.공평유적전시관,31.67772,14.819864,11.7580805
100900213,01889,조계사,37.298943,5.3691034,4.2598467
100900215,01820,교남동주민센터,51.33764,9.95271,7.89648
100900217,01557,종로1.2.3.4가동주민센터,32.185352,4.4657226,3.5431044
100900218,01615,성균관대정문,39.351234,8.616913,6.836659
100900219,01616,600주년기념관,58.620956,22.74271,18.044065
100900220,01617,성균관대운동장,75.41254,20.50186,16.266176
100900221,01618,학생회관,61.13406,19.441269,15.424703
101000001,02001,명동성당.남대문세무서,34.596146,7.0455084,5.589906
101000002,02002,국가인권위.안중근활동터,36.47812,2.8881202,2.2914345
101000003,02003,서울역버스환승센터,30.752682,7.649923,6.069449
101000004,02004,서울역버스환승센터,31.933422,20.68112,16.408401
101000005,02005,서울역버스환승센터,36.190395,22.977455,18.230312
101000006,02006,서울역버스환승센터,38.105835,33.492958,26.573313
101000007,02007,서울역버스환승센터.강우규의거터,38.105835,33.492958,26.573313
101000008,02008,숭례문,39.83242,23.86544,18.93484
101000009,02101,만리동고개,60.6084,5.846615,4.6387043
101000010,02102,손기정체육공원입구,41.515553,5.930535,4.7052865
101000011,02103,서울의료보건고등학교.서울역서부,26.638979,1.4657708,1.1629426
101000012,02104,서울역서부,28.70127,12.099757,9.599947
101000013,02105,서울역서부,28.003002,14.133721,11.213695
101000014,02106,중림동교차로,38.907738,17.980894,14.266041
101000015,02107,중림동.충정로역2호선,47.48901,5.8632483,4.6519012
101000016,02108,한국경제신문사.서소문역사공원,44.164867,2.8295913,2.2449977
101000017,02109,한국경제신문사.서소문역사공원,38.807926,17.285833,13.714581
101000018,02110,경찰청.동북아역사재단,35.90277,8.738014,6.9327407
101000020,02113,농협은행.유관순활동터,35.264904,10.014094,7.9451823
101000021,02116,염천교,41.85595,17.33804,13.7560005
101000022,02117,숭례문,33.029427,7.3337054,5.818562
101000023,02118,숭례문.한국일보,40.053577,17.624897,13.983593
101000025,02120,후암삼거리,48.503235,7.8442173,6.223602
101000026,02121,숭례문,42.51736,16.94804,13.446574
101000027,02122,숭례문,42.04394,19.9643,15.839676
101000028,02123,숭례문.서울역4번출구,32.372192,7.9691243,6.3227034
101000029,02124,숭례문.남대문시장8번출입구,43.574738,11.2458315,8.922442
101000030,02125,숭례문남산방향,52.46883,11.552003,9.165359
101000031,02126,남대문시장.신세계앞,33.08962,10.89378,8.643125
101000032,02127,북창동.남대문시장,39.600178,1.0239367,0.8123914
101000033,02128,소공동주민센터,31.49253,13.706692,10.874888
101000034,02131,삼성본관앞,36.626026,2.9646077,2.3521197
101000035,02132,시청역8번출구,36.341904,15.732037,12.481797
101000036,02133,시청역9번출구.시청서소문2청사,40.262066,12.069844,9.576214
101000037,02134,시청역11번출구,40.20124,15.555436,12.341683
101000038,02135,시청.서소문청사,41.489197,5.961125,4.7295566
101000039,02137,서울신문사,39.022198,20.330484,16.130205
101000040,02139,우리은행종로지점,32.114796,2.6759682,2.1231132
101000041,02140,롯데백화점,33.959126,9.386157,7.446977
101000042,02141,해운센터.롯데영플라자,37.770016,14.867607,11.795959
101000043,02142,명동.롯데영플라자,43.285103,11.5074415,9.130004
101000045,02144,신세계백화점,46.56683,0.14333797,0.11372434
101000046,02145,남대문시장.회현역,45.559296,7.0178957,5.5679984
101000047,02146,남대문시장.회현역,46.633774,7.560834,5.9987655
101000048,02147,남산3호터널,45.716183,10.478822,8.313897
101000049,02148,남산3호터널.정화예술대학교,50.750412,14.008771,11.114558
101000050,02149,명동역4번출구,43.38255,7.2240124,5.7315316
101000051,02150,퇴계로2가.명동역5번출구,39.063118,11.604605,9.207093
101000052,02151,충무로역.한옥마을.한국의집,39.165844,4.931949,3.9130087
101000053,02152,충무로역.한옥마을.한국의집,41.750454,19.671068,15.607025
101000054,02153,충무로역2번출구,38.056225,7.7705083,6.165121
101000055,02154,충무로역8번출구,36.054653,9.446997,7.495247
101000056,02155,초동,34.21375,5.9462924,4.717788
101000057,02156,을지로입구.로얄호텔,30.298481,14.254277,11.309343
101000058,02157,을지로입구.시청입구,29.460512,8.423339,6.683077
101000059,02158,을지로2가.기업은행본점.서울노동청,31.89097,10.616769,8.423344
101000060,02159,을지로2가.파인에비뉴,29.190086,3.742122,2.9689996
101000061,02160,을지로3가,28.112942,4.074079,3.2323742
101000062,02161,을지로3가,31.366577,8.672921,6.881096
101000063,02162,을지로4가,25.448551,5.1578197,4.092214
101000064,02163,을지로4가.베스트웨스턴국도,27.729118,3.4990861,2.7761748
101000065,02164,중구청앞.덕수중학교,29.392548,4.728341,3.7514658
101000066,02165,방산시장.을지로4가역6번출구,27.875101,5.0612335,4.0155826
101000067,02166,을지로5가.중부시장,29.430832,4.5250454,3.5901709
101000068,02167,방산시장.훈련원종합체육관,26.774246,4.751308,3.7696877
101000069,02168,을지로5가,31.782934,5.6607594,4.491246
101000070,02169,을지로6가.국립중앙의료원,26.716671,5.6375837,4.472859
101000071,02170,동대문역사문화공원역8번출구,22.034279,13.761142,10.91809
101000072,02171,동대문역사문화공원역9번출구,18.563654,3.6448958,2.8918605
101000073,02172,을지로6가.국립중앙의료원,21.828833,10.072033,7.991151
101000074,02173,동대문역사문화공원,26.098621,12.849216,10.194569
101000075,02174,동대문역사문화공원,27.898985,18.437536,14.628342
101000077,02177,충무아트센터.스포츠센터.중부소방서,25.728506,11.477298,9.106089
101000078,02178,충무아트센터.스포츠센터.중부소방서,26.168087,5.579382,4.4266815
101000079,02179,성동공업고등학교(무궁화회관),23.820887,6.3088145,5.0054135
101000080,02180,성동공업고등학교앞,19.194107,9.155244,7.2637706
101000081,02181,신당역1번출구.서울중앙시장,27.307447,2.333284,1.8512274
101000082,02182,신당역4번출구.서울중앙시장,25.834219,2.037021,1.6161724
101000083,02183,성동고등학교,30.781126,4.30912,3.418856
101000084,02184,성동고등학교,29.287186,2.5107393,1.9920206
101000085,02187,신당동떡볶이타운.중구여성플라자,26.632515,7.89455,6.2635355
101000086,02188,신당동떡볶이타운.중구여성플라자,27.094427,7.4536843,5.913753
101000087,02189,청구초등학교.청구역,31.381325,7.250837,5.752814
101000088,02190,장충초등학교.청구역,31.31023,4.302078,3.4132686
101000089,02191,약수역2번출구.가온도서관,35.552193,2.6070733,2.068452
101000090,02192,약수역3번출구.약수하이츠,36.24803,8.923462,7.0798745
101000091,02193,약수역4번출구.금호터널입구,41.615715,10.084803,8.001283
101000092,02194,약수역5번출구.금호터널입구,49.907078,11.862544,9.411742
101000093,02195,약수역8번출구.신당사회복지관,44.99901,1.8239685,1.4471366
101000094,02196,약수역7번출구.약수동주민센터,45.262127,11.608915,9.210514
101000095,02197,송도병원앞,60.224182,23.363483,18.536589
101000096,02198,송도병원앞,55.502754,5.6333294,4.4694834
101000097,02201,장충체육관앞,49.233032,8.489306,6.7354155
101000098,02202,장충체육관앞,50.10554,7.282332,5.777802
101000099,02203,장충동.동국대입구,33.03589,8.023966,6.3662143
101000100,02204,장충동.동국대입구,30.963728,4.2586784,3.3788357
101000101,02205,퇴계로6가,32.275566,10.203177,8.0952015
101000102,02206,퇴계로6가.광희동주민센터,30.800085,3.5690196,2.8316603
101000103,02207,퇴계로5가.충무초등학교,32.909187,6.51644,5.1701436
101000104,02208,퇴계로5가.중구청,35.558544,10.120556,8.029649
101000105,02209,국립극장.반얀트리호텔,90.93086,4.687465,3.719035
101000106,02210,국립극장.반얀트리호텔,91.28909,3.67582,2.9163957
101000107,02211,청구역2번출구,32.733665,3.9052765,3.0984464
101000108,02212,청구역3번출구,29.29517,6.6208816,5.2530074
101000109,02213,동화동.청구이편한세상,49.4146,23.561438,18.693645
101000110,02214,청구동.신당동삼성아파트,56.133945,15.961551,12.663895
101000111,02215,백범광장,92.17359,32.914738,26.114552
101000113,02218,남대문경찰서.서울역10번출구,37.044537,19.610786,15.559197
101000114,02219,남대문시장앞.이회영활동터,48.605305,22.3602,17.740583
101000115,02220,남산케이블카.남산산책로입구,98.59459,26.474865,21.005157
101000117,02222,동대입구역.장충동,36.162525,12.633432,10.023366
101000119,02224,청계1가.광교,32.9449,14.848773,11.781016
101000120,02225,청계2가.삼일교,25.062864,5.2196903,4.141302
101000121,02226,청계4가.배오개다리,27.262785,13.691085,10.862507
101000122,02227,청계5가.방산시장,26.92723,17.471682,13.862033
101000123,02228,청계6가.평화시장,27.353403,10.170861,8.069561
101000124,02229,청계7가.동평화.청평화시장,33.797,15.499828,12.297564
101000125,02230,청계8가.영도교,24.67295,3.7666318,2.9884458
101000128,02233,신한은행본점,31.775478,15.168206,12.034454
101000130,02235,광희동.동대문역사문화공원역,34.11231,14.010483,11.115917
101000131,02236,버티고개,82.15507,34.502373,27.374184
101000132,02237,버티고개,79.740776,20.310509,16.114357
101000135,02240,청계3가.관수교,24.381912,3.7710123,2.9919212
101000136,02241,청계6가.오간수교,26.270699,7.981327,6.332385
101000137,02242,충무로역7번출구,36.56318,3.6382418,2.886581
101000141,02246,을지로입구역.광교,32.65437,11.333875,8.992296
101000147,02252,신당파인힐하나유보라,28.956972,7.594979,6.025856
101000148,02253,명동입구,37.881786,20.252563,16.068384
101000149,02254,남산북측순환로입구,123.04745,21.161917,16.789865
101000150,02255,신당동삼성아파트.금호여중,60.476063,17.67851,14.026131
101000151,02256,신당동대우푸르지오.금호여중,76.86068,31.81912,25.24529
101000152,02257,황학동주민센터,24.156328,8.321213,6.6020503
101000153,02258,신당초등학교앞,34.684834,8.980916,7.1254587
101000154,02259,금호베스트빌.래미안하이베르,66.74772,3.3160708,2.6309705
101000155,02260,금호베스트빌.래미안하이베르,69.788956,21.100367,16.74103
101000156,02261,신당초등학교,34.43619,6.694133,5.3111253
101000163,02272,방산종합시장,26.716343,3.1872008,2.528725
101000164,02273,황학동롯데캐슬,19.707045,4.138025,3.283109
101000165,02274,광희문.광희동사거리,30.31362,9.034011,7.167584
101000166,02275,광희문.광희동사거리,32.60172,3.3417773,2.6513662
101000168,02277,황학동롯데캐슬,8.427651,4.3247676,3.4312706
101000173,02605,남대문시장,34.846165,2.7808027,2.2062888
101000226,02661,광화문,35.872776,20.057722,15.913796
101000227,02662,시청.덕수궁,38.256645,10.366155,8.224507
101000229,02664,바비엥스위트,34.6226,7.6200213,6.045725
101000230,02665,서울역,33.120396,3.1297295,2.4831274
101000234,02669,명동역.세종호텔,39.739494,3.619648,2.8718288
101000244,02679,충무로역.호텔피제이,35.07034,3.9736433,3.1526885
101000245,02680,남대문시장,50.837395,24.850353,19.71627
101000246,02681,이비스엠버서더호텔,34.966633,23.481117,18.62992
101000247,02682,프레이저플레이스,35.90277,8.738014,6.9327407
101000248,13683,바비엥스위트,38.09088,9.800702,7.7758775
101000250,02685,서울역,28.433481,9.785469,7.763791
101000252,05118,신성시장앞,26.894913,3.2145216,2.5504014
101000254,02278,한국은행앞,34.846165,2.7808027,2.2062888
101000255,02688,토요코인호텔.이비스버젯호텔,32.5845,6.7790265,5.3784795
101000256,02687,을지로코업레지던스,25.158922,12.089507,9.591815
101000257,02686,아카시아호텔.웨스턴코업레지던스,24.172245,3.5822816,2.8421822
101000258,02279,서울기동대.광희초등학교,29.293367,13.485304,10.69924
101000261,02280,동대문역사문화공원동문,15.821638,12.6946,10.071896
101000262,02281,서대문역사거리.농협중앙회,42.324673,10.0943,8.008818
101000263,02282,서울역9번출구.서울스퀘어빌딩앞,52.884098,18.933266,15.021653
101000264,02283,북창동.남대문시장,37.57675,11.461624,9.093653
101000265,02285,남산공원.구힐튼호텔,51.104805,16.95621,13.453055
101000266,02284,남산공원.구힐튼호텔,55.89236,21.443665,17.013403
101000268,02695,숭례문라마다&스위트호텔,38.6074,5.4149475,4.2962193
101000269,02694,서울역,41.40175,4.837811,3.8383193
101000270,02693,남산밀레니엄힐튼호텔,71.66379,6.738369,5.346222
101000271,02692,약수역,44.99901,1.8239685,1.4471366
101000273,02652,동국대입구.앰배서더호텔,49.054523,13.1613035,10.442179
101000275,02643,광화문코리아나호텔,43.057587,7.179402,5.6961374
101000276,02649,서소문KAL빌딩,39.318455,11.650652,9.243627
101000277,02639,을지로입구역롯데호텔,37.084305,14.224468,11.285693
101000279,02699,시청역더플라자호텔,37.107235,22.869324,18.144522
101000286,02706,시청.서울신문사,39.022198,20.330484,16.130205
101000287,02708,프레이저플레이스남대문,31.775478,15.168206,12.034454
101000288,02707,프레이저플레이스남대문,38.670868,12.606113,10.001691
101000289,02709,동대문역사문화공원,32.945786,12.904125,10.238133
101000290,02286,시청앞.덕수궁,38.256645,10.366155,8.224507
101000292,02287,남대문세무서.국가인권위원회,33.631557,8.402466,6.666517
101000293,02288,장충문화체육센터.권기옥활동터,51.140472,11.443041,9.078909
101000294,02199,약수역1번출구,42.50559,11.775116,9.342378
101000295,02223,약수역10번출구,40.763084,4.4055157,3.495336
101000296,02711,동대문디자인플라자DDP,30.048069,11.159778,8.854168
101000297,02710,광희동더스프라지르서울동대문,18.510374,10.327171,8.193578
101000298,02640,소공동웨스틴조선호텔,44.1517,5.0267897,3.988255
101000299,02712,베이튼호텔,26.737207,10.318873,8.186995
101000300,02111,장충동써미트호텔,31.943731,12.018903,9.535798
101000301,02641,서울광장,35.598167,20.836739,16.531868
101000303,02100,서울시청,34.850216,0.51357,0.40746644
101000304,13047,서대문역사거리,44.786522,12.959785,10.282294
101000305,01006,서대문역사거리,37.361046,1.6523166,1.310948
101000307,01237,청계2가교차로,26.455042,6.001638,4.761699
101000308,02920,동대문디자인프라자,30.048069,11.159778,8.854168
101000309,02921,방산.중부시장,27.875101,5.0612335,4.0155826
101000310,02922,을지로3가,27.444508,6.5317917,5.1823235
101000311,02923,을지로입구,33.20211,10.300875,8.172714
101000312,02925,명동입구,30.997444,24.049963,19.081242
101000313,01912,종각역,28.404802,9.916422,7.8676887
101000314,02926,신당동중앙시장,26.545677,1.1015279,0.87395227
101000315,02927,남산오르미,47.344032,14.9332,11.848001
101000316,02901,광화문,33.520836,5.852858,4.643657
101000317,02902,덕수궁,38.256645,10.366155,8.224507
101000318,02903,남대문시장,35.249714,10.537826,8.360711
101000319,02904,명동,41.001568,5.763421,4.572698
101000320,02905,남산골한옥마을,35.517693,8.305331,6.58945
101000321,02906,앰버서더호텔,53.344624,5.0831714,4.0329885
101000322,02907,신라호텔,36.162525,12.633432,10.023366
101000323,03904,남산서울타워,239.31029,8.589064,6.8145633
101000324,02908,동대문디자인플라자.동대문시장,19.29866,7.230864,5.7369676
101000328,02289,남산1호터널,79.234085,38.60922,30.632555
101000329,02099,숭례문(가상),35.57107,5.9658613,4.7333145
101000331,02291,남산예장버스환승주차장,55.368717,5.3992753,4.283785
101000332,13041,경찰청.동북아역사재단,37.896744,17.67592,14.024075
101000333,02136,광교,33.21844,8.94679,7.098383
101000334,02143,명동입구B,34.966633,23.481117,18.62992
101000335,02234,퇴계로2가.명동역7번출구,43.561787,5.6703424,4.4988494
101000336,14526,형제식당,55.211136,11.597739,9.201646
101000337,02138,명동성당,36.44836,6.6453223,5.2723985
101000338,02247,청계광장,27.520926,5.322008,4.2224813
101000339,14967,삼성래미안공덕2차201동앞,51.269863,13.792361,10.94286
101000340,00000,서울역(가상),35.49466,11.369094,9.02024
101000341,00000,서울스퀘어(가상),35.14637,9.729153,7.71911
101900001,02518,응봉근린공원.금호산,114.698685,14.491778,11.497777
101900003,02516,한국경제신문사,35.35327,14.300971,11.346391
101900004,02513,염천교,35.09099,10.7618885,8.538482
101900005,02510,신당역하나은행,27.74621,8.254567,6.5491734
101900006,02507,시청역1호선.서울시청,30.914896,6.939399,5.505719
101900007,02506,숭례문앞,37.14477,10.387277,8.241265
101900009,02502,조선일보,35.872776,20.057722,15.913796
101900010,02501,약수역.3.6호선,40.321457,6.612089,5.2460313
101900011,02503,시청역,32.920467,9.746888,7.7331815
101900012,02505,서울역,30.09276,12.882086,10.220647
101900013,02515,서울역서부,28.100039,14.928198,11.844032
101900018,02524,약수지구대,46.25624,7.676555,6.0905786
101900019,02523,약수시장.남산타운동문,55.92425,14.5955715,11.580127
101900020,02522,중구청소년센터.남산타운2상가,54.853558,11.528076,9.146376
101900021,02521,중구청소년센터.남산타운2상가,61.419502,18.847626,14.953707
101900022,02520,서울방송고등학교.남산타운아파트,95.2656,4.9424405,3.9213324
101900023,02519,서울방송고등학교.남산타운아파트,95.2656,4.9424405,3.9213324
101900026,14540,아현실버복지관,49.97637,10.859019,8.615546
101900027,14700,아현1동경로당,65.97168,25.222301,20.011374
102000001,03001,한강대교북단.LG유플러스,16.838617,14.303734,11.348582
102000002,03002,한강대교북단.LG유플러스,8.979701,9.435295,7.485963
102000003,03003,신용산역,12.645875,5.210049,4.133653
102000004,03004,신용산역,14.932399,8.458977,6.7113523
102000005,03005,용산우체국,16.046726,8.32629,6.6060786
102000006,03006,용산우체국,22.021275,13.180319,10.457265
102000007,03007,삼각지역.전쟁기념관,12.843284,2.3671885,1.8781272
102000008,03008,삼각지역.전쟁기념관,13.958101,2.635092,2.090682
102000009,03009,숙대입구역,22.21696,5.770559,4.5783615
102000010,03010,숙대입구역,19.33388,5.222483,4.1435184
102000011,03011,갈월동,31.365435,20.994354,16.65692
102000012,03012,갈월동,23.56268,6.31861,5.0131855
102000018,03110,남영역.민주화운동기념관,19.619547,7.6370854,6.0592637
102000019,03111,남영역.민주화운동기념관,17.99646,7.905776,6.272443
102000026,03119,신용산역3번출구,12.046022,1.3664167,1.084115
102000029,03122,한강대교북단,13.3524685,3.1567028,2.504528
102000030,03124,서계동.서울역공항철도15번출구,30.16782,5.4018583,4.2858343
102000031,03125,서계동,34.19289,13.606606,10.795481
102000032,03126,청파동,24.35578,3.5777185,2.838562
102000033,03127,청파시장,23.959011,8.357558,6.630887
102000034,03128,숙대입구역.청파동주민센터,21.16499,8.061377,6.3958964
102000035,03129,숙대입구역.청파동주민센터,20.947006,7.977985,6.3297334
102000036,03130,남영역.민주화운동기념관,18.391794,4.1639137,3.3036492
102000037,03131,남영역.민주화운동기념관,18.48572,5.234762,4.15326
102000038,03132,용산전자상가17동,23.12216,3.8400867,3.0467248
102000039,03133,용산전자상가19동,20.629326,4.955906,3.932016
102000040,03134,용산전자상가10동,18.98895,2.601962,2.0643966
102000041,03135,용산전자상가12동,18.98895,2.601962,2.0643966
102000042,03136,용산전자상가.전자랜드,14.83681,16.060316,12.742255
102000043,03137,용산전자상가.전자랜드,15.65138,3.213762,2.5497987
102000044,03138,원효대교북단,21.46129,5.1029696,4.048696
102000045,03139,용산경찰서,22.193537,8.198102,6.5043736
102000046,03140,용산경찰서,15.66874,13.08405,10.380885
102000047,03141,용산꿈나무종합타운.원효로우체국,22.077705,7.7615333,6.1580005
102000048,03142,용산e편한세상,17.857027,2.9698017,2.3562405
102000049,03143,남정초등학교,17.673494,8.57145,6.800588
102000050,03144,원효로2가,19.18175,7.559432,5.9976535
102000051,03145,원효로2가사거리,16.452496,2.8096557,2.2291808
102000052,03146,원효로3가,15.096375,2.6194212,2.078249
102000053,03147,원효로3가,16.695282,6.2672625,4.972446
102000054,03148,용암초등학교입구.이태원주공아파트,57.015682,6.7649665,5.3673244
102000055,03149,이태원동남산대림아파트.용산동아파트,40.050785,11.821842,9.37945
102000056,03150,용산한신아파트,36.926327,10.538869,8.361538
102000057,03151,해방촌,31.075699,9.796951,7.7729015
102000058,03152,국군재정관리단,37.429825,11.755708,9.326979
102000059,03153,용산구청,27.556917,7.8965797,6.2651463
102000060,03154,용산구청,25.391014,14.647056,11.620975
102000061,03155,한강중학교,19.324764,6.0771284,4.8215938
102000062,03156,한강중학교,29.51059,6.3326063,5.02429
102000063,03157,서빙고역1번출구,17.32285,8.142494,6.460255
102000064,03158,장충단로입구,64.29465,13.538313,10.741298
102000065,03159,남산맨션아파트.남산예술원,59.352543,19.854185,15.752311
102000066,03160,서울중부기술교육원.블루스퀘어,49.675026,14.403545,11.4277725
102000067,03161,서울시중부기술교육원.블루스퀘어,44.4711,9.357203,7.424004
102000068,03162,순천향대학병원,28.970482,23.257555,18.452543
102000069,03163,순천향대학병원,21.59988,13.455857,10.675877
102000070,03164,순천향대학병원,18.33922,3.3732564,2.6763418
102000071,03165,순천향대학병원.한남오거리,18.176413,5.168882,4.100991
102000072,03166,한남오거리,17.673119,10.5365505,8.359699
102000073,03167,남산도서관.용산도서관,107.62603,29.598728,23.483631
102000074,03168,남산도서관.용산도서관,100.380554,29.50025,23.405499
102000075,03169,후암약수터,111.20028,38.59906,30.624495
102000076,03170,후암약수터,90.77591,34.933693,27.71639
102000077,03171,용산2가동주민센터.보성여중고,109.51908,28.969086,22.984072
102000078,03172,용산2가동주민센터.보성여중고,99.55312,21.681284,17.201931
102000079,03173,남산야외식물원입구,101.1612,27.262974,21.630444
102000080,03174,남산야외식물원입구,91.59101,30.392923,24.113745
102000081,03175,하얏트호텔,108.31043,23.66676,18.777208
102000082,03176,하얏트호텔,105.61168,6.35216,5.0398035
102000083,03177,용마루고개(서울자동차고등학교),31.49664,17.726357,14.064092
102000084,03178,용마루고개.효창파크푸르지오아파트,28.355629,14.212952,11.276556
102000085,03179,효창공원앞역.이봉창역사울림관,15.520352,10.849797,8.608229
102000086,03180,효창공원앞역.이봉창역사울림관,16.770628,4.4497533,3.5304344
102000087,03181,용산꿈나무종합타운.보건분소,24.803728,11.642853,9.237439
102000088,03182,용산꿈나무종합타운.보건분소,23.324274,8.415807,6.6771016
102000089,03183,원효로제1동주민센터,20.674953,0.9673053,0.76746005
102000090,03184,전쟁기념관,18.503304,7.783663,6.175558
102000091,03185,전쟁기념관,17.184555,6.156022,4.8841877
102000092,03186,녹사평역,37.900978,16.76782,13.303589
102000093,03187,녹사평역,46.10929,19.515371,15.483495
102000094,03188,용산구청.이태원시장,55.179688,9.033809,7.1674237
102000095,03189,용산구청.이태원시장,54.802315,1.869308,1.4831089
102000096,03190,이태원역1번출구.해밀턴호텔,55.55442,11.999793,9.520636
102000097,03191,이태원역4번출구.해밀턴호텔,54.09582,4.826033,3.8289747
102000098,03192,이태원119안전센터,64.50409,23.671991,18.781357
102000099,03193,이태원119안전센터,70.73161,11.916629,9.454653
102000100,03194,한남동주민센터,49.517284,6.601714,5.2378
102000101,03195,한남동주민센터,45.849854,14.701696,11.664326
102000102,03196,한강진역.블루스퀘어,52.69014,12.07294,9.5786705
102000103,03197,한강진역.블루스퀘어,52.674637,6.312088,5.008011
102000104,03198,서울역11번출구,35.399303,16.186792,12.842601
102000105,03199,후암삼거리,58.57782,2.1452122,1.7020113
102000106,03200,후암시장,42.88904,10.666483,8.462788
102000107,03201,후암시장,42.4136,10.808047,8.575105
102000108,03202,용산중고,31.952713,7.7952795,6.184775
102000109,03203,용산중고,32.792522,6.5181565,5.1715055
102000110,03204,후암동종점.용산중학교,37.15531,2.9244363,2.320248
102000111,03205,용산고등학교,26.951597,4.4531326,3.5331154
102000112,03206,남영동주민센터,23.879866,3.729694,2.959139
102000113,03207,남영동주민센터,23.334661,1.4277438,1.1327718
102000114,03208,남영우체국,22.066635,1.367288,1.0848063
102000115,03209,갈월동사회복지관.남영우체국,23.339222,5.9378686,4.711105
102000116,03210,한남시범아파트,60.677303,16.19115,12.846059
102000117,03211,한남시범아파트,60.10061,15.39789,12.216686
102000118,03212,한남동,24.195055,9.3198805,7.394393
102000119,03213,한남동,27.4043,12.985018,10.302313
102000120,03214,이촌동동부센트레빌,19.13961,4.074562,3.2327576
102000121,03215,이촌동두산위브트레지움.한강대우아파트,20.343191,5.389001,4.2756333
102000122,03216,이촌1동충신교회앞,19.328957,3.7615538,2.9844167
102000123,03217,이촌동한가람아파트.이촌역,18.101414,7.026356,5.5747113
102000124,03218,이촌동한강맨션.이촌역,22.175783,6.996635,5.5511303
102000125,03219,신용산초등학교,16.907427,6.2097516,4.926817
102000126,03220,신용산초등학교.중경고등학교,19.72521,1.415732,1.1232418
102000127,03221,중경고등학교.이촌동강촌아파트,18.846308,6.1731596,4.8977847
102000128,03222,이촌동점보아파트,20.203125,7.11593,5.6457787
102000129,03223,이촌동현대아파트,20.908802,15.087649,11.970541
102000130,03224,금강병원.반도아파트,17.699297,3.49745,2.774877
102000131,03225,서빙고신동아아파트,19.15339,2.557086,2.0287921
102000132,03226,서빙고신동아아파트,21.055101,10.355103,8.215738
102000133,03227,만리동고개,60.6084,5.846615,4.6387043
102000134,03228,손기정체육공원,39.431587,10.285136,8.160227
102000135,03229,숙대입구역,20.91864,1.5886222,1.2604129
102000136,03230,남영역.민주화운동기념관,18.312601,3.7028348,2.9378293
102000137,03231,숙명여대도서관앞,33.03149,6.7690144,5.370536
102000138,03232,숙명여대도서관앞,39.669098,19.56419,15.522228
102000139,03233,숙명여대정문,46.565746,14.73806,11.693177
102000140,03234,숙명여대정문,43.771416,14.441901,11.458204
102000141,03235,숙명여대후문.이봉창활동터,60.77475,9.868089,7.8293414
102000142,03236,효창공원후문,62.023067,10.322227,8.189654
102000143,03237,한겨레신문사입구,70.84943,5.5075264,4.3696713
102000144,03238,대한노인회중앙회,58.455055,4.6393332,3.680847
102000145,03239,효창운동장.효창동주민센터,29.13354,15.027574,11.922877
102000146,03240,효창동주민센터.금양초등학교,28.527308,12.776874,10.137172
102000147,03241,금양초등학교,27.192778,13.241331,10.505672
102000148,03242,효창공원역,15.768324,3.837142,3.0443883
102000149,03243,도원삼성래미안아파트,32.335835,13.324016,10.571274
102000150,03244,도원삼성래미안아파트,35.04284,10.267183,8.145984
102000151,03245,중앙하이츠빌라앞,16.231775,7.288669,5.78283
102000152,03246,중앙하이츠빌라앞,16.762138,4.049163,3.2126057
102000153,03247,용문시장,14.35697,3.4835556,2.763853
102000154,03248,용문시장,15.024629,5.6511874,4.483652
102000155,03249,용산전자상가입구,13.240918,1.3895129,1.1024395
102000156,03250,용산전자상가입구,14.439482,0.17755514,0.14087225
102000157,03251,신용산지하차도,16.575333,10.125968,8.033943
102000158,03252,신용산지하차도,15.192221,10.091319,8.006453
102000159,03253,신용산역5번출구,11.608288,4.1170754,3.2664878
102000161,03255,용산역,10.8228,5.7884645,4.592568
102000162,03256,용산푸르지오써밋,13.626789,13.105846,10.398179
102000163,03257,용산푸르지오써밋,18.451908,16.94925,13.447534
102000164,03258,용산역광장앞,12.76257,4.804072,3.8115506
102000165,03259,용산역사박물관.용산철도고등학교,16.844566,4.9186425,3.9024508
102000166,03260,용산역사박물관.용산철도고등학교,19.614319,24.260624,19.248379
102000167,03261,용산세무서,14.699491,8.436538,6.6935487
102000168,03262,용산세무서,11.973437,1.1295966,0.8962219
102000169,03263,이촌역,16.989243,2.523314,2.0019972
102000170,03264,이촌역,16.709785,5.944089,4.71604
102000171,03265,국립중앙박물관.용산가족공원,16.751984,9.082673,7.206193
102000172,03266,국립중앙박물관.용산가족공원,15.020702,6.888026,5.46496
102000173,03267,서빙고역교차로,14.463108,2.8065863,2.2267456
102000174,03268,서빙고초등학교,19.789396,6.493333,5.15181
102000175,03269,한강중학교,19.709457,8.926419,7.0822206
102000176,03270,서빙고동금호베스트빌,16.410181,4.3812637,3.4760945
102000178,03272,서빙고동,16.77988,3.050506,2.4202716
102000179,03273,서빙고동주민센터,16.40504,2.7727501,2.1999
102000180,03274,동빙고동,15.554537,4.467697,3.5446708
102000181,03275,동빙고동,16.155281,3.347007,2.6555154
102000182,03276,보광신동아아파트.삼성리버빌아파트,22.2509,8.945395,7.0972767
102000183,03277,보광동신동아아파트,18.26043,1.1615764,0.92159474
102000184,03278,보광동주민센터,18.220879,8.299437,6.5847726
102000185,03279,보광동,35.58375,10.485066,8.318851
102000186,03280,보광동,36.202198,9.188922,7.2904906
102000187,03281,한국폴리텍1대학,60.11155,19.828564,15.731982
102000188,03282,한국폴리텍1대학,61.297268,4.327219,3.4332159
102000189,03283,이태원역.보광동입구,48.92767,18.253815,14.482577
102000190,03284,이태원역.보광동입구,51.545563,14.480498,11.488827
102000191,03285,한남역.용산노인종합복지관,16.44126,6.4029827,5.080127
102000192,03286,한남역.용산노인종합복지관,14.640939,3.0648932,2.4316864
102000193,03287,이촌119안전센터.성촌공원,18.636822,1.6100035,1.2773768
102000194,03288,이촌로입구.성촌공원앞,17.55463,10.588428,8.400859
102000195,03289,이촌로입구.성촌공원앞,15.96433,11.225728,8.906492
102000196,03290,이촌2동주민센터,16.392794,11.002799,8.729621
102000197,03291,이촌2동주민센터,18.165003,13.285451,10.540677
102000198,03292,이촌2동대림아파트.새남터성지,18.180878,11.701628,9.284072
102000199,03293,이촌2동대림아파트.새남터성지,19.534044,7.6723433,6.0872374
102000200,03294,서부이촌동입구,18.105543,4.389258,3.4824371
102000201,03295,이촌2동강변아파트,20.031685,6.154874,4.883277
102000202,03296,원효2동산호아파트후문,16.666891,2.4465942,1.9411278
102000203,03297,청암동강변삼성아파트,18.441294,5.7413397,4.5551786
102000204,03298,청암동강변삼성아파트,16.687847,11.907391,9.447324
102000205,03299,원효2동산호아파트,14.544012,2.0702918,1.6425695
102000206,03300,원효2동산호아파트,14.914009,5.1065907,4.051569
102000207,03301,원효로풍전아파트,18.428337,8.959135,7.1081777
102000208,03302,원효로풍전아파트,17.775885,6.890248,5.4667225
102000209,03303,원효풍전아파트,18.939632,4.5744085,3.6293356
102000210,03304,원효2동주민센터,22.810303,14.308204,11.352129
102000211,03305,산천동리버힐삼성아파트,22.379553,16.7115,13.258904
102000212,03306,산천동.성심여중고후문,30.559872,2.815332,2.2336843
102000213,03307,산천동.성심여중고후문,32.118282,14.456387,11.469697
102000214,03308,신창동세방아파트,29.17146,12.927264,10.256492
102000215,03309,신창동세방아파트,29.17146,12.927264,10.256492
102000216,03310,남이장군사당,27.077597,11.685848,9.271552
102000217,03311,남이장군사당,27.306074,8.893726,7.056282
102000218,03312,용문시장.용문동새마을금고,16.434328,4.357528,3.457263
102000219,03313,용문시장.용문동새마을금고,16.880714,2.9826908,2.3664668
102000225,03319,순천향병원입구,14.758205,2.3608353,1.8730868
102000226,03320,남산서울타워,236.85776,19.312456,15.322503
102000227,03321,청심경로당,18.161396,8.655201,6.8670363
102000228,03322,삼성테마트,23.475616,10.806364,8.57377
102000229,03323,서빙고동금호베스트빌,18.943424,17.194458,13.642083
102000230,03324,한남동하이페리온,16.1375,21.820616,17.312475
102000231,03325,서빙고역1번출구,14.868255,9.770211,7.751685
102000232,03326,문배동이안아파트앞,16.353176,1.8864115,1.496679
102000233,03327,갈월동.숙대입구역10번출구,25.047022,10.689942,8.4814005
102000234,03328,삼각지역11번출구.전쟁기념관,12.042877,5.4370565,4.3137608
102000236,03330,숙대입구,21.165693,3.918266,3.1087523
102000237,03331,원효대교북단,18.93154,5.24465,4.161105
102000238,03332,문배동이안아파트앞,16.60766,3.6914194,2.928772
102000240,03334,순천향병원입구,15.366523,2.422672,1.922148
102000241,03335,숙명여대입구,23.605879,6.72453,5.3352423
102000243,03336,서빙고초등학교,16.987389,7.5609035,5.998821
102000245,03338,한강대교스카이스위트,17.598227,5.3650684,4.256645
102000246,03339,한강대교전망카페,17.517101,3.617519,2.8701396
102000247,03340,노들섬,19.160372,2.615874,2.0754344
102000248,03341,노들섬,19.899786,1.7500814,1.3885145
102000249,03342,용암초등학교.이태원2동주민센터,88.82291,25.914772,20.560781
102000250,03343,용암초등학교.이태원2동주민센터,101.67787,33.66983,26.713642
102000254,14336,용마루고개.브라운스톤공덕아파트,40.2526,8.456981,6.709769
102000255,03730,동부이촌동,18.101414,7.026356,5.5747113
102000256,03729,강촌APT,19.502163,6.1141367,4.850956
102000257,03728,신동아APT,18.173496,4.2743883,3.3912995
102000259,03726,한남동,19.017878,6.1677284,4.8934755
102000262,03649,강촌APT,19.72521,1.415732,1.1232418
102000263,03648,동부이촌동,22.175783,6.996635,5.5511303
102000266,03344,효창공원삼거리.윤봉길의사등묘역,43.16173,6.7581296,5.3619003
102000270,03740,IP부띠끄호텔,70.278915,25.07635,19.895575
102000271,03689,청암자이아파트,23.663141,14.686836,11.652536
102000272,03680,남산그랜드하얏트호텔,105.61293,5.105818,4.050956
102000273,03710,신동아APT,21.055101,10.355103,8.215738
102000274,03732,이촌동두산위브트레지움,19.13961,4.074562,3.2327576
102000275,03733,이촌동두산위브트레지움,22.48329,7.5026402,5.9525948
102000276,03734,이촌현대아파트.금강병원,16.613447,4.4091535,3.4982224
102000277,03735,이촌현대아파트.금강병원,20.908802,15.087649,11.970541
102000278,03736,한남역,16.44126,6.4029827,5.080127
102000281,03749,이집트대사관.한남더힐아파트,48.729572,16.482431,13.077162
102000282,03748,이집트대사관.한남더힐아파트,40.220085,17.140083,13.598942
102000283,03750,한남역,14.640939,3.0648932,2.4316864
102000284,03752,한남동,24.195055,9.3198805,7.394393
102000285,03751,한남동,24.195055,9.3198805,7.394393
102000286,03345,서울역공항철도15번출구,25.136278,2.885819,2.289609
102000297,03346,용산꿈나무종합타운,19.849585,8.631157,6.84796
102000299,14986,원효대교북단(가상),3.072618,2.4806345,1.9681354
102000300,14975,원효대교북단(가상),16.931059,4.2465224,3.369191
102000301,03554,한강대교(가상),12.324502,10.489618,8.322463
102000303,03538,동작대로(가상),18.546139,7.1819625,5.698169
102000305,03570,반포대교(가상),15.7479515,22.293016,17.68728
102000307,23849,한남대교(가상),3.5,0.0,0.0
102000308,23850,한남대교(가상),3.5,0.0,0.0
102000309,03761,서울드래곤시티용산,12.138399,1.3560976,1.0759279
102000310,03900,전쟁기념관,15.394143,3.1734066,2.5177808
102000311,03901,용산역,13.626789,13.105846,10.398179
102000312,03902,국립중앙박물관,16.751984,9.082673,7.206193
102000313,03903,이태원,55.32833,8.934326,7.0884943
102000314,03905,하얏트호텔,105.61168,6.35216,5.0398035
102000316,03347,남산도서관.용산도서관,105.5734,5.638372,4.4734845
102000317,03120,서울드래곤시티,12.784272,19.871077,15.765712
102000318,03121,용산역3번출구.용산차고지,13.481018,8.022596,6.365128
102000319,03725,한남동,41.427456,17.015282,13.499925
102000320,03741,IP부띠끄호텔,61.50655,21.75128,17.257465
102000321,00000,용산차고지(가상),13.60712,12.57342,9.975751
102000322,02919,서울역,22.980854,10.621943,8.427449
102900001,03517,해방촌오거리,91.666084,14.603878,11.586717
102900002,03516,시장,38.97488,7.60009,6.0299115
102900003,03515,신애교회,70.769135,3.154639,2.5028906
102900005,03513,남산교회입구,78.0904,12.696315,10.0732565
102900006,03510,우리들가정의원,53.127754,12.635672,10.025142
102900007,03509,디지텍고등학교앞,58.05267,18.710829,14.845172
102900008,03506,용암한신아파트,46.670197,11.143179,8.840999
102900009,03502,순천향병원,19.751707,2.8032851,2.2241263
102900010,03500,하얏트호텔,107.37408,6.0926967,4.8339453
102900011,03565,숙대역5번출구,19.68911,2.3812704,1.8893
102900012,03564,용산우체국,16.94358,9.568485,7.591636
102900013,03563,보광교회,79.8297,4.2085824,3.3390894
102900015,03561,신용산역,11.4934635,3.0132585,2.3907192
102900016,03560,리버힐빌라앞,77.76123,3.4243186,2.7168543
102900017,03557,도깨비시장,75.678856,8.690321,6.894901
102900018,03553,영동김밥,66.93756,23.064098,18.299057
102900019,03552,문배어린이공원,17.57199,10.661236,8.458624
102900020,03551,문배어린이공원,16.228302,3.811822,3.0242994
102900021,03549,수미용실,63.916485,15.033928,11.927918
102900022,03546,용문동시장.새마을금고,15.788359,4.5596733,3.6176448
102900023,03545,보광초등학교,67.10275,8.394304,6.660041
102900024,03544,원효우체국,17.302101,5.456766,4.329398
102900025,03542,보광동삼거리,63.045277,6.0970597,4.837407
102900026,03541,숙대역7번출구,21.83837,4.2047505,3.336049
102900027,03540,용산경찰서,17.862816,2.9704711,2.3567717
102900028,03536,갈월동사회복지회관,26.60082,8.909242,7.068592
102900029,03534,효창공원앞역.이봉창역사울림관,19.067549,10.854303,8.611804
102900030,03532,용산고등학교,32.21069,2.967712,2.3545825
102900031,03525,큰빛의집앞,54.427628,22.860315,18.137373
102900032,03523,원효사.백범김구기념관,57.56752,6.904801,5.478269
102900033,03522,군인아파트,43.576443,6.9039245,5.4775734
102900034,03521,신흥교회앞,68.60389,20.318659,16.120823
102900035,03519,대한노인회중앙회,61.24272,11.182925,8.872533
102900036,03598,청파초등학교,78.764,7.0841656,5.620577
102900037,03597,배문중고등학교,71.810776,4.904665,3.8913612
102900038,03596,만리시장입구,61.826427,14.432251,11.450547
102900039,03593,한신아파트,30.630829,3.564451,2.8280354
102900040,03592,용암경로당입구,40.840313,7.17363,5.691558
102900041,03591,용암한신아파트,50.42363,14.792302,11.736213
102900042,03590,우리들가정의원,53.127754,12.635672,10.025142
102900043,03589,남산교회입구,80.39631,10.73533,8.51741
102900044,03588,해방촌오거리,94.58289,7.215164,5.724511
102900045,03586,신흥교회앞,72.71055,25.079834,19.89834
102900046,03584,큰빛의집앞,49.483494,22.840698,18.121809
102900047,03583,디지텍고등학교앞,60.003334,15.05099,11.941456
102900048,03582,후암동종점,40.73766,10.433978,8.278318
102900049,03581,성도약국,43.88017,9.00108,7.141457
102900050,03580,용산고등학교,30.26117,10.018542,7.9487114
102900051,03577,후암동주민센터앞,38.13599,8.821889,6.999287
102900053,03574,후암시장,41.653698,4.314374,3.4230242
102900054,03573,녹사평역.용산구청,44.12792,18.523687,14.696693
102900055,03572,이태원역앞,60.61899,9.845702,7.81158
102900056,03571,동자경로당,34.165276,13.145885,10.429945
102900057,03569,보광초등학교후문앞,67.98053,12.309913,9.7666855
102900058,03567,삼각지역,14.424027,3.7257364,2.9559994
102900059,03566,이슬람사원,80.583206,13.572688,10.768571
102900060,03700,만리시장입구,57.515934,9.280437,7.3630996
102900061,03699,배문중고교,71.178505,7.05551,5.5978417
102900062,03688,청파초등학교,80.3422,12.326737,9.780033
102900063,03529,후암동종점,40.48023,10.8323555,8.594391
102900064,03524,녹사평역,42.565594,13.09485,10.389454
102900065,03501,한신아파트,31.892216,9.679903,7.680035
102900066,03503,용암경로당입구,39.538723,5.9820232,4.7461376
102900068,03568,갈월동,28.973963,15.840885,12.568158
102900070,03508,효창공원후문,63.59018,2.8188396,2.2364674
102900072,03543,중앙하이츠빌라,17.819847,5.7293644,4.5456777
102900073,03550,용문동주민센터,17.77401,8.590374,6.8156023
102900075,03526,몬드리안서울이태원,30.466673,11.055364,8.771325
102900076,03530,용산구청,26.342747,5.7959433,4.598501
102900077,03533,외빈차고,29.706783,2.5313857,2.0084014
102900078,03537,청화아파트,52.815224,8.20755,6.51187
102900079,03505,가야랑앞,71.88041,21.448168,17.016977
102900080,03512,성도약국,46.039047,1.7262169,1.3695805
102900081,03579,대성교회,40.513947,13.860832,10.997184
102900082,03585,가야랑앞,74.88052,23.959732,19.009651
102900083,03504,한남오거리,16.599926,7.822399,6.2062917
102900084,03578,제일기획,63.023617,21.855639,17.340263
102900085,03518,보광동주민센터,20.382008,6.142295,4.8732967
102900086,03742,한남동주민센터,44.225758,23.71422,18.814861
102900087,03744,용산e편한세상,18.264528,8.179387,6.489526
102900088,03743,용산CJ나인파크,6.8221865,2.3641222,1.8756945
102900089,03594,갑을빌딩,25.170296,9.96344,7.9049935
102900090,03709,청암자이아파트,24.188576,26.40481,20.949575
102900091,03595,리버힐삼성아파트후문,32.27142,35.77639,28.384987
102900092,03737,도원삼성래미안아파트단지내,57.196568,18.397808,14.596821
102900094,03754,필리핀대사관,89.300705,20.846447,16.539572
102900095,03753,필리핀대사관,84.41796,19.035341,15.10264
102900096,03520,도원삼성래미안아파트101동앞,44.019306,18.649097,14.796194
102900097,03511,도원삼성래미안아파트101동앞,44.019306,18.649097,14.796194
102900098,03527,도원삼성래미안아파트,29.138327,16.684893,13.237794
103000001,04001,답십리역사거리,13.216669,6.214999,4.9309807
103000002,04002,청년회의소.서울새활용플라자,13.895799,5.2586894,4.1722445
103000003,04003,장한평역,16.661516,6.522401,5.174873
103000004,04101,상왕십리역,37.635185,17.550983,13.924951
103000005,04102,상왕십리역,35.94318,11.854528,9.405383
103000006,04103,왕십리센트라스아파트,28.607344,4.840961,3.8408184
103000007,04104,왕십리교회,22.080309,1.9801061,1.5710162
103000008,04106,청계벽산아파트.텐즈힐아파트,24.574724,9.307372,7.384469
103000009,04107,청계벽산아파트.텐즈힐아파트,26.774069,8.025103,6.367116
103000010,04108,왕십리도선동주민센터,22.830425,2.8060997,2.2263596
103000011,04109,왕십리2동주민센터,31.984512,4.958528,3.934096
103000012,04110,코스모타워.서울신용보증재단성동지점,32.959602,7.3817487,5.8566794
103000014,04112,성동구청,23.61108,10.298212,8.170602
103000015,04113,상왕십리역,34.735588,5.4822097,4.3495855
103000016,04114,상왕십리역.센트라스아파트,27.729399,8.6099615,6.831143
103000017,04116,마장동주민센터,16.471437,5.643101,4.4772363
103000018,04117,마장역,15.078739,2.2421415,1.778915
103000019,04118,성동노인복지관,16.959738,3.3890877,2.6889021
103000020,04119,마장축산물시장,21.966202,4.6679683,3.703566
103000021,04120,마장축산물시장,18.400064,2.5849926,2.0509331
103000022,04121,도선사거리,24.318129,4.72335,3.7475061
103000023,04122,도선사거리,22.871542,8.400632,6.6650615
103000024,04123,마장동금호아파트,25.773914,4.578541,3.6326141
103000025,04124,마장동금호아파트,27.328064,3.2278812,2.561001
103000026,04125,한양대부속고등학교,20.831856,9.041662,7.173655
103000027,04126,한양대부속고등학교,19.62691,8.175466,6.4864144
103000028,04127,한양대앞.한양시장,16.613777,4.514543,3.5818386
103000029,04128,한양대앞,21.909204,4.0785913,3.2359543
103000030,04129,한양대정문,24.273106,8.852131,7.02328
103000031,04130,한양대정문앞,26.388313,13.53487,10.738565
103000032,04131,무학여고앞,19.934776,2.695484,2.138597
103000033,04132,무학여고,19.941324,1.3069551,1.0369382
103000034,04133,왕십리역,21.769224,7.877163,6.249741
103000035,04134,왕십리역,22.031872,11.393068,9.039261
103000036,04135,왕십리역10번출구,20.814959,9.844975,7.8110037
103000037,04136,행당1동주민센터,23.78618,6.6192503,5.2517133
103000038,04137,서울숲삼부아파트,21.130243,3.8204482,3.0311437
103000039,04138,응봉동주민센터,37.79238,15.467458,12.271881
103000040,04139,응봉동주민센터,37.12942,18.060513,14.32921
103000041,04140,응봉사거리,33.963074,6.4554143,5.1217256
103000042,04141,응봉동현대아파트,36.367565,15.049352,11.940155
103000043,04142,응봉동현대아파트,37.86625,16.244097,12.888066
103000044,04143,대현산배수지공원입구,71.72703,13.683626,10.856588
103000046,04145,신금호역,71.540245,16.88977,13.400344
103000047,04146,신금호역,65.78027,8.032561,6.373034
103000048,04147,금호고등학교,52.63401,12.9302025,10.258823
103000049,04148,금호고등학교.금호자이1차아파트입구,48.596382,4.734284,3.7561808
103000050,04149,금호동벽산아파트,40.281227,26.815535,21.275444
103000051,04150,래미안하이리버아파트,34.464237,9.15323,7.2621727
103000052,04151,금호사거리,23.630772,8.338347,6.615645
103000053,04152,금호사거리,24.58833,23.38282,18.55193
103000054,04153,금남시장앞.백범학원터,21.979992,7.9714303,6.324533
103000055,04154,금남시장앞.백범학원터,20.104885,7.6963334,6.106271
103000056,04155,금호역,37.59132,11.224325,8.90538
103000057,04156,금호역,34.482655,13.886574,11.017608
103000058,04157,금옥초등학교앞,39.410545,20.2436,16.061272
103000059,04158,금옥초등학교앞,51.656998,6.2234282,4.937668
103000060,04159,힐스테이트서울숲리버아파트,32.297493,8.407756,6.6707134
103000061,04160,삼성래미안아파트앞,34.87259,29.150064,23.12766
103000062,04161,옥수삼성아파트.래미안옥수리버젠,34.536446,4.1230855,3.271256
103000063,04162,옥수삼성아파트.래미안옥수리버젠,38.05108,28.967922,22.983149
103000064,04163,미타사입구,36.63395,17.502354,13.886368
103000065,04164,래미안옥수리버젠.옥수중앙교회,61.10701,3.5915365,2.849525
103000066,04165,래미안옥수리버젠.옥수중앙교회,60.202427,4.7090325,3.7361465
103000069,04168,옥수동회차지,93.69335,12.893713,10.229872
103000070,04169,옥정중학교입구,55.467594,14.054172,11.150579
103000071,04170,옥정중학교입구,63.388706,24.934673,19.783169
103000072,04171,성수1가1동새마을금고,17.665554,6.810702,5.4036107
103000073,04172,성수1가새마을금고,17.665554,6.810702,5.4036107
103000074,04173,천주교성수동성당앞,15.630212,7.475868,5.931354
103000075,04174,천주교성수동성당앞,14.110713,5.1682305,4.100474
103000076,04175,뚝도아리수정수센터.수도박물관,19.608986,13.334065,10.579247
103000077,04176,뚝도아리수정수센터.수도박물관,14.750432,4.9264436,3.9086404
103000078,04177,서울숲역2번출구,13.287576,6.2538505,4.961805
103000079,04178,서울숲역3번출구,13.254676,4.4790673,3.5536919
103000080,04179,성동구민종합체육센터,14.057787,2.289202,1.8162528
103000081,04180,성동구민종합체육센터,15.893106,0.44085968,0.3497781
103000082,04181,성원중학교후문,15.92867,4.202176,3.3340065
103000083,04182,성원중학교후문,14.6748705,6.2258143,4.939561
103000084,04183,경일초등학교입구,18.17016,1.4579579,1.1567438
103000085,04184,경일초등학교입구,16.691097,2.4989367,1.9826565
103000086,04185,성동교남단.서울숲리버포레,18.303427,2.2484372,1.7839099
103000087,04186,성동교남단.서울숲리버포레,18.993145,8.245632,6.542084
103000088,04187,상원,18.043594,4.5922,3.6434512
103000090,04189,영동대교북단,15.307323,6.2112947,4.928041
103000091,04190,경수중학교,16.241999,0.66020095,0.5238034
103000092,04191,성수119안전센터,15.694903,9.212418,7.3091326
103000093,04192,성수119안전센터,18.889309,16.191175,12.846078
103000094,04193,경수중학교,16.300077,2.7202084,2.1582134
103000095,04194,경수중학교,15.658176,1.5866174,1.2588222
103000096,04195,뚝도시장,17.539942,2.622838,2.0809598
103000097,04196,뚝도시장,18.096981,2.4254148,1.9243242
103000098,04197,성원중.성수2가제1동주민센터,17.545847,2.4537394,1.9467969
103000099,04198,성원중.성수2가제1동주민센터,15.1376915,8.936621,7.090315
103000100,04199,서울숲지구대앞,17.829119,4.2959094,3.4083745
103000101,04200,서울숲지구대앞,16.75727,5.8802257,4.665371
103000102,04201,뚝도시장구길,17.74864,4.7006226,3.729474
103000103,04202,뚝도시장구길,19.946949,0.31131187,0.24699484
103000104,04203,성수동진주타운,17.956844,0.14926794,0.11842918
103000105,04204,성수동진주타운,17.956844,0.14926794,0.11842918
103000106,04205,성덕정길입구,16.895863,2.7322907,2.1677995
103000107,04206,성덕정길입구,17.106138,1.2357635,0.98045474
103000108,04207,화양사거리,21.801115,6.667507,5.29
103000109,04208,성수사거리.성수초등학교,19.583916,7.5229855,5.9687366
103000110,04209,서울효사랑병원,18.648766,8.407715,6.6706815
103000111,04210,성수2가3동주민센터,16.539207,5.4617043,4.333316
103000112,04211,제인병원,18.950493,11.539549,9.1554785
103000113,04212,성동세무서앞,21.010744,6.336186,5.02713
103000114,04213,성동세무서,17.284998,4.8236012,3.8270452
103000115,04214,송정동서울숲아이파크,19.167084,5.8398595,4.633344
103000116,04215,송정동건영아파트,15.59006,0.9134501,0.7247313
103000117,04216,군자교남단,17.605154,2.2109199,1.7541438
103000118,04217,신답역,13.793569,7.8396797,6.220002
103000119,04218,용답동로데오거리.답십리역,13.696281,1.2980224,1.029851
103000120,04221,서울교통공사.서울새활용플라자,22.142693,4.973435,3.945923
103000121,04222,뚝섬서울숲,22.561684,2.1045868,1.6697791
103000122,04223,뚝섬서울숲,20.465763,2.112602,1.6761384
103000125,04226,사근동하이츠아파트앞,17.167826,5.389262,4.2758408
103000126,04227,사근동하이츠아파트앞,16.290216,0.55005556,0.43641406
103000127,04228,사근동주민센터,32.604385,14.760386,11.710891
103000128,04229,사근동주민센터,27.212944,14.944472,11.856944
103000129,04230,사근고개,37.96128,4.8207865,3.824812
103000130,04231,사근고개,39.485565,13.8383665,10.97936
103000131,04232,한양지구대,20.202421,7.9659243,6.320164
103000132,04233,한양지구대,20.202421,7.9659243,6.320164
103000133,04234,사근동벽산아파트,21.518469,6.5761447,5.217513
103000134,04236,뚝섬역8번출구,12.397139,2.0359328,1.6153091
103000135,04237,뚝섬역2번출구,23.806046,9.834858,7.802976
103000136,04238,뚝섬역5번출구,16.288494,1.951335,1.5481892
103000137,04239,뚝섬역4번출구,20.323967,7.2934203,5.7865996
103000138,04240,성수역1번출구,17.890902,10.093336,8.008053
103000139,04241,SK테크노빌딩앞,17.332758,3.0515447,2.4210956
103000140,04242,SK테크노빌딩앞,17.20413,6.759656,5.363111
103000141,04243,경동초등학교입구,16.202,0.9101254,0.72209346
103000142,04244,경동초등학교입구,15.048017,3.2790468,2.6015956
103000143,04245,경일초등학교앞,16.142654,0.75057715,0.5955079
103000144,04246,경일초등학교앞,16.142654,0.75057715,0.5955079
103000145,04247,한양여대앞,23.313358,3.5846732,2.8440797
103000150,04252,도선고등학교.꽃재교회,27.932846,6.286008,4.9873185
103000152,04254,리버하우스,13.178253,4.808234,3.814853
103000153,04255,리버하우스,19.312502,13.025475,10.334412
103000156,04258,성동제일새마을금고,19.797554,4.5281863,3.592663
103000157,04259,성동제일새마을금고,18.306349,0.92896783,0.7370431
103000159,04261,청계9가.텐즈힐2단지정문앞,19.75392,1.2980299,1.0298569
103000162,04264,뚝섬서울숲,18.58601,8.0524645,6.388825
103000163,04265,서울숲1번출입구,13.796549,0.57713723,0.45790067
103000164,04266,서울숲1번출입구,13.845319,0.10831291,0.085935466
103000165,04267,용답휴식공원,21.236128,11.315371,8.977615
103000166,04268,용답휴식공원,14.1097975,9.04969,7.180024
103000167,04269,성수2가3동주민센터,16.018976,7.2182655,5.726972
103000168,04270,극동그린아파트앞,47.98688,19.704088,15.6332245
103000169,04271,마장역,16.926891,3.8856883,3.082905
103000170,04272,행당신동아.행당푸르지오아파트,29.006474,8.134865,6.454202
103000171,04273,숭신초등학교,29.005457,4.3450484,3.4473615
103000172,04275,극동아파트,68.61026,15.172276,12.0376835
103000173,04276,풍림아파트,67.69321,16.958776,13.455093
103000174,04277,벽산아파트,56.13742,9.52617,7.558063
103000175,04278,대림아파트,64.08962,6.696922,5.313338
103000176,04279,행당역,51.952427,27.619165,21.913046
103000177,04280,행당역,44.37192,12.749009,10.115065
103000178,04281,무학중학교,22.060879,5.6079483,4.449346
103000179,04282,극동그린아파트,38.56567,18.280226,14.503531
103000183,04286,성수동차고지,17.573843,6.449916,5.117363
103000185,04288,성수두산위브아파트,15.616178,11.054059,8.77029
103000186,04289,왕십리자이.신당현대아파트,70.54643,5.020397,3.9831831
103000187,04290,왕십리자이.신당현대아파트,66.513626,14.370513,11.401565
103000188,04291,성수두산위브아파트,17.545736,2.3177187,1.838878
103000189,04293,우리은행화양동지점,15.278595,4.3541017,3.454544
103000191,04295,황학교.텐즈힐몰,26.882454,5.227683,4.147644
103000278,04721,무학여고,20.63157,2.2886,1.8157753
103000279,04722,무학여고,21.706482,8.06946,6.4023094
103000280,04723,응봉사거리,33.572582,8.540219,6.7758102
103000281,04724,응봉사거리,34.672234,4.1341734,3.2800531
103000292,04302,왕십리광장.왕십리역4번출구,21.178358,8.479935,6.72798
103000293,04301,왕십리광장.왕십리역7번출구,21.528616,9.470444,7.5138497
103000295,04304,왕십리도선동주민센터,22.818142,5.6591053,4.489934
103000296,04305,한양여대앞,22.508432,12.011686,9.530071
103000297,04303,한양대후문앞,19.210026,22.056684,17.499773
103000505,04306,행당중학교,19.66663,6.989767,5.545681
103000506,04166,옥수파크힐스아파트앞,75.23155,12.957008,10.28009
103000507,04167,옥수파크힐스아파트앞,75.23155,12.957008,10.28009
103000508,06507,청계한신휴플러스,17.437838,10.956066,8.692543
103000509,04105,뉴타운아파트,38.91784,16.62693,13.191807
103000511,04900,서울숲공원,14.038765,0.5752365,0.45639262
103000512,04901,성수역수제화거리,22.101381,7.449222,5.9102125
103000513,04902,한양대역,26.388313,13.53487,10.738565
103000514,04896,서울숲리버뷰자이아파트제1주차장,16.944069,1.9508117,1.547774
103000515,04115,신금호역4번출구,68.63495,1.8079853,1.4344556
103000516,04307,살곶이체육공원앞,16.822914,14.388271,11.415654
103000517,00003,한강버스.옥수선착장,3.5,0.0,0.0
103000518,06108,청계한신휴플러스,14.046943,1.5233463,1.2086229
103900001,04767,두산아파트113동,83.03374,4.698529,3.7278128
103900002,04765,금호역.3호선,33.328808,20.278336,16.08883
103900003,04764,금호역,30.669641,3.1733296,2.5177197
103900004,04759,극동아파트4동,59.76897,33.865444,26.868843
103900005,04758,극동아파트4동,71.54426,24.590813,19.510351
103900006,04757,두산아파트109동,62.309387,25.841997,20.50304
103900007,04756,두산아파트113동,81.898575,13.767084,10.922805
103900008,04755,극동아파트7동,51.259266,17.543049,13.918654
103900009,04751,금남시장앞.백범학원터,19.931608,3.3039746,2.6213737
103900010,04750,금호사거리,28.002535,18.763792,14.887192
103900011,04746,신동아아파트,37.978176,18.71508,14.848545
103900012,04745,신동아아파트후문,42.261047,17.489923,13.876506
103900013,04744,현대공업사앞,21.265068,13.0532255,10.356429
103900014,04743,행당서울숲푸르지오109동앞,51.758812,14.636425,11.612539
103900015,04740,응봉경로당앞,80.244354,44.66925,35.440582
103900016,04739,응봉역.광희중,17.840687,8.873334,7.040103
103900017,04677,성동중앙교회.벽산아파트정문,42.47475,18.755938,14.880961
103900018,04679,무학중학교.무학여고,22.198122,6.269364,4.9741135
103900019,04552,무학중학교.무학여고,20.724422,4.817124,3.821906
103900020,04573,원형화단,24.695707,3.4943101,2.7723856
103900022,04504,신금호역,67.40982,8.005689,6.351713
103900024,04511,무쇠막,15.239747,3.8244824,3.0343444
103900025,04509,금호1가동주민센터,77.86668,8.406687,6.6698656
103900026,04514,대경생활과학고등학교,92.34254,33.96481,26.94768
103900027,04520,금호4가동주민센터.대도빌딩,24.428131,8.536626,6.772959
103900028,04521,화단삼거리,25.515608,5.6160254,4.4557548
103900029,04523,논골.금호벽산아파트.성동공유센터,61.41591,1.4888726,1.1812716
103900031,04529,금호산입구,71.80006,16.366482,12.985167
103900032,04530,한진아파트후문,62.749165,31.355707,24.877619
103900034,04538,행당서울숲푸르지오109동앞,51.758812,14.636425,11.612539
103900035,04539,벽산아파트정문,37.68069,19.903801,15.7916765
103900037,04541,옥수종합사회복지관,35.040707,10.971581,8.704853
103900038,04544,행당2동주민센터,28.216608,7.2247934,5.732151
103900039,04553,만물상회앞,91.33234,14.825065,11.762207
103900040,04546,금호119안전센터,49.763042,12.88055,10.219429
103900041,04548,옥수삼성아파트,43.347866,27.745071,22.01294
103900042,04559,상봉노인정앞,103.21521,19.028614,15.0973015
103900043,04557,한신아파트,55.213314,11.858389,9.408446
103900045,04563,응봉역.광희중,12.759949,13.074013,10.372922
103900047,04575,금봉어린이집.또또와마트,101.41189,25.503487,20.234465
103900048,04577,경수중학교입구,21.954988,3.082815,2.4459054
103900049,04578,옥정중학교,53.17874,11.836014,9.390693
103900050,04586,논골입구.성동공유센터,56.621353,9.267409,7.352762
103900051,04582,천은교회.성동청소년상담복지센터,63.526512,30.024252,23.821241
103900052,04590,청계벽산아파트,26.465027,7.63544,6.0579576
103900053,04603,왕십리자이.신당현대아파트,69.91298,11.638224,9.233767
103900054,04648,한신아파트,55.213314,11.858389,9.408446
103900056,04651,금호고등학교,46.46753,4.672122,3.7068617
103900057,04659,GS25,16.053167,2.4327335,1.9301308
103900058,04669,논골신협.대림아파트후문,70.26991,2.0865424,1.6554627
103900059,04684,금호어린이집,88.630226,19.417074,15.405506
103900060,04686,금봉어린이집.또또와마트,96.904366,18.318758,14.534102
103900061,04702,충북상회,91.33234,14.825065,11.762207
103900062,04706,서울숲푸르지오아파트후문,18.56399,14.636578,11.61266
103900065,04516,무학여고,20.50219,3.39019,2.6897767
103900067,04519,극동아파트상가,44.76179,21.814365,17.307518
103900068,04522,금호어린이집,84.72509,17.897533,14.1999035
103900069,04527,한남하이츠아파트,60.167675,25.672182,20.368309
103900070,04528,금호사거리,23.092464,11.315859,8.978003
103900071,04531,신동아아파트후문,38.01879,14.552478,11.545937
103900072,04545,응봉경로당앞,86.79376,37.270996,29.570807
103900074,04549,현대공업사앞,18.578045,7.7318807,6.1344743
103900075,04551,중앙병원,76.14591,17.915434,14.214106
103900076,04554,논골사거리,55.966087,17.739986,14.074904
103900078,04556,응봉초등학교.대림아파트,14.772465,3.024361,2.399528
103900079,04562,옥수삼성아파트,28.632355,24.093966,19.116152
103900080,04564,우리은행.백범학원터,22.594765,9.917238,7.868337
103900082,04566,금호공원,40.34641,19.255852,15.277593
103900083,04569,지하철2호선성수역,17.414085,14.088364,11.177708
103900084,04570,옥수종합사회복지관,33.161312,14.628336,11.606121
103900085,04574,성동구청,28.146278,7.23473,5.7400346
103900086,04579,응봉사거리,34.10199,2.927049,2.3223205
103900088,04584,무학여고,20.78994,2.5541322,2.0264485
103900089,04585,한전입구,21.53819,6.5606947,5.205255
103900090,04587,극동아파트7동,51.259266,17.543049,13.918654
103900091,04594,화단앞,26.05379,3.3093662,2.6256511
103900092,04595,성동사회복지관.청계천박물관,19.496258,13.7449665,10.905256
103900093,04597,왕약국,17.358807,3.3263388,2.6391172
103900094,04599,금호공원,40.34641,19.255852,15.277593
103900095,04600,성동구도시관리공단.서울시시설관리공단,26.935299,5.9607778,4.7292814
103900096,04615,중앙슈퍼,15.371367,2.1969357,1.7430488
103900097,04667,중앙병원앞,76.14591,17.915434,14.214106
103900098,04668,도선동사거리,22.871542,8.400632,6.6650615
103900099,04670,송정스마트헬스케어센터,16.397043,1.2723987,1.0095211
103900100,04672,논골사거리,58.916626,5.936927,4.7103577
103900101,04674,신금호역,65.08006,10.163444,8.063676
103900104,04680,천은교회.성동청소년상담복지센터,70.86217,22.395485,17.768578
103900105,04685,행당2동주민센터,28.216608,7.2247934,5.732151
103900106,04691,대경생활과학고등학교,92.34254,33.96481,26.94768
103900107,04696,대현산체육관입구,108.27665,15.018595,11.915753
103900108,04698,대림아파트후문,59.79513,33.002357,26.184069
103900109,04699,상봉노인정앞,99.822525,18.314377,14.530626
103900110,04700,서울숲푸르지오아파트정문,16.583488,5.5593886,4.410819
103900111,04658,극동.풍림아파트,66.78141,12.396853,9.835664
103900112,04588,성동보건소,25.82973,1.8717196,1.4850223
103900113,04593,코스모타워,32.353374,0.61884224,0.49098945
103900114,04598,상왕십리역,34.735588,5.4822097,4.3495855
103900115,04671,성동구청,24.960222,8.93647,7.090195
103900116,04510,왕십리민자역사,29.027681,20.361193,16.154572
103900117,04524,행당서울숲푸르지오상가앞,29.404718,8.1584835,6.472941
103900119,04748,행당서울숲푸르지오상가앞,31.05488,7.7674417,6.1626883
103900120,04515,금북초등학교.e편한세상금호105동,61.811504,15.925611,12.635379
103900122,04567,대현산체육관입구,110.4288,15.048314,11.939332
103900123,04589,행당역.대림아파트정문,44.37192,12.749009,10.115065
103900124,04591,논골.e편한세상금호114동,53.642323,12.632108,10.022314
103900125,04596,금호119안전센터,50.702915,12.321834,9.776143
103900126,04542,응봉동현대아파트,34.28776,9.303325,7.3812575
103900127,04701,대림상가,34.204624,8.223143,6.5242414
103900128,04742,응봉초등학교.대림아파트,16.598534,6.525372,5.1772304
103900131,04602,e편한세상금호117동,36.98962,13.830894,10.973432
103900133,04536,신금호역,65.08006,10.163444,8.063676
103900134,04550,두산상가후문.106동,48.20233,25.244417,20.028921
103900135,04754,두산상가후문.106동,48.20233,25.244417,20.028921
103900137,04760,두산아파트109동,62.309387,25.841997,20.50304
103900138,04761,두산아파트115동,85.60297,17.826317,14.1434
103900139,04762,금호역,30.359278,6.110292,4.8479056
103900140,04763,금호역.두산상가경비실,30.683357,1.8896573,1.4992541
103900141,04766,화단삼거리,25.077915,8.13123,6.451318
103900142,04502,대우아파트관리실,62.805866,23.459034,18.612398
103900143,04507,대우아파트후문,43.133457,14.551038,11.544793
103900144,04572,대우아파트입구,67.33719,27.60171,21.899197
103900145,04517,힐스테이트서울숲리버,16.814291,3.5583851,2.8232226
103900146,04535,제일감리교회,32.297493,8.407756,6.6707134
103900147,04697,GS주유소,16.542522,3.7276042,2.9574811
103900148,04749,삼성래미안아파트,34.87259,29.150064,23.12766
103900149,04501,극동아파트5동,71.17642,30.259878,24.008188
103900150,04505,옥수역.한강버스선착장,15.686383,8.503176,6.7464194
103900151,04583,극동아파트상가,41.040714,12.835132,10.1833935
103900152,04500,송정동현대아이파크아파트,22.210506,4.213082,3.342659
103900154,04753,왕십리광장.왕십리역7번출구,23.535728,3.5118897,2.7863333
103900155,04770,벽산아파트501동앞,61.94612,2.3943467,1.8996748
103900156,04771,벽산아파트505동앞,63.461292,11.302809,8.9676485
103900157,04772,벽산아파트111동앞,66.703674,16.186476,12.842349
103900158,04773,벽산아파트206동앞,72.835434,22.246307,17.65022
103900159,04774,벽산아파트202동앞,59.073215,19.13609,15.182573
103900160,04775,벽산하이피아상가앞,36.77286,26.36757,20.92003
103900161,04776,우리은행.백범학원터,22.879503,5.82674,4.6229353
103900162,04780,행당푸르지오아파트,29.006474,8.134865,6.454202
103900163,04741,금호초등학교,76.17081,14.583911,11.570875
103900167,04800,래미안옥수리버젠아파트상가,37.712887,22.666344,17.983477
103900169,04801,옥수동주민센터.옥수동성당,35.70769,19.274334,15.292257
103900170,04826,삼성래미안아파트,16.959082,2.0969656,1.6637324
103900171,04825,중앙하이츠아파트,16.98748,3.97533,3.1540267
103900172,04824,민자역사후문,22.25442,13.556791,10.755959
103900173,04823,한신아파트정문,35.814842,10.544396,8.365924
103900174,04822,한신아파트후문,30.123875,12.085521,9.588652
103900175,04821,광희중학교.응봉역,17.937181,6.1386075,4.8703713
103900176,04820,벽산아파트501동,60.451843,5.9067726,4.6864333
103900177,04819,벽산아파트505동,69.27577,23.57012,18.700533
103900178,04818,벽산아파트109동,74.90608,25.223063,20.011978
103900179,04817,벽산아파트107동,63.091366,18.47998,14.662016
103900180,04816,벽산노인정,47.50346,4.118212,3.2673895
103900181,04815,벽산하이피아상가,39.10132,35.351883,28.048185
103900182,04814,금호고등학교앞,47.192955,8.574548,6.8030457
103900184,04812,금호정형외과,68.63495,1.8079853,1.4344556
103900185,04811,금호1가동주민센터,69.42645,14.324207,11.364826
103900187,04809,민자역사후문,19.764496,6.101362,4.840821
103900188,04808,중앙하이츠아파트,14.281482,5.526406,4.38465
103900189,04807,성동노인종합복지관,16.397705,1.0760057,0.8537029
103900190,04802,국민은행,39.628498,10.916792,8.661383
103900191,04803,국민은행,37.97707,10.071447,7.990686
103900192,04804,옥수동주민센터.옥수동성당,32.413803,6.7653265,5.36761
103900193,04805,삼성아파트정문,34.392387,10.956323,8.692746
103900195,04828,대현산배수지공원앞,78.931984,2.6151407,2.0748525
103900196,04827,금북초등학교입구,66.25594,10.4007,8.251915
103900197,04830,텐즈힐아파트101동.115동,27.038858,10.960674,8.696198
103900198,04829,선영약국,26.852215,2.3613763,1.873516
103900199,04834,왕십리중앙교회,18.574806,4.442118,3.5243766
103900200,04833,텐즈힐아파트120동.213동앞,17.377993,1.72032,1.3649019
103900201,04832,왕십리도선동주민센터,21.00599,1.180461,0.9365778
103900202,04831,숭신초등학교.도선고등학교앞,24.897343,6.0506387,4.8005767
103900203,04839,마장2교사거리,17.962412,3.2665298,2.5916648
103900204,04840,마장2교사거리,17.962412,3.2665298,2.5916648
103900207,04842,청계장원아파트,19.516197,3.1175177,2.4734385
103900208,04837,청계장원아파트,18.260664,4.2184343,3.3469057
103900209,04843,옥수교회,57.478703,27.67633,21.9584
103900210,04844,텐즈힐아파트107동앞,20.126379,6.569262,5.2120523
103900211,04836,청계현대아파트,23.492422,10.609994,8.41797
103900212,04845,응봉동현대아파트,34.17579,6.92098,5.4911056
103900213,04256,성수사거리,21.921402,5.2081475,4.1321445
103900214,04257,성수사거리,20.88278,6.268703,4.973589
103900215,04253,성수역4번출구,17.414085,14.088364,11.177708
103900216,04846,논골.대림아파트107동.금호동벽산아파트,59.289993,6.6407166,5.2687445
103900217,04847,옥수역5.6번출구.한강버스선착장,20.74304,13.606643,10.79551
103900218,04872,옥수역4번출구.한강버스선착장,25.855211,5.1310782,4.0709977
103900219,04848,서울숲푸르지오아파트,12.961161,5.3350153,4.232801
103900233,04862,성수역3번출구,14.781861,3.500846,2.7775712
103900235,04864,한라시그마밸리,16.879807,15.01938,11.916376
103900236,04865,서울경찰청제6기동단,21.355688,7.630579,6.0541015
103900242,04871,서울숲9번출입구,19.770922,1.3020403,1.0330389
103900243,04873,성수대교북단교차로,22.039997,3.4445434,2.7329009
103900246,04876,마장역,15.019501,4.4196754,3.5065703
103900247,04877,마장역,15.203999,4.0215325,3.190684
103900248,04849,언더스탠드에비뉴,12.972384,0.6771147,0.5372228
103900249,04850,성동구민체육센터,11.247297,4.610741,3.658162
103900251,04852,경일중고등학교,16.180311,3.7906053,3.007466
103900253,04854,이마트.서울숲힐스테이트아파트,17.888575,5.6343536,4.4702964
103900254,04855,서울숲코오롱디지털타워2차,19.543879,8.473327,6.7227373
103900255,04856,서울경찰청제6기동단,19.27886,6.0800333,4.8238983
103900256,04857,한라시그마밸리앞,12.800222,2.6437757,2.0975716
103900257,04858,성수역3번출구,14.407847,13.604629,10.793912
103900258,04859,서울숲코오롱디지털타워2차,18.071318,5.794817,4.5976076
103900259,04860,이마트.서울숲힐스테이트아파트,18.440445,7.319527,5.807313
103900261,04861,현대그린아파트,13.372852,3.3265657,2.6392972
103900262,04863,경일중고등학교,18.611513,10.658519,8.45647
103900263,04866,서울숲역,17.451283,16.361488,12.981205
103900264,04867,성동구민종합체육센터,11.995492,5.081597,4.031739
103900265,04868,서울숲2번출입구,13.914191,3.441416,2.7304194
103900266,04878,옥정초등학교,18.610136,16.700413,13.250107
103900267,04879,e편한세상금호109동,52.63401,12.9302025,10.258823
103900268,04883,왕십리자이아파트107동,42.189945,22.826937,18.110891
103900269,04884,왕십리풍림아이원아파트102동,40.09672,17.04472,13.52328
103900270,04885,금호베스트빌아파트노인정앞,74.94796,14.40336,11.427627
103900271,04886,풍림아이원아파트후문,36.49598,8.29584,6.581919
103900272,04887,응봉역.광희중학교,20.46526,3.1957588,2.535515
103900273,04888,대림강변타운아파트A상가,36.598026,11.176674,8.867574
103900274,04889,리버그린동아아파트정문,22.009295,11.665047,9.255048
103900275,04890,서울숲리버뷰자이아파트제2주차장,17.082544,7.0047135,5.55754
103900276,04891,서울숲리버뷰자이아파트제2주차장,16.836992,3.5861127,2.8452218
103900277,04892,서울숲리버뷰자이아파트제1주차장,21.79124,12.620611,10.013193
103900278,04893,왕십리로교차로,24.225157,18.498997,14.677104
103900279,04894,왕십리로교차로,24.483065,13.786029,10.937835
103900280,04895,리버그린동아아파트,20.885975,7.2803154,5.776202
103900281,04897,왕십리역6-1번출구,21.29559,18.258038,14.485927
103900282,04898,행당동서울숲더샵,20.930685,7.831508,6.2135186
103900283,04914,한양대학교정문,21.863306,8.014209,6.3584733
103900284,04912,한양대학교제2의학관,33.098507,10.278888,8.15527
103900285,04904,한양대학교병원본관1층,44.748993,22.429934,17.795908
103900286,04906,한양대학교병원응급실,49.09356,8.44602,6.701072
103900287,04908,한양대학교백남학술정보관,60.0224,21.360931,16.947763
103900288,04910,한양대학교생활과학대학,62.973015,1.7867067,1.4175731
103900289,04909,한양종합기술연구원.생활과학대학,57.429386,24.70545,19.601305
103900290,04907,한양대학교류마티스병원동관,47.089745,9.265583,7.3513136
103900291,04905,한양대학교병원본관1층,42.773148,27.176414,21.561768
103900294,04899,행당동서울숲더샵,22.651175,5.371109,4.261438
103900295,04512,송정동공영주차장,15.202832,0.61505777,0.48798686
103900296,04526,성수이비즈센터,18.60196,8.907451,7.067171
103900297,04533,경수중학교입구,21.819914,8.908759,7.0682096
103900298,04540,성수역2번출구,18.904526,13.646897,10.827449
103900299,04547,경동초등학교입구,20.053806,7.2500777,5.7522116
103900300,04525,법학학술정보관,44.220905,14.584947,11.571696
103900301,04532,올림픽체육관맞은편,35.882538,19.020496,15.090861
103900302,04537,제3법학관,38.656986,34.28843,27.20444
103900303,04558,올림픽체육관앞,34.500797,14.498661,11.503238
103900304,04568,한양대학교경영대학,44.220905,14.584947,11.571696
103900305,04576,한양대병원후문,22.620018,13.183132,10.459497
104000001,05001,군자교입구,17.482595,2.6318488,2.0881088
104000002,05002,군자교입구,19.505123,6.176219,4.900212
104000003,05003,군자역.용마초등학교,21.28145,6.6157537,5.248939
104000004,05004,군자역.용마초등학교,19.840218,3.3003545,2.6185012
104000005,05005,중곡동입구삼거리,32.533615,6.656612,5.281356
104000006,05006,어린이대공원후문.아차산역,32.967384,1.7146348,1.3603913
104000007,05007,어린이대공원후문.아차산역,38.27647,8.650873,6.8636026
104000008,05101,군자교,19.091833,3.132084,2.4849954
104000009,05102,군자교,18.385555,7.8064303,6.1936216
104000010,05103,천주교서울대교구홍병철관,19.592113,5.207791,4.131861
104000011,05104,천주교서울대교구홍병철관,18.477793,0.9079451,0.7203636
104000012,05105,중곡1동주민센터입구,22.26644,2.6051114,2.0668955
104000013,05106,중곡1동주민센터입구,22.722029,3.7772067,2.9968357
104000014,05107,중곡1동사거리,21.828146,4.151793,3.2940323
104000015,05108,중곡1동사거리,20.105843,2.7497942,2.1816866
104000016,05109,중마초등학교.중곡제일골목시장앞,20.971285,3.3667464,2.6711767
104000018,05111,용마사거리,20.463394,7.355382,5.83576
104000019,05112,중곡2동주민센터앞,29.245132,2.4601107,1.9518518
104000020,05113,중곡2동주민센터앞,28.555126,2.619043,2.0779488
104000021,05114,중곡동성당앞,23.908037,3.7519763,2.9768178
104000022,05115,보건복지행정타운,24.239056,3.6820672,2.9213521
104000023,05116,대원여자고등학교앞,33.82642,5.952528,4.722736
104000024,05117,중곡보건지소,23.56878,7.479575,5.9342947
104000026,05119,중곡우체국앞,20.190954,5.3579206,4.250974
104000027,05120,중곡3동주민센터,19.77294,1.7956702,1.4246846
104000028,05121,중곡3동주민센터,19.19091,1.7838709,1.4153231
104000029,05122,중곡아파트,18.20226,3.868691,3.0694194
104000030,05123,중곡아파트,20.08077,0.3945379,0.31302637
104000031,05124,중마초등학교.중곡제일골목시장앞,19.79243,1.7599959,1.3963808
104000032,05125,중곡역입구,21.479784,2.3609192,1.8731533
104000033,05126,중곡역입구,22.018734,1.8279464,1.4502927
104000034,05127,중곡문화체육센터,24.152351,4.9392905,3.918833
104000035,05128,중곡문화체육센터,23.829226,2.3942502,1.899598
104000036,05129,면곡시장앞,26.72018,7.708915,6.1162534
104000037,05130,면곡시장앞,27.815954,8.402235,6.666333
104000038,05131,중곡SK아파트.용암사입구,36.32383,7.9853263,6.335558
104000039,05132,용곡삼거리,35.66537,7.4640064,5.9219427
104000040,05133,중곡역.국립정신건강센터,26.159668,5.3211246,4.2217803
104000041,05134,대원고교앞,36.168976,4.796851,3.8058217
104000042,05135,중곡SK아파트.용암사입구,37.801212,7.611557,6.0390096
104000043,05136,대원고교앞,36.077927,4.13787,3.2829857
104000044,05137,대원여자고등학교앞,35.89177,14.015311,11.119748
104000045,05138,신성시장,26.894913,3.2145216,2.5504014
104000046,05139,중곡동입구,37.08863,2.7284682,2.1647668
104000047,05140,어린이대공원앞,19.211065,1.6304052,1.2935635
104000048,05141,군자역6번출구,20.88975,5.0232754,3.9854667
104000049,05142,구의사거리.광진소방서앞,27.717142,11.565456,9.176033
104000050,05143,어린이회관,24.57637,4.6161575,3.6624594
104000051,05144,구의사거리.광진소방서앞,27.3529,4.041626,3.2066262
104000052,05145,광진경찰서,20.676756,7.4634714,5.9215183
104000053,05146,광진경찰서,25.187193,5.1492314,4.0854
104000054,05147,광진경찰서,27.434263,12.943618,10.269466
104000055,05148,NH농협은행자양로지점,19.583864,4.7987547,3.807332
104000056,05149,광진구청.구의역2번출구,28.94869,5.9470453,4.7183857
104000057,05150,래미안구의파크스위트,28.246948,2.0485578,1.6253258
104000058,05151,구의2동주민센터입구,30.753597,4.594608,3.645362
104000059,05152,구의2동주민센터입구,30.075907,3.6530015,2.8982913
104000060,05153,구의사거리,27.123968,2.758954,2.188954
104000061,05154,구의사거리,27.372667,3.6814406,2.920855
104000062,05155,래미안구의파크스위트,28.099714,1.2042809,0.95547646
104000063,05156,현대아파트앞,28.616793,6.5786433,5.2194953
104000064,05157,현대아파트앞,23.043566,10.843593,8.603307
104000065,05158,광진우체국,28.266365,1.5145483,1.2016426
104000069,05267,테크노마트앞.강변역,20.823378,8.410388,6.6728015
104000070,05163,구의현대2단지아파트,25.627333,6.426277,5.0986085
104000071,05164,광장동금호베스트빌,25.14321,3.8573394,3.060413
104000072,05165,광장동금호베스트빌,23.587387,1.3286824,1.0541766
104000073,05166,광장동현대아파트앞,22.517176,7.971003,6.3241935
104000074,05167,광장동현대아파트앞,24.37725,14.006997,11.113152
104000075,05168,광나루역.극동아파트,20.888412,14.794198,11.737717
104000076,05169,광나루역.극동아파트,17.819283,18.454012,14.641413
104000080,05173,워커힐아파트앞,41.18977,11.129701,8.830304
104000081,05174,워커힐입구,45.547935,22.032223,17.480366
104000082,05175,NH농협은행자양로지점,19.225275,20.366077,16.158445
104000083,05176,자양사거리,21.240904,16.550636,13.131274
104000084,05177,자양사거리,23.054499,2.8820858,2.2866468
104000085,05178,자양초등학교앞,26.561695,9.940531,7.8868175
104000086,05179,자양초등학교앞,26.455296,5.9597225,4.7284436
104000087,05180,건국대학교앞,19.948273,4.541989,3.6036139
104000090,05183,자양미소약국.자양골목시장,19.505133,1.4163458,1.1237288
104000092,05185,자양동우체국.중앙농협,21.773367,3.1401415,2.4913883
104000094,05187,자양하늘채베르아파트앞,22.91508,6.4169855,5.0912366
104000095,05188,자양동잠실대교북단,22.321447,7.1781282,5.695127
104000096,05189,신자초등학교앞,16.78376,5.939602,4.71248
104000097,05190,자양미소약국.자양골목시장,19.340483,0.24984314,0.19822554
104000098,05191,자양동우체국.중앙농협,20.60091,5.71428,4.53371
104000100,05193,자양하늘채베르아파트앞,24.3569,3.9047637,3.0980396
104000101,05194,자양동잠실대교북단,24.822857,6.0577044,4.806183
104000106,05199,광진구청.구의역3번출구,27.36377,3.0981364,2.4580615
104000107,05200,자양한강전통시장,19.909695,2.537395,2.0131693
104000108,05201,신양초등학교앞,19.229029,4.4689054,3.5456297
104000109,05202,신양초등학교앞,18.02781,2.953739,2.3434963
104000110,05203,뚝도변전소앞,18.932348,2.9486141,2.3394303
104000111,05204,광진문화예술회관,22.145176,10.382336,8.237345
104000112,05205,건국대학교앞,21.03371,3.6119847,2.8657486
104000116,05209,신자초등학교앞,18.754408,3.3598852,2.6657329
104000117,05210,자양우성아파트앞,18.42883,4.7508726,3.7693424
104000118,05211,자양우성아파트앞,18.42883,4.7508726,3.7693424
104000119,05212,자양고교앞,19.915442,4.401055,3.4917967
104000120,05213,자양고교앞,21.163082,3.174449,2.5186079
104000121,05214,대동아파트앞,17.931662,6.393042,5.0722394
104000122,05215,노룬산골목시장,19.149628,3.9747484,3.1535654
104000123,05216,영동교골목시장,18.11786,5.235624,4.153944
104000124,05217,건대입구역6번출구,17.638733,3.8288233,3.0377884
104000125,05218,건대로데오거리입구,21.090471,11.024765,8.747048
104000126,05219,롯데캐슬리버파크시그니처아파트,17.062996,5.3441677,4.2400627
104000127,05220,영동대교북단,14.3369665,1.8247007,1.4477175
104000128,05221,롯데캐슬리버파크시그니처아파트,15.450496,0.23456696,0.18610543
104000129,05222,자양역1번출구,22.734743,5.0100517,3.974975
104000130,05223,자양4동주민센터앞,25.820108,5.328935,4.2279773
104000131,05224,성수사거리,16.47176,4.316202,3.4244747
104000132,05225,화양사거리,18.304125,9.209901,7.307135
104000133,05226,광진광장,17.647442,9.076484,7.201282
104000134,05227,어린이대공원역4번출구,26.243622,5.5230584,4.3819947
104000135,05228,한아름공원,21.086496,6.042691,4.7942715
104000136,05229,건대입구역사거리.건대병원,38.80863,8.1835375,6.4928184
104000137,05230,건대입구역1번출구,20.297365,1.4475728,1.1485043
104000138,05231,어린이대공원역3번출구,25.524061,5.629646,4.466561
104000139,05232,건대입구역사거리.건대병원,22.834328,16.68873,13.240839
104000141,05234,천주교화양동성당,29.877228,4.275855,3.3924634
104000142,05235,송정동서울숲아이파크,17.983742,3.0514271,2.4210024
104000143,05236,송정동건영아파트,16.203644,1.7925252,1.4221895
104000144,05237,군자교남단,19.032816,5.621377,4.4600005
104000145,05238,중앙농협군자지점,20.322905,6.4109597,5.0864553
104000146,05239,중앙농협군자지점,23.946236,7.0384545,5.5843096
104000147,05240,능동우편취급국,25.855228,5.0002804,3.9672225
104000148,05241,군자동주민센터,24.228842,7.7499537,6.1488132
104000149,05242,군자동주민센터,20.463833,0.63808906,0.50625986
104000150,05243,세종초등학교.세종사이버대학교앞,16.481686,5.6019444,4.444583
104000151,05244,세종초교앞,20.465067,2.3561006,1.8693303
104000152,05245,군자새마을금고.성동광진위센터,23.378473,3.3554404,2.6622064
104000153,05246,군자새마을금고앞,20.649557,10.097025,8.01098
104000154,05247,장안초등학교,16.551664,9.294161,7.373987
104000155,05248,장안초등학교,21.853584,7.9225116,6.285721
104000157,05250,광진광장,16.924313,3.5225706,2.7948077
104000158,05251,어린이대공원앞.세종대학교,25.24062,5.2416162,4.1586986
104000159,05252,능동교회앞,27.168037,2.8813527,2.2860653
104000160,05253,군자역7번출구,20.163137,10.815378,8.580921
104000165,05258,아차산역2번출구,34.683815,6.883598,5.4614463
104000167,05260,중곡동입구,34.59724,3.8552907,3.0587876
104000168,05261,제일은행사거리,18.72039,7.5201373,5.966477
104000169,05262,동곡삼거리,21.675108,5.5457063,4.3999634
104000170,05263,건대병원입구,18.746838,4.6135516,3.6603916
104000183,05161,강변역A,21.220171,5.5325446,4.3895206
104000236,05665,자양동,17.4329,2.3366156,1.8538709
104000237,05666,자양동,19.6487,2.0218823,1.6041614
104000248,05687,면곡시장,20.99887,1.8815624,1.4928316
104000251,05690,동곡삼거리,20.335127,2.4486918,1.9427922
104000255,05694,광진구의회,20.58203,8.315662,6.597646
104000256,05695,광진구의회,20.935905,10.260678,8.140822
104000257,05696,건대입구역,18.506504,10.333941,8.19895
104000258,05697,건대입구역,15.328319,2.578389,2.0456939
104000259,05698,세종대학교,21.857101,12.773372,10.134394
104000260,05699,세종대학교,18.20282,5.9697337,4.736387
104000261,05700,군자역,17.28108,5.1472616,4.0838375
104000262,05701,군자역,20.88975,5.0232754,3.9854667
104000269,05265,광진청소년센터,19.416636,5.2152243,4.137759
104000271,05172,워커힐아파트.광장동,24.290987,2.2321863,1.7710166
104000272,05271,용곡삼거리,32.316257,8.589837,6.8151765
104000273,05270,중곡역.국립정신건강센터,27.956717,1.6870761,1.3385261
104000274,05269,보건복지행정타운,25.192036,9.563367,7.587575
104000275,05268,중곡동성당,20.878012,2.8193314,2.2368574
104000279,05162,테크노마트앞.강변역,20.823378,8.410388,6.6728015
104000280,05266,강변역B,19.895378,5.477972,4.3462234
104000281,05745,워커힐호텔비스타워커힐,88.39987,39.393078,31.254469
104000288,78646,동서울터미널,16.09924,6.185319,4.907432
104000289,78647,동서울터미널,17.949696,3.1124825,2.4694436
104000290,05233,어린이회관,26.231041,2.6284657,2.0854247
104000291,05192,동서울우편집중국앞,21.860966,8.483273,6.730628
104000293,05249,화양사거리,18.255749,2.17154,1.7228999
104000294,05515,긴고랑주차장,48.42143,16.340094,12.964231
104000295,05010,새밭교회,37.949802,3.9360857,3.1228905
104000296,05009,새밭교회,38.80863,8.1835375,6.4928184
104000297,05012,광나루역,18.067348,1.8523902,1.4696864
104000298,05011,광나루역,22.951717,3.8135731,3.025689
104000299,05008,중곡동입구삼거리,29.833555,5.8723254,4.6591034
104000300,05900,뚝섬유원지,23.146229,13.997024,11.105238
104000301,05901,건국대입구,19.849308,4.7163343,3.7419398
104000302,05272,구의3동주민센터,25.97788,2.843378,2.2559361
104000303,05273,구의3동주민센터,22.63818,1.073135,0.8514253
104000304,05499,건대입구(가상),11.744406,12.386994,9.827841
104000306,05299,광나루우편취급국,20.878843,2.8370605,2.2509236
104000307,05298,광진구민체육센터,22.63512,11.486096,9.11307
104000308,05256,아차산역삼거리,34.382805,6.3803754,5.0621896
104000309,05257,용마초등학교,20.03119,8.058383,6.3935213
104000310,05259,서울화양동우체국,18.151003,3.8613155,3.0635679
104000311,05195,자양2동주민센터,24.638819,3.4391477,2.7286198
104000312,05196,구립행복마루어린이집,20.239388,10.705357,8.493629
104000313,05197,자양한강도서관,21.631283,7.8616676,6.2374473
104000314,05170,어린이대공원역2번출구,26.415503,1.4857036,1.1787573
104000315,00002,한강버스.뚝섬선착장,3.5,1.9282454,1.5298699
104000316,05601,국립정신건강센터,32.733665,11.651227,9.244083
104900001,05716,종로약국앞,31.556337,2.957979,2.3468606
104900002,05714,구의홈마트앞,28.364765,4.794536,3.8039849
104900003,05713,구의2동주택가공동주차장,41.05175,4.207225,3.338012
104900004,05709,롯데프레시아차산점.한사랑약국,36.47417,3.097467,2.4575303
104900005,05680,자양1파출소앞,23.198248,6.8203154,5.411238
104900006,05679,래미안구의파크스위트사거리,29.487146,1.9775621,1.5689977
104900007,05677,자양중학교앞,22.00048,1.4669172,1.163852
104900009,05672,서울서광교회앞,27.689697,6.7412987,5.3485465
104900010,05670,청구아파트앞,25.685495,12.619346,10.012189
104900011,05600,양진중학교.재한몽골학교,42.525375,9.081495,7.2052584
104900012,05597,광장중학교앞,21.502205,0.9394034,0.7453227
104900013,05595,장신대앞,24.409052,3.6567104,2.901234
104900014,05594,구의역1번출구,26.250666,9.080723,7.204645
104900015,05591,워커힐아파트입구,23.990614,4.896051,3.8845267
104900016,05589,본하이츠빌.삼부빌딩,31.159761,1.8804667,1.4919623
104900017,05587,워커힐아파트,46.98657,20.767773,16.47715
104900018,05581,장신대앞,24.409052,3.6567104,2.901234
104900019,05580,구의역4번출구,27.778532,5.0105767,3.9753916
104900020,05578,광장중학교앞,21.502205,0.9394034,0.7453227
104900021,05574,중앙상회앞,46.376225,2.1104565,1.6744362
104900022,05571,화양사거리.SKV1센터,14.401585,6.2819095,4.984067
104900023,05569,CU중곡긴고랑점앞,37.30567,5.8800206,4.6652083
104900024,05566,성수대우프레시아1차아파트,18.4614,1.298331,1.0300958
104900025,05565,래미안구의파크스위트사거리,29.376265,1.2597185,0.9994607
104900026,05564,중곡4동어린이집입구,34.749943,1.5224016,1.2078733
104900027,05563,한국켄트외국인학교,27.704039,2.8171232,2.2351055
104900028,05561,화양동현대아파트,15.089467,3.2720654,2.5960567
104900029,05559,긴고랑입구,31.77671,4.3213334,3.428546
104900030,05558,선화예고앞,30.794558,0.5228347,0.4148171
104900031,05556,영동대교입구.성수사거리,17.81709,8.715385,6.914787
104900032,05560,구의홈마트앞,29.330782,3.1553578,2.503461
104900033,05554,중곡보건지소,27.083353,2.1896667,1.7372816
104900034,05553,아차산역사거리,38.317963,3.8232784,3.033389
104900035,05549,롯데프레시아차산점.한사랑약국,36.47417,3.097467,2.4575303
104900036,05545,구의2동주택가공동주차장,41.05175,4.207225,3.338012
104900037,05544,자양중학교앞,21.582788,7.590141,6.0220175
104900038,05543,강변역.테크노마트앞,21.083042,4.290126,3.403786
104900039,05542,군자역,20.797215,3.6631851,2.906371
104900040,05541,영화사입구,47.31069,10.1891775,8.084093
104900041,05540,중곡우체국앞,21.67676,3.1110911,2.4683397
104900042,05539,송림식당앞,22.343744,1.3807647,1.0954987
104900044,05536,기원정사입구,50.183514,3.975103,3.1538467
104900045,05535,용마사거리,20.963194,6.3305864,5.0226874
104900046,05533,현대3차아파트,26.826954,3.15913,2.5064538
104900047,05531,해오름공원입구,37.684196,6.165996,4.8921013
104900048,05527,우리들약국,34.625164,3.4075615,2.7035592
104900049,05523,긴고랑입구,31.77671,4.3213334,3.428546
104900050,05528,광남고.삼성아파트,21.489935,3.5016413,2.7782023
104900051,05522,마을금고.브레드제과점,30.445808,4.7184057,3.743583
104900052,05518,중곡4동어린이집입구,34.727856,1.8989562,1.5066319
104900053,05517,신성시장입구,26.417356,3.1763592,2.5201235
104900054,05514,광나루현대아파트,22.152435,4.8456187,3.8445137
104900055,05513,CU중곡긴고랑점앞,39.461903,17.709053,14.050363
104900056,05512,대순진리회,29.653984,7.2250757,5.732375
104900057,05509,포제스한강아파트,27.624735,10.378352,8.234184
104900058,05504,정보도서관,10.535842,30.885572,24.504614
104900059,05503,긴고랑종점,57.31923,8.601953,6.8247895
104900061,05752,아차산역사거리,38.317963,3.8232784,3.033389
104900063,05744,워커힐팰리스,29.932714,22.264107,17.664343
104900064,05742,포제스한강아파트,27.266293,2.3101206,1.8328497
104900065,05741,중곡4동파출소,32.733665,11.651227,9.244083
104900066,05740,광나루현대아파트,24.080988,11.7951975,9.35831
104900067,05739,대원외고앞,38.69598,11.665347,9.255286
104900068,05737,대순진리회,29.333742,10.094703,8.009137
104900070,05735,신성시장입구,25.74888,4.0590997,3.2204895
104900071,05733,자양종합복지관앞,21.390438,0.9756689,0.7740957
104900072,05731,마을금고앞,30.809666,4.202015,3.3338788
104900073,05728,현대3.5차아파트,24.209965,2.308616,1.831656
104900074,05727,우리들약국,34.53597,5.890221,4.6733017
104900075,05724,프라임아파트앞,22.562206,9.091889,7.2135053
104900076,05723,해오름공원입구,37.827892,4.5359592,3.59883
104900077,05721,테크노마트.광진문화원,26.076231,11.253471,8.928504
104900078,05720,기원정사입구,50.552948,8.01487,6.3589973
104900079,05718,구의역,24.735176,5.303059,4.207447
104900080,05717,영화사입구,47.31069,10.1891775,8.084093
104900082,05726,용마사거리,19.259039,2.882509,2.2869825
104900085,05501,중곡아파트.종점,18.20226,3.868691,3.0694194
104900089,05508,중앙상회앞,46.376225,2.1104565,1.6744362
104900091,05599,광진경찰서앞,27.434263,12.943618,10.269466
104900097,05582,강변역A,19.517467,6.442288,5.1113114
104900098,05710,세븐일레븐구의중앙로점앞,28.956608,4.1229053,3.2711132
104900099,05579,구의아크로리버앞,22.51233,8.521736,6.7611456
104900100,05550,구의역,25.283447,8.049258,6.3862815
104900102,05555,썬더치킨앞,29.436811,3.6229393,2.8744402
104900103,05585,동서울호텔앞,25.696314,12.907393,10.2407255
104900106,05576,성동초등학교,36.5208,4.4521465,3.5323331
104900107,05588,성동초등학교,34.945877,5.9611716,4.7295938
104900108,05732,광남고.삼성아파트,22.319727,8.696451,6.8997645
104900109,05519,신동아아파트,20.895964,9.319931,7.394433
104900110,05584,워커힐아파트입구,24.290987,2.2321863,1.7710166
104900112,05551,배건태한의원.로엘동물병원,20.001223,2.6827137,2.128465
104900113,05668,배건태한의원.로엘동물병원,20.031872,1.4989254,1.1892475
104900114,05562,성자초등학교앞,19.534252,1.3250958,1.051331
104900115,05596,성자초등학교앞,20.676022,5.2224402,4.143484
104900116,05572,본하이츠빌.삼부빌딩,32.06319,2.0520537,1.6280993
104900118,05993,청구아파트앞,31.199936,7.652564,6.071544
104900119,05992,양진중학교.재한몽골학교,41.462296,3.1750233,2.5190635
104900121,05510,중곡4동경로당입구앞,42.463573,6.6229267,5.25463
104900122,05506,강원설비앞,29.849642,4.997338,3.9648879
104900123,05505,강원설비앞,29.029463,1.5090206,1.1972569
104900124,05500,중곡4동경로당입구앞,44.782997,23.793886,18.878069
104900125,05755,중곡119안전센터,37.348034,3.8987234,3.0932472
104900126,05990,광장자이아파트,20.13084,15.364564,12.190246
104900127,05671,광장자이아파트,20.13084,15.364564,12.190246
104900128,05511,중곡아파트.기점,20.521427,3.0615096,2.4290016
104900129,05999,강변역.테크노마트앞,21.083042,4.290126,3.403786
104900130,04506,송정동우리동네작은체육관,14.949182,2.944026,2.3357902
104900131,04518,성수SKV1센터1동,16.80872,4.520702,3.5867248
104900132,05994,용마사거리,20.983212,3.5901406,2.8484175
104900133,05757,구의3동주민센터,30.094067,0.5560919,0.44120333
104900134,05998,구의교통차고지,32.949593,7.644939,6.0654945
105000001,06001,답십리역사거리,14.230738,10.838971,8.59964
105000002,06002,청년회의소,11.385333,7.0965347,5.6303906
105000003,06003,장한평역,14.249051,10.597496,8.408053
105000004,06004,신답초등학교.청계한신휴플러스,14.298787,5.087615,4.0365133
105000005,06005,신답초등학교.청계한신휴플러스,15.643558,10.982416,8.713449
105000006,06006,동대문구청,16.235794,19.6097,15.558335
105000007,06007,서울시동부병원,15.813947,2.1766648,1.7269659
105000008,06008,신설동역.서울풍물시장,23.724838,16.97278,13.466204
105000009,06009,중랑교,15.646432,9.367908,7.432498
105000010,06010,중랑교,17.590513,2.4478958,1.9421606
105000011,06011,삼육서울병원,20.455717,1.4589512,1.157532
105000012,06012,삼육서울병원,19.048012,2.07632,1.6473523
105000013,06013,시조사삼거리,24.794893,6.0991254,4.839046
105000014,06014,떡전교사거리.동대문노인복지관,27.438648,5.7678213,4.5761895
105000015,06015,청량리역환승센터,15.259719,2.4694731,1.95928
105000016,06016,청량리역환승센터,23.049976,15.297667,12.137169
105000017,06017,동대문구청,15.86128,0.81942296,0.6501302
105000018,06101,신설동역,20.739717,13.509443,10.718392
105000019,06102,신설동역,20.600462,12.1384115,9.630616
105000020,06103,용두동한국의류시험연구원,23.865183,0.4725336,0.37490815
105000021,06104,용두로타리한국의류시험연구원,17.94934,8.648265,6.8615336
105000022,06105,제기역약령시장,22.71083,7.1458693,5.669533
105000023,06106,제기역약령시장,17.610407,7.1864085,5.7016964
105000028,06112,청량리미주상가앞,22.43339,9.752909,7.737958
105000029,06113,서울성심병원,23.638514,7.865828,6.240748
105000030,06114,서울성심병원,24.730164,12.63174,10.022022
105000031,06115,시조사,32.855278,7.468564,5.9255586
105000033,06117,휘경동입구,35.837894,8.653425,6.8656273
105000034,06118,삼육서울병원,20.49595,6.073909,4.8190393
105000037,06121,중랑교,18.685009,0.5460269,0.4332177
105000038,06122,회기시장,25.671202,3.71508,2.9475446
105000039,06123,회기시장,27.759508,8.765768,6.95476
105000040,06124,경희중고,31.199575,4.6837935,3.7161217
105000041,06125,경희중고,29.00573,7.3711834,5.848297
105000042,06126,외대앞,25.732943,6.1747622,4.8990564
105000043,06127,외대앞,26.68763,6.13304,4.865954
105000044,06128,이문동우체국,31.546717,12.820753,10.171986
105000045,06129,이문동교회,29.892563,8.031847,6.3724675
105000046,06130,의릉입구,18.903355,1.3586162,1.0779262
105000047,06131,의릉입구,20.494318,2.7903287,2.213847
105000048,06132,한천로쌍용아파트앞,17.45095,1.7132363,1.3592817
105000049,06133,한천로쌍용아파트앞,18.786188,1.2253786,0.97221535
105000050,06134,이문동삼익아파트,17.119188,5.2585897,4.1721654
105000051,06135,이문동삼익아파트,15.037571,1.5963677,1.266558
105000052,06136,동일스위트리버아파트.휘봉고교,28.242805,14.883394,11.808485
105000053,06137,휘경유수지견인차고지앞,20.30233,4.879838,3.8716633
105000054,06140,서울준법지원센터.동성빌라,24.709215,16.907972,13.414785
105000055,06141,서울준법지원센터.동성빌라,20.05303,13.856248,10.993547
105000056,06142,휘경여중고.휘경주공아파트앞,19.521582,18.102873,14.36282
105000057,06143,휘경여중고.휘경주공아파트,16.91251,9.826052,7.79599
105000058,06144,장안동현대아파트앞,15.064611,3.8566084,3.059833
105000059,06145,전곡시장앞,14.629264,5.769534,4.5775485
105000060,06146,전곡시장앞,15.487628,4.990021,3.9590826
105000061,06147,답십리촬영소.우성그린아파트,16.887175,7.8712587,6.2450566
105000062,06148,촬영소사거리.우성그린아파트,14.999759,2.9771283,2.3620536
105000063,06149,동답초등학교,15.032588,3.8807836,3.0790136
105000064,06150,동답한신.동아아파트,15.581781,2.6037219,2.0657928
105000065,06151,동답한신.동아아파트,17.547285,1.1772672,0.93404377
105000066,06152,동아.위더스빌아파트,14.779556,8.77645,6.963236
105000067,06153,답십리2동주민센터,17.369759,9.932155,7.880172
105000068,06154,하나은행장안동지점,10.949173,8.250032,6.545576
105000069,06155,장한평역4번출구,13.450272,10.09136,8.006485
105000070,06156,청년회의소앞,13.219307,3.6353712,2.8843036
105000071,06157,고미술상가,18.647612,8.377652,6.646829
105000072,06158,답십리역.동부시장,14.265138,6.943713,5.5091424
105000073,06159,신답역앞,14.396275,2.8179004,2.2357223
105000074,06160,동대문구청.용두역4번출구,16.605106,4.890768,3.8803353
105000075,06161,용두역,18.730072,3.21382,2.5498447
105000076,06162,용두동신동아아파트,18.764345,3.8548703,3.058454
105000077,06163,동대문우체국.서울풍물시장,22.150734,3.605721,2.860779
105000078,06164,동대문구청.용두역3번출구,19.422888,0.61210346,0.48564288
105000079,06165,동대문구청.용신동주민센터,19.219147,10.47336,8.309564
105000080,06166,동대문구청.용신동주민센터,19.107807,9.528018,7.5595293
105000081,06167,경동시장앞,17.643375,2.833258,2.2479067
105000082,06168,제기동주민센터.서울약령시앞,18.846216,2.276006,1.8057832
105000083,06169,경동시장,19.17576,3.5939417,2.8514333
105000084,06170,홍파초등학교.정화여중고,17.0796,1.964365,1.5585271
105000085,06171,홍파초등학교.정화여중고,17.087063,2.9285731,2.32353
105000086,06172,제기동한신아파트앞,22.533142,11.707555,9.2887745
105000087,06173,고려대역.고대앞삼거리,22.808802,7.0716677,5.610661
105000088,06174,고려대역.고대앞삼거리,24.483028,1.8669679,1.4812523
105000089,06175,고려대학교앞,23.491602,1.9462433,1.5441494
105000090,06176,우신향병원,29.329487,14.123151,11.205308
105000091,06177,안암오거리,21.902075,10.693805,8.484465
105000092,06178,대광고등학교앞,25.735802,5.9886913,4.7514277
105000093,06179,종암초등학교앞,24.871956,2.2543197,1.7885772
105000094,06180,용두시장앞,21.186295,4.7731795,3.7870405
105000095,06181,용두시장앞,21.186295,4.7731795,3.7870405
105000096,06182,서울시동부병원,20.053972,1.4509479,1.151182
105000097,06183,서울시동부병원,19.089012,0.8794771,0.6977771
105000098,06184,동아제약앞,18.766027,2.4857497,1.9721937
105000099,06185,동아제약앞,18.329323,2.423047,1.9224455
105000100,06186,떡전교앞,29.998941,6.994915,5.5497656
105000101,06187,떡전교앞,30.901264,9.148452,7.2583814
105000102,06188,서울시립대입구,40.172684,6.0668015,4.8134003
105000103,06189,서울시립대학교앞,38.764713,3.0317936,2.405425
105000104,06190,서울시동부교육지원청.해성국제컨벤션고교,23.592405,3.1482484,2.4978204
105000105,06191,전농로터리시장.동부교육지원청,22.733751,4.065773,3.2257843
105000106,06192,전농우체국앞,20.898935,3.150356,2.4994924
105000107,06193,전농우체국앞,22.092112,3.7633903,2.985874
105000108,06194,청솔우성아파트.답십리시장,21.834349,6.321917,5.015809
105000109,06195,미드카운티아파트.청솔우성아파트,21.593288,7.4578533,5.917061
105000110,06196,답십리2동시온교회앞,16.90719,4.1415806,3.2859302
105000111,06197,답십리1동희망샘교회앞,15.768756,0.98936653,0.7849634
105000112,06198,답십리초등학교.현대시장,16.098885,3.8720253,3.0720649
105000113,06199,답십리초등학교앞,17.885775,3.2948055,2.6140985
105000114,06200,답십리역사거리,15.8779125,10.609872,8.417872
105000115,06201,황물로사거리,15.87648,5.456813,4.3294353
105000116,06202,답십리1동주민센터.래미안위브,21.697487,1.613671,1.2802866
105000117,06203,답십리1동주민센터.래미안위브,22.644985,6.5676227,5.210752
105000118,06204,동대문중학교,21.719667,10.765158,8.541077
105000119,06205,동대문중학교,27.787174,7.575549,6.010441
105000120,06206,전농래미안크레시티아파트,19.502344,2.5104408,1.9917837
105000121,06207,대한노인회동대문구지회,19.573763,1.6289004,1.2923696
105000122,06208,전농사거리,23.752348,3.296875,2.6157405
105000123,06209,전농사거리,25.473711,7.4616976,5.9201107
105000124,06210,배봉초등학교.전농우성아파트,14.980231,1.1845827,0.9398479
105000125,06211,배봉초등학교.전농우성아파트,15.072244,3.4969654,2.7744923
105000126,06212,장안2동주민센터,15.751591,3.7880921,3.0054724
105000127,06213,장안2동주민센터,15.751591,3.7880921,3.0054724
105000128,06214,장안교앞,14.048846,3.9622421,3.143643
105000129,06215,장안교.은석초등학교,15.072936,7.1600676,5.6807976
105000130,06216,청량리역6번출구,16.046833,2.0859709,1.6550093
105000131,06217,청량리역6번출구,15.16009,2.3761518,1.8852388
105000132,06218,롯데캐슬노블레스,21.620274,2.232563,1.7713156
105000133,06219,전농1파출소,18.482098,3.862788,3.064736
105000134,06220,래미안크레시티.답십리도서관,21.601315,7.989553,6.3389115
105000135,06221,동대문구답십리도서관앞,23.7576,8.879995,7.0453877
105000136,06222,답십리래미안위브아파트,19.12573,14.5846815,11.571486
105000137,06223,답십리래미안미드카운티,17.56072,8.315039,6.5971518
105000138,06224,답십리사거리,19.834806,4.5086637,3.5771735
105000139,06225,답십리2동두산아파트,23.93574,5.066103,4.019446
105000140,06226,답십리시장.청솔우성아파트후문,23.758457,9.291614,7.3719664
105000141,06227,답십리2동한양아파트앞,52.17493,24.011488,19.050714
105000142,06228,답십리2동한양아파트앞,44.423462,21.626343,17.15834
105000143,06229,동답한신.대림아파트.동대문체육관,28.626787,10.191182,8.085684
105000144,06230,촬영소사거리.동답초등학교,16.917727,8.465094,6.716205
105000145,06231,촬영소사거리.세양청마루아파트앞,13.370403,4.512528,3.5802395
105000146,06232,동대문구.성동구선거관리위원회,16.75373,1.6656672,1.3215402
105000147,06233,동대문구.성동구선거관리위원회,15.325306,1.7181581,1.3631866
105000148,06234,장안사거리,16.069319,2.1972237,1.7432773
105000149,06235,국민은행장안동지점,17.02405,3.7355952,2.9638212
105000150,06236,국민은행장안동지점,17.43928,1.4120963,1.1203572
105000151,06237,장안동근린공원,14.569512,1.5004094,1.1904248
105000152,06238,장안동근린공원,15.328164,4.6367927,3.6788313
105000153,06239,동대문더퍼스트데시앙아파트,16.76379,2.383966,1.8914385
105000154,06240,NH농협장안평지점,17.377962,8.720619,6.9189396
105000155,06241,코리아병원,23.587511,3.3652525,2.6699915
105000156,06242,새서울병원,20.244299,11.51731,9.137834
105000157,06243,장안동삼성쉐르빌아파트,18.264626,6.149135,4.8787236
105000158,06244,장안동삼성쉐르빌아파트,15.352925,4.913513,3.8983815
105000159,06245,힐스테이트장안센트럴,15.47964,15.247994,12.097758
105000160,06246,현대벤처빌.현대썬앤빌,19.74486,10.7137165,8.500262
105000161,06247,현대벤처빌,20.129568,6.213845,4.9300647
105000162,06248,우리은행장안지점앞,16.79364,1.0443931,0.82862145
105000163,06249,우리은행장안지점앞,14.532932,4.146638,3.2899425
105000164,06250,북한연구소앞,18.839973,9.640668,7.648906
105000165,06251,장한평역2번출구,15.814404,5.6335473,4.4696565
105000166,06252,장한평역3번출구,16.773605,7.6650157,6.0814238
105000167,06253,신이문역,18.222403,5.204835,4.129516
105000168,06254,이문동현대아파트앞,27.090883,12.76149,10.124967
105000169,06255,이문동현대아파트,17.79381,21.078857,16.723965
105000170,06256,휘경2동주민센터,17.988245,15.15889,12.027063
105000171,06257,휘경2동주민센터,23.516277,12.293491,9.753656
105000172,06258,동부아동보호전문기관.동대부중고,15.092052,2.1459997,1.7026361
105000173,06259,장안삼성래미안2차아파트,18.620972,3.9726353,3.1518888
105000174,06260,장안삼성래미안2차아파트.성복교회,19.840002,3.3422759,2.6517618
105000175,06261,장안현대홈타운아파트앞,17.293806,8.829973,7.005701
105000176,06262,구민회관앞,17.715128,3.7857819,3.0036392
105000177,06263,파라브아파트,15.546239,15.470437,12.274244
105000178,06264,장안현대홈타운상가,20.570374,12.211711,9.688771
105000179,06265,장안현대홈타운앞,18.42418,2.2538373,1.7881945
105000180,06266,장안치안센터,13.742596,6.217967,4.933335
105000181,06267,장안치안센터,14.393,4.643971,3.6845264
105000182,06268,장평중학교,15.785537,5.6177244,4.457103
105000183,06269,회기역종점,26.424406,10.265696,8.144803
105000184,06270,경희대입구,29.635489,0.94496137,0.7497324
105000185,06271,경희대입구,29.412127,0.5827094,0.46232164
105000186,06272,서울바이오허브,36.02594,4.9532723,3.9299264
105000187,06273,서울바이오허브,38.774338,7.6348896,6.0575213
105000188,06274,한국과학기술원.홍릉초등학교,38.020916,11.157122,8.85206
105000189,06275,한국과학기술원.홍릉초등학교,43.646004,12.725907,10.096735
105000190,06276,국방연구원,25.928102,3.366589,2.6710517
105000191,06277,국방연구원,27.21302,3.2020798,2.5405302
105000192,06278,세종대왕기념관,21.824642,2.4194617,1.919601
105000193,06279,세종대왕기념관,24.253366,16.62441,13.189807
105000194,06280,영휘원사거리.(구)홍릉사거리,19.490244,4.043898,3.2084286
105000195,06281,영휘원사거리.(구)홍릉사거리,20.53267,3.4641967,2.7484937
105000196,06282,동대문경찰서,17.571468,3.7093396,2.94299
105000197,06283,동대문경찰서,19.13878,1.4472994,1.1482873
105000198,06284,현대코아,21.12643,1.872788,1.4858699
105000199,06285,현대코아,21.432482,6.862703,5.4448686
105000200,06286,동대문중앙새마을금고,17.932222,1.1360377,0.9013323
105000201,06287,동대문중앙새마을금고,16.244953,2.080914,1.6509973
105000203,06289,제기동한신아파트,22.194588,5.1182303,4.060804
105000204,06290,제기시장,20.988304,2.8774502,2.282969
105000205,06291,제기시장,22.213795,1.3869182,1.1003809
105000207,06293,외대역앞,22.186,4.1971955,3.330055
105000208,06294,외대역앞,21.081652,2.825121,2.241451
105000209,06295,이경시장,17.538557,0.229357,0.18197185
105000211,06297,청랑리한신아파트.청량사입구,38.02796,6.663042,5.2864575
105000212,06298,전동초등학교.전농동SK아파트,33.82893,6.8500295,5.4348135
105000213,06299,벽산아파트,28.922636,9.110081,7.227938
105000214,06300,제기동천주교회,26.365484,5.800832,4.60238
105000215,06301,이문동쌍용아파트,25.258575,14.595349,11.57995
105000216,06302,이문동쌍용아파트,25.834925,15.280726,12.123729
105000217,06303,이문1동주민센터,17.938292,7.5094137,5.9579687
105000218,06304,전동초등학교.전농동SK아파트,30.745623,2.1453142,1.7020923
105000222,06308,한국산업인력공단서울지역본부,16.373674,1.4514523,1.1515822
105000223,06309,서울반도체고교.휘경주공아파트,15.943062,1.8647374,1.4794827
105000226,06313,래미안장안1차아파트앞,17.92628,2.9733071,2.359022
105000227,06314,장평중학교앞,15.578433,3.1720912,2.5167372
105000228,06315,청량리미주상가앞,22.03643,3.254673,2.5822575
105000229,06316,동대문구청.용두역,17.458378,1.5292588,1.213314
105000231,06318,종로사약국,18.667812,3.09457,2.455232
105000233,06320,회기동현대아파트,28.154722,5.9810476,4.745363
105000234,06321,우산빌딩앞,33.378105,10.347743,8.2099
105000235,06322,배봉산입구,16.435268,4.3342094,3.4387617
105000237,06324,면곡시장,20.665909,0.8184592,0.64936554
105000243,06330,동부아파트,32.46428,4.848398,3.8467193
105000248,06335,자동차부품상가,19.322117,4.355184,3.4554029
105000262,06349,청랑리한신아파트.청량사입구,38.384243,3.0523448,2.4217305
105000269,06357,동대문노인종합복지관,33.557117,2.4074695,1.9100863
105000270,06358,쌍용아파트,18.372734,9.077063,7.201741
105000271,06359,쌍용아파트,18.372734,9.077063,7.201741
105000287,06416,삼육서울병원,19.041336,6.672292,5.2937965
105000288,06417,동일스위트리버앞.휘봉고교,15.670761,8.473482,6.722861
105000289,06418,청량리수산시장,15.327689,3.2359443,2.567398
105000290,06419,휘봉초등학교,19.437878,5.6154413,4.455291
105000316,06626,장안삼거리,17.579405,3.968234,3.1483967
105000318,06628,장안사거리,20.244299,11.51731,9.137834
105000319,06629,장안사거리,17.464878,4.983484,3.953896
105000321,06631,장한평역,14.394597,6.638081,5.2666535
105000402,06020,청량리역환승센터,16.598059,8.128265,6.448966
105000407,06755,청량리역,17.359167,7.087184,5.6229715
105000408,06756,서울시립대입구,37.942825,4.1366544,3.2820218
105000409,06757,전농동사거리,23.28934,6.2052293,4.9232287
105000410,06758,신답역,15.749117,5.597092,4.440733
105000420,06768,장안삼거리,16.737139,3.5324566,2.8026512
105000426,06774,신설동로터리.서울풍물시장,13.433415,10.248176,8.130903
105000429,06777,힐스테이트장안센트럴,21.413403,7.8537474,6.231163
105000430,06778,힐스테이트장안센트럴,17.574017,9.100203,7.2201004
105000438,06775,경동시장앞,18.514565,2.3634121,1.8751312
105000440,06999,동대문노인종합복지관,34.150967,5.7537827,4.5650516
105000446,06019,청량리역환승센터,16.529085,9.730334,7.720047
105000447,06018,청량리역환승센터,20.914846,19.884432,15.776308
105000454,04560,논골신협.대림아파트후문,70.26991,2.0865424,1.6554627
105000455,04298,마장동주민센터,15.148478,0.96756244,0.767664
105000458,04795,응봉주민센터,49.208004,14.394846,11.420871
105000459,04794,응봉주민센터,37.79238,15.467458,12.271881
105000460,04793,응봉현대아파트,37.86625,16.244097,12.888066
105000461,04792,응봉현대아파트,34.28776,9.303325,7.3812575
105000462,04791,금호삼성래미안,34.87259,29.150064,23.12766
105000463,04790,힐스테이트서울숲리버아파트,32.297493,8.407756,6.6707134
105000464,04789,금호사거리,28.002535,18.763792,14.887192
105000465,04788,금호사거리,19.29518,6.2023697,4.92096
105000466,04787,금옥초등학교.금호대우아파트,45.599747,2.7414222,2.1750443
105000467,04786,금옥초등학교.금호대우아파트,45.440144,14.244576,11.301646
105000468,04785,옥수삼성아파트,38.05108,28.967922,22.983149
105000469,04784,옥수삼성아파트,34.988884,8.4997,6.7436614
105000470,04783,옥정중학교,60.86312,18.485708,14.66656
105000471,04782,옥정중학교,53.17874,11.836014,9.390693
105000472,04781,왕십리역,21.528616,9.470444,7.5138497
105000474,08273,월곡샹그레빌아파트,31.028103,3.8433774,3.0493357
105000477,06422,휘경미소지움아파트,19.588898,9.696484,7.6931906
105000478,06021,청량리미주아파트.동대문세무서,20.736452,3.1701021,2.5151591
105000479,06424,용두동신동아아파트,18.290035,5.184241,4.1131763
105000480,06022,청량리청과물도매시장,16.30293,5.1557007,4.090533
105000481,06024,제기동역.서울약령시,22.71083,7.1458693,5.669533
105000482,06023,제기동역.서울약령시,15.394008,3.77862,2.9979572
105000483,06026,용두동사거리.한국의류시험연구원,18.532236,4.067294,3.2269912
105000484,06025,용두동사거리,17.375757,5.107132,4.0519986
105000485,06028,신설동역,18.799772,6.3253665,5.0185456
105000486,06027,신설동역,20.361042,9.5634365,7.5876307
105000488,06426,청량리수산시장,13.51968,5.362234,4.254397
105000489,06779,동답초교.대림아파트,17.14294,5.9268656,4.702375
105000549,06423,서울반도체고교.휘경주공아파트,16.387606,4.5990896,3.6489177
105000550,06356,장안동삼성쉐르빌아파트앞,20.122221,5.89916,4.680393
105000551,06288,제기동주민센터앞,17.197493,2.6267161,2.0840366
105000552,06107,신설동역1번출구,19.146252,2.4016995,1.9055084
105000553,01917,서울풍물시장,19.680338,10.539244,8.3618355
105000555,06776,경동시장사거리,15.653953,4.0605755,3.2216606
105000556,06781,정화여중.정화고등학교,19.228758,1.4330105,1.1369505
105000557,06780,정화여중.정화고등학교,19.181896,1.1905489,0.9445815
105000558,06311,한천로입구,17.750132,2.4077325,1.910295
105000559,06310,e편한세상청계센트럴포레아파트,20.716745,1.8971363,1.505188
105000560,06138,답십리래미안엘파인아파트,15.57676,5.3401923,4.236909
105000561,06512,천장산로33,29.84432,6.9058847,5.479129
105000562,06516,삼성래미안,37.70322,8.685652,6.891196
105000563,06518,래미안라그란데,36.67341,12.652869,10.038786
105000564,06520,래미안라그란데,41.615143,5.2865496,4.1943483
105000565,06522,이문동우체국,31.546717,12.820753,10.171986
105000566,06120,래미안라그란데아파트,28.900187,5.02284,3.9851213
105000567,06139,래미안엘파인아파트.장안동성당,16.89459,2.8684006,2.275789
105000568,06425,다사랑행복센터.서울문화재단,18.707472,8.606141,6.828112
105900001,06594,의료원입구사거리,32.020176,1.224417,0.9714524
105900002,06591,고려대역3번출구,23.356928,23.88253,18.948399
105900003,06584,삼희아파트1동,23.267878,3.6114678,2.8653386
105900004,06575,서울시립대,36.767883,8.889122,7.0526295
105900005,06572,동대부고.은석초교앞,16.853376,6.8213744,5.4120784
105900006,06570,동안교회,31.214087,3.0419955,2.4135191
105900007,06567,경희중고,35.823887,7.3903193,5.8634796
105900009,06564,경희맨션,32.236614,4.605878,3.6543033
105900011,06560,경희대동문,31.838541,17.09613,13.564069
105900012,06556,외대.경희대후문,33.803482,8.761366,6.9512677
105900013,06535,새마을금고앞,25.35847,8.008089,6.3536177
105900014,06543,새마을금고앞,25.35847,8.008089,6.3536177
105900015,06537,시립대입구,41.55149,13.421066,10.648274
105900016,06528,삼성래미안,37.49903,3.5086432,2.7837574
105900017,06524,휘경여중고.휘경주공아파트,19.521582,18.102873,14.36282
105900018,06523,전농1동치안센터,23.938652,5.8042426,4.605086
105900019,06521,외대.경희대후문,29.699846,1.6214483,1.2864571
105900020,06519,전농119안전센터,15.458341,0.62293726,0.49423844
105900021,06517,경희대동문,29.763844,4.1428185,3.2869122
105900022,06515,동아아파트,15.7400675,4.276319,3.3928316
105900023,06513,경희맨션,32.236614,4.605878,3.6543033
105900024,06509,경희중고,34.858578,6.893611,5.469391
105900025,06504,동일하이빌.현대베스트빌아파트,18.41287,18.969503,15.050405
105900026,06503,답십리역1번출구,13.779513,3.5153787,2.7891014
105900027,06502,회기역,26.736757,7.3641186,5.8426914
105900028,06501,가든아파트.수사연구소,15.3559885,1.6246158,1.2889701
105900029,06557,신설동역1번출구,18.165674,2.5097642,1.9912468
105900031,06578,신성미소지움아파트,24.500721,21.779396,17.279774
105900032,06579,전농1동치안센터,20.075832,9.147114,7.25732
105900033,06580,동대문해병전우회,15.414319,3.9157677,3.10677
105900034,06581,태양하나어린이집.동아아파트,15.7400675,4.276319,3.3928316
105900035,06582,한신휴플러스후문,16.507717,5.0016007,3.9682698
105900036,06533,영광빌딩,33.045868,4.7395945,3.760394
105900037,06576,영광빌딩,33.164635,3.6376474,2.8861094
105900038,06526,신성미소지움아파트,28.993471,10.027414,7.9557505
105900039,06530,청량리소화물취급소,24.747961,4.634778,3.6772327
105900040,06577,청량리소화물취급소,23.497114,2.9255257,2.321112
105900041,06511,한신휴플러스정문,19.966366,12.209979,9.687398
105900042,06583,신답역,16.512615,2.6821156,2.1279905
105900043,06500,답십리역,12.175954,9.402899,7.46026
105900044,06585,답십리고미술상가2동,18.150284,14.153712,11.229555
105900045,06586,답십리건축자재시장,16.901083,1.5642754,1.241096
105900046,06587,답십리쌍마사거리,18.119303,3.924885,3.114004
105900047,06588,부속상가,20.448126,2.0026968,1.5889397
105900050,06510,경희대의료원.경희여중고,37.07455,19.255045,15.276952
105900051,06506,경희대입구,29.412127,0.5827094,0.46232164
105900053,06546,회기역종점,26.424406,10.265696,8.144803
105900054,06595,삼육서울병원,19.041336,6.672292,5.2937965
105900056,06539,외대앞역,20.662569,1.6181264,1.2838215
105900057,06505,동안교회,28.278954,11.568786,9.178675
105900060,06559,천장산로33,29.84432,6.9058847,5.479129
105900061,06508,시조사삼거리,33.127666,10.634202,8.437176
106000001,07001,망우역,20.707417,2.754521,2.1854367
106000002,07002,망우역,18.929794,4.5911684,3.642633
106000003,07003,상봉역.중랑우체국,19.320234,2.712592,2.1521704
106000004,07004,상봉역.중랑우체국,18.247314,2.8044899,2.2250822
106000005,07005,중랑역.동부시장,14.841974,3.1843028,2.5264258
106000006,07006,중랑역.동부시장,16.440487,3.3589492,2.6649902
106000007,07101,극동늘푸른아파트,14.750038,4.580635,3.634276
106000008,07102,묵동자이.신도브래뉴아파트,20.383131,3.0013268,2.3812528
106000009,07103,묵동삼거리.먹골역,19.99757,3.6177301,2.8703072
106000010,07104,먹골역.묵동자이아파트,20.402473,9.449296,7.4970717
106000011,07105,한국전력동대문중랑지사,19.375587,2.5829387,2.0493035
106000012,07106,한국전력동대문중랑지사,19.449434,1.5513388,1.2308322
106000013,07107,지하철7호선중화역,18.292192,1.0329612,0.81955147
106000014,07108,지하철7호선중화역,19.724056,7.583643,6.0168624
106000015,07109,국민은행중화동지점,19.0171,2.0831225,1.6527494
106000016,07110,중화동한신아파트,20.530542,6.058485,4.806802
106000017,07111,상봉2동복합청사.도서관,17.483181,5.5507007,4.403926
106000018,07112,상봉2동복합청사.도서관,16.298168,0.51609147,0.40946698
106000019,07113,면목2동주민센터,16.23281,2.651136,2.1034112
106000020,07114,중목초등학교,17.388845,5.722738,4.54042
106000021,07115,면목2동사거리,16.096422,1.2839041,1.0186495
106000022,07116,면목2동사거리,16.121975,4.1520452,3.2942326
106000023,07117,면목5동주민센터,16.428722,1.7488707,1.387554
106000024,07118,장안시장,16.76938,3.7614625,2.9843445
106000025,07119,면목신우아파트,13.919913,3.0810816,2.4445302
106000026,07120,면목신우아파트,14.656548,1.2626319,1.0017722
106000027,07121,면목119안전센터,19.415262,7.1539655,5.6759562
106000028,07122,경남아너스빌아파트앞,14.634811,5.055751,4.011233
106000029,07123,늘푸른동아아파트,21.724808,4.2756534,3.3923035
106000030,07124,중랑역.동부시장1,16.656599,2.1785254,1.7284421
106000034,07128,한샘교회,21.429033,0.8794684,0.6977702
106000035,07129,신내지하차도,26.450449,5.192275,4.119551
106000036,07130,상봉역2번출구,23.16925,5.1079917,4.0526805
106000037,07131,신내지하차도,27.71848,7.0369015,5.5830774
106000038,07132,중랑구방정환교육지원센터,19.582153,1.4386102,1.1413933
106000039,07133,망우역,24.797289,7.8931494,6.2624245
106000040,07134,망우역,24.1792,6.93488,5.5021334
106000041,07135,망우지구대,24.641304,2.6104457,2.0711277
106000043,07137,하나은행망우동지점,25.922733,0.48425484,0.3842078
106000046,07140,금란교회앞,31.569273,2.204273,1.7488703
106000047,07141,금란교회앞,36.089966,11.63486,9.231097
106000049,07143,망우동고개,41.742146,8.857306,7.0273867
106000050,07144,서울우유앞,17.582827,16.735655,13.278069
106000051,07145,서울우유앞,17.366545,3.735193,2.9635022
106000052,07146,중랑초등학교,17.203873,7.7740197,6.167907
106000053,07147,중랑초등학교,16.812258,4.343713,3.4463017
106000054,07148,동부시장남문입구,17.802069,0.3483171,0.27635476
106000055,07149,동부시장남문입구,16.307285,0.5345423,0.42410585
106000056,07150,88병원,17.248497,4.8473663,3.8459003
106000057,07151,상봉2동주민센터,16.643623,1.8758123,1.4882694
106000058,07152,서울창업카페상봉점,19.3975,4.0371027,3.2030375
106000059,07153,서울창업카페상봉점,20.081684,1.8372419,1.4576677
106000060,07154,면목6거리,22.787766,2.1580532,1.7121994
106000061,07155,면목6거리,22.582361,4.743817,3.7637444
106000062,07156,상봉신협,23.248709,4.886802,3.8771887
106000063,07157,상봉신협,23.561304,4.003503,3.1763792
106000064,07158,혜원사거리,25.391315,3.63937,2.8874762
106000065,07159,혜원사거리,26.159811,3.9455256,3.1303802
106000066,07160,혜원여중고입구,28.392399,3.1726205,2.517157
106000067,07161,혜원여중고입구,29.980312,5.144755,4.0818486
106000068,07162,봉우재고개,34.855797,0.5540134,0.4395542
106000069,07163,봉우재고개,32.956642,8.662473,6.8728056
106000070,07164,우림시장,28.63907,4.991753,3.9604568
106000071,07165,우림시장,29.7359,4.180627,3.3169093
106000072,07166,상봉역3번출구,20.371862,0.6649675,0.5275852
106000073,07167,상봉역4번출구,21.079042,1.3150933,1.043395
106000074,07168,면목초등학교,24.148851,5.4412894,4.317119
106000075,07169,면목초등학교,24.90179,2.4294295,1.9275094
106000076,07170,지하철7호선면목역,20.707066,5.107698,4.052448
106000077,07171,지하철7호선면목역,20.357239,2.0514095,1.6275883
106000078,07172,면목본동주민센터.면목정보도서관,27.99717,6.977769,5.536162
106000079,07173,면목본동주민센터.면목정보도서관,26.479456,1.711633,1.3580096
106000080,07174,면동초등학교,27.008224,4.1193576,3.2682984
106000081,07175,면동초등학교,26.445076,3.9562557,3.1388934
106000082,07176,면목우체국.녹색병원,29.150234,4.481433,3.555569
106000083,07177,면목우체국.녹색병원,28.729126,0.47218966,0.37463528
106000084,07178,사가정역.국민건강보험공단중랑지사,29.456573,6.5092816,5.164464
106000085,07179,사가정역2번출구,26.229128,2.3221896,1.8424252
106000086,07180,면목시장,35.898228,3.2701464,2.594534
106000087,07181,면목7동주민센터.면남초등학교,28.996187,9.179111,7.2827067
106000088,07182,면목7동주민센터.면남초등학교,26.433205,5.191623,4.119034
106000089,07183,방약국앞,35.153652,8.247992,6.5439563
106000090,07184,방약국앞,33.96254,7.5912623,6.0229077
106000091,07185,중곡초등학교,27.71705,8.402488,6.6665335
106000092,07186,중곡초등학교,27.147173,2.6339087,2.0897431
106000093,07187,삼룡사입구,28.760668,3.289094,2.6095672
106000094,07188,삼룡사입구,28.877705,1.2407081,0.98437786
106000095,07189,용마공원입구,33.41887,5.7212324,4.539226
106000096,07190,용마공원입구,32.469975,4.2897253,3.4034681
106000097,07191,면일초등학교,39.111004,1.412492,1.1206712
106000098,07192,면일초등학교,42.22729,1.1314788,0.8977153
106000099,07193,서일대학교,35.762554,6.7149796,5.327665
106000100,07194,서일대학교,38.297104,7.6799054,6.093237
106000101,07195,용마문화복지센터.서일대후문,43.883835,7.6117845,6.03919
106000102,07196,용마문화복지센터.서일대후문,42.490864,7.0558333,5.598098
106000103,07197,중화중학교.면목고등학교,38.01351,4.167424,3.3064344
106000104,07198,"중화중학교,중랑구가족센터",40.603203,8.401373,6.6656494
106000105,07199,면중초등학교.면목중학교,42.575317,9.782977,7.761814
106000106,07200,면중초등학교.면목중학교,46.05719,3.296994,2.615835
106000107,07201,한양수자인사가정파크,38.751575,10.54211,8.36411
106000108,07203,면목동금호어울림아파트,46.25542,10.158964,8.0601225
106000109,07204,면목동금호어울림아파트,55.168118,16.925865,13.428981
106000110,07205,면목동대원칸타빌아파트,52.238434,19.97972,15.851909
106000111,07206,용마폭포공원,68.84622,16.14164,12.806777
106000112,07207,용마폭포공원,66.882286,10.642184,8.443509
106000113,07208,용마산역,54.83419,20.600262,16.344248
106000114,07209,용마산역,52.443153,10.882716,8.634347
106000115,07210,용마산하늘채아파트,45.17396,14.677884,11.645433
106000116,07211,용마산하늘채아파트,40.986954,12.386077,9.827114
106000117,07212,묵동구길,22.54624,4.866453,3.861044
106000118,07213,묵동구길,22.327831,3.3569062,2.6633694
106000119,07214,묵1동주민센터입구.먹골역,18.015652,5.229326,4.148947
106000120,07215,묵1동주민센터입구.먹골역,21.779736,5.814115,4.612919
106000121,07216,신성은하수아파트,20.662876,3.1043785,2.463014
106000122,07217,신성은하수아파트,19.069395,5.3441153,4.240021
106000123,07218,면목2동한신아파트,16.180761,3.5524304,2.8184981
106000124,07219,면목2동한신아파트,17.821474,0.3894845,0.309017
106000125,07220,겸재교입구.서울시집집마당,15.217511,4.3306084,3.4359045
106000126,07221,겸재교입구.서울시집집마당,15.627088,1.5541238,1.2330418
106000127,07222,동서그랜드맨션,15.851746,3.7415712,2.9685626
106000128,07223,동서그랜드맨션,16.686834,3.1759102,2.519767
106000129,07224,하나은행면목지점,21.01233,3.0741851,2.4390585
106000130,07225,하나은행면목지점,18.191948,2.4103136,1.9123429
106000131,07226,면목복개천,20.431374,3.6158006,2.868776
106000132,07227,면목복개천,21.295732,3.8049047,3.0188115
106000133,07228,면목역2번출구,22.452356,2.8807125,2.2855573
106000134,07229,면목역2번출구,22.452356,2.8807125,2.2855573
106000135,07230,농협앞,26.740225,1.7319862,1.3741578
106000136,07231,농협앞,26.652912,2.364987,1.8763806
106000137,07232,혜원여중고후문,35.81431,4.8232813,3.8267913
106000138,07233,혜원여중고후문,38.086525,8.521938,6.761306
106000139,07234,면목마젤란아파트,19.489119,1.5893626,1.2610003
106000140,07235,면목마젤란아파트,20.327097,5.918986,4.696123
106000141,07236,녹색병원입구,21.846535,1.8225032,1.445974
106000142,07237,녹색병원입구,20.537624,1.8147416,1.439816
106000143,07238,면목두산1차.사가정아이파크,20.493862,4.607528,3.6556127
106000144,07239,면목두산1차.사가정아이파크,20.289295,3.2160752,2.551634
106000145,07240,면목두산아파트4.5단지,26.14056,27.210854,21.58909
106000146,07241,면목두산아파트4.5단지,19.214132,27.461132,21.787663
106000147,07242,사가정센트럴아이파크아파트,16.521725,4.1987867,3.3313174
106000148,07243,홈플러스면목동점,16.43729,5.965579,4.7330904
106000149,07244,면목두산아파트2차,21.53495,4.1325035,3.2787285
106000150,07245,면목두산아파트2차,21.813913,3.279535,2.601983
106000151,07246,사가정역,24.747993,2.0170724,1.6003453
106000152,07247,사가정역3번출구,25.17319,1.889534,1.4991564
106000153,07248,사가정시장,29.781189,3.8426318,3.0487442
106000154,07249,사가정역4번출구.사가정시장,28.994661,1.1146643,0.8843747
106000155,07250,용마산교차로,33.87472,2.7441268,2.1771903
106000156,07251,중화2동주민센터,19.753366,4.414287,3.5022953
106000157,07252,중화2동주민센터,17.896427,2.3073254,1.8306319
106000158,07253,중화역3번출구,19.648602,1.8482959,1.4664379
106000159,07254,중화역3번출구,19.002327,3.9529653,3.1362827
106000160,07255,중화역2번출구.중화1동주민센터,23.871428,5.2979407,4.2033863
106000161,07256,중화역2번출구.중화1동주민센터,26.011173,6.174053,4.898494
106000162,07257,중흥초등학교,29.412533,5.7170825,4.5359335
106000163,07258,중흥초등학교,28.002144,2.2520826,1.7868023
106000164,07259,이화연립.경동제일교회앞,34.139317,6.901527,5.4756713
106000165,07260,이화연립.경동제일교회앞,35.770184,6.4902196,5.14934
106000166,07261,쌍용아파트.신내테크노타운앞,45.260445,17.003008,13.490187
106000167,07262,쌍용아파트.신내테크노타운앞,43.565475,3.3102756,2.6263726
106000168,07263,엘지아파트앞,51.12189,24.682016,19.58271
106000169,07264,엘지아파트앞,46.847523,12.866531,10.208306
106000170,07265,신현중학교,42.238853,4.04221,3.2070894
106000171,07266,신현중학교,46.178604,6.60134,5.237503
106000172,07267,중랑구청,42.73581,9.104516,7.2235227
106000173,07268,중랑구청,39.857624,1.6646723,1.320751
106000174,07269,동성프라자앞,39.961636,13.967675,11.081953
106000175,07270,동성프라자앞,35.13298,5.8407173,4.634025
106000176,07271,성원아파트.경남아너스빌앞,32.801407,5.1967683,4.123116
106000177,07272,성원아파트.경남아너스빌앞,35.28975,7.419456,5.8865967
106000178,07273,중랑구청사거리,41.418037,2.0810196,1.651081
106000179,07274,중랑구청사거리,35.41824,1.9383813,1.5379118
106000180,07275,신내동성3차아파트,36.653004,7.7232633,6.127637
106000181,07276,신내동성1.2차아파트,42.1897,2.8567147,2.2665174
106000182,07277,신내10단지아파트,41.319496,10.391214,8.24439
106000183,07278,신내9단지아파트,44.11322,12.038618,9.551439
106000184,07279,신내8단지아파트.서울의료원,34.063015,5.8976626,4.6792054
106000185,07280,신내9단지아파트.서울의료원,36.962513,7.481224,5.935603
106000186,07281,신내7단지아파트.홈플러스,32.12682,2.9587243,2.3474517
106000187,07282,신내7단지아파트.홈플러스,31.80466,4.8043795,3.8117948
106000188,07283,봉화초등학교,38.72608,9.366848,7.431657
106000189,07284,봉화초등학교,36.454773,3.6021898,2.8579774
106000190,07285,신내6단지아파트.옹기테마공원,44.66977,9.5841255,7.6040454
106000191,07286,신내6단지,28.517185,5.4465423,4.3212867
106000192,07287,신내6단지아파트.옹기테마공원,45.063988,13.590092,10.782379
106000193,07288,신내우체국.5단지두산대림아파트,37.760418,7.5641804,6.0014205
106000194,07289,신내우체국.5단지두산대림아파트,34.573833,10.4532585,8.293615
106000195,07290,중랑구립정보도서관.구민체육센터,40.561985,7.9063945,6.2729335
106000196,07291,중랑구립정보도서관.구민체육센터,42.590744,8.019482,6.362657
106000197,07292,신내4단지아파트,36.44727,3.8502536,3.0547912
106000198,07293,신내5단지아파트,38.437244,10.287769,8.162316
106000199,07294,화랑대역6번출구,23.726463,7.642833,6.0638237
106000200,07295,화랑대역5번출구,23.04279,7.524708,5.9701033
106000201,07296,봉화산역2번출구,26.615114,10.29914,8.171338
106000202,07297,봉화산역3번출구,32.170967,3.225044,2.55875
106000203,07298,중랑경찰서후문,64.127495,22.290995,17.685675
106000204,07299,새우개마을,49.299934,12.240765,9.7118225
106000205,07300,신내능마을,31.287704,4.553216,3.6125216
106000206,07301,신내능마을,31.238493,3.062072,2.429448
106000207,07302,신내데시앙아파트.신내역프라디움,39.932358,11.784262,9.349633
106000208,07303,신내데시앙아파트.신내역프라디움,38.269745,3.3654766,2.670169
106000209,07304,신내초등학교.신내교회,39.735996,11.035723,8.755742
106000210,07305,신내새한아파트.신내교회,34.658787,13.328036,10.574464
106000211,07306,능산지하차도,27.360806,1.3148682,1.0432165
106000212,07307,능산지하차도,28.767176,1.7158897,1.3613869
106000213,07308,상봉터미널,25.341257,12.038898,9.551662
106000214,07309,상봉터미널,28.188293,9.884181,7.8421087
106000215,07310,망우3동주민센터.혜원여중고후문,33.19467,4.1171174,3.266521
106000216,07311,망우3동주민센터.혜원여중고후문,33.612225,3.1982682,2.5375059
106000217,07312,동원시장,30.384787,2.0674453,1.640311
106000218,07313,동원시장,30.539719,0.9010122,0.71486306
106000219,07314,면목본동파출소,29.791435,3.1101203,2.4675696
106000220,07315,면목본동파출소,34.225414,4.9095955,3.895273
106000221,07316,중화2동체육공원,18.146637,3.2506065,2.5790312
106000222,07317,중화빗물펌프장,19.700504,2.3223617,1.8425618
106000223,07318,중랑으뜸새마을금고본점,18.99123,3.512977,2.787196
106000224,07319,중랑으뜸새마을금고본점,18.99123,3.512977,2.787196
106000225,07320,중랑세무서,16.047281,5.06949,4.0221334
106000226,07321,중랑세무서,16.640968,0.29768476,0.23618308
106000228,07324,아남리치카운티아파트,20.153522,4.24648,3.369157
106000229,07325,망우동고개,48.024834,4.077001,3.2346926
106000231,07327,망우금호어울림아파트,41.08776,10.32994,8.195775
106000232,07328,망우동금호어울림아파트,39.45835,7.942697,6.301736
106000233,07329,경남아파트.서울특별시북부병원,35.632256,9.052185,7.1820035
106000234,07330,서울특별시북부병원,35.72859,3.9782677,3.1563575
106000235,07331,양원역입구,36.602356,10.98291,8.713841
106000236,07332,양원역입구,36.602356,10.98291,8.713841
106000237,07333,양원리.LH서울양원1단지,40.81184,1.0659893,0.8457559
106000238,07334,양원리.신내역힐데스하임아파트,41.28863,5.0354066,3.9950917
106000239,07335,신내차량사업소입구.동서울교회,41.50972,6.8418827,5.4283495
106000240,07336,신내차량사업소입구.동서울교회,36.800804,6.6046395,5.2401214
106000241,07337,중랑공영차고지,32.20285,5.473404,4.342599
106000249,07346,면목아남아파트,21.292591,6.4910703,5.1500154
106000250,07347,중랑소방서,30.80062,7.543307,5.9848595
106000251,07348,세방아파트입구,36.517067,13.658531,10.8366785
106000252,07349,원묵고등학교,42.927017,17.23777,13.676447
106000253,07350,먹골파출소.신안아파트입구,35.69811,13.45163,10.6725235
106000254,07351,먹골파출소.신안아파트입구,32.341938,11.921176,9.458261
106000255,07352,신안2차아파트,23.974392,7.9505644,6.3079777
106000256,07353,신안2차아파트입구,29.036362,14.079375,11.170577
106000257,07354,중랑소방서,33.349808,12.213128,9.689896
106000258,07355,송곡여고.양원역,31.936514,6.079901,4.823794
106000259,07356,송곡여고.양원역,32.396164,3.6765344,2.9169624
106000260,07357,엘림재가방문요양센터,29.88414,4.7131715,3.7394304
106000261,07358,엘림재가방문요양센터,29.273836,3.6318593,2.8815172
106000262,07359,이화미디어고.중랑숲어린이도서관,27.614464,4.233922,3.3591936
106000263,07360,이화미디어고.중랑숲어린이도서관,27.614464,4.233922,3.3591936
106000264,07361,금란교회,27.170229,1.3102962,1.0395889
106000265,07362,금란교회,28.041082,6.3157783,5.010938
106000266,07363,망우사거리,26.62564,5.0971956,4.044115
106000267,07364,망우사거리,25.520359,1.8294148,1.4514577
106000268,07365,신내지하차도,24.986141,8.111962,6.436031
106000269,07366,신내지하차도,28.578304,7.00055,5.554236
106000270,07367,신내6단지아파트,28.53284,6.6545177,5.2796946
106000271,07369,브라운스톤태릉아파트,24.574392,1.9658518,1.5597068
106000272,07370,브라운스톤태릉아파트,24.18495,3.5393975,2.808158
106000273,07371,묵동교,24.686562,4.856338,3.8530188
106000274,07372,묵동교,23.688133,3.9224453,3.112068
106000275,07373,동양쇼핑,18.535307,1.2544045,0.99524456
106000276,07374,동양쇼핑,20.306639,9.337255,7.408178
106000277,07375,우리은행,20.28059,4.0267487,3.1948223
106000278,07376,목동교입구.로프트원오피스텔,21.332378,5.651383,4.483807
106000279,07377,한국아파트,20.48885,2.8347507,2.2490911
106000280,07378,동구햇살아파트,19.725784,2.2707076,1.8015794
106000281,07379,묵동롯데시네마,20.873936,1.8653373,1.4799585
106000282,07380,묵동롯데시네마,19.842546,3.9291346,3.1173754
106000283,07381,브라운캐슬,19.543785,3.0347912,2.4078033
106000284,07382,브라운캐슬,18.989052,0.7012757,0.55639213
106000285,07383,먹골역입구,20.526548,4.5632906,3.6205149
106000286,07384,먹골역입구,21.78039,4.9229426,3.9058628
106000287,07385,묵2동주민센터,20.45823,1.2366233,0.981137
106000288,07386,묵2동주민센터,20.45823,1.2366233,0.981137
106000289,07387,금보당금은방,20.46681,4.56752,3.6238704
106000290,07388,금보당금은방,18.288788,2.125741,1.686563
106000291,07389,신묵초등학교입구,20.010431,4.0463285,3.210357
106000292,07390,신묵초등학교,18.714844,1.9767156,1.5683261
106000293,07391,제일시장,19.919405,4.2951603,3.4077802
106000294,07392,제일프라자,23.220741,6.5567937,5.20216
106000295,07393,신동신약국,18.179913,4.644816,3.6851969
106000296,07394,신동신약국,17.51877,0.8686183,0.6891618
106000297,07395,중화역입구.대원사약국,22.456217,2.5011888,1.9844431
106000298,07396,중화역입구,19.205236,1.2071965,0.95778966
106000299,07397,태릉시장입구,20.165106,7.9546328,6.311206
106000300,07398,태릉프라자약국.농협,17.455446,1.6504501,1.3094671
106000301,07399,태릉시장입구굴다리,15.311156,3.393215,2.6921768
106000303,07401,우남푸르미아아파트,33.6526,7.415055,5.8831043
106000304,07402,우남푸르미아아파트,37.369568,7.6091623,6.0371094
106000305,07403,신내초등학교,28.828506,3.8825955,3.0804513
106000306,07404,신내초등학교,31.997433,7.9158983,6.2804737
106000307,07405,경남아파트,25.536747,7.55471,5.993907
106000308,07406,대명프라자,26.511187,4.727562,3.7508476
106000309,07407,건영아파트,31.657084,9.773222,7.754074
106000310,07408,상봉1동주민센터,29.983362,9.354813,7.422108
106000311,07409,상봉1동주민센터,32.033154,11.972563,9.499031
106000312,07410,신내쌍용아파트,31.0613,4.1441183,3.2879434
106000313,07411,신내쌍용아파트,35.051556,6.2935433,4.9932976
106000318,07417,망우역,22.151358,6.958571,5.5209303
106000319,07418,중랑공영차고지.신내역,32.38546,8.722618,6.920525
106000320,07420,서울특별시북부병원,41.85639,19.397541,15.390009
106000321,07421,양원역,40.458652,3.5272956,2.7985563
106000322,07422,성은교회앞,18.013798,4.487538,3.5604126
106000324,07424,해모로아파트앞,43.03216,6.7953596,5.3914385
106000325,07425,먹골역5번출구,19.817316,2.5847485,2.0507393
106000326,07426,먹골역4번출구,19.883976,6.081271,4.8248806
106000327,07427,중화2동체육공원,17.163506,0.5706426,0.45274782
106000328,07429,태릉고등학교앞,22.828201,9.623475,7.6352654
106000329,07430,태릉고등학교.원묵초등학교,29.443525,7.2770615,5.7736206
106000330,07431,태릉고등학교.원묵초등학교,28.615202,12.510703,9.925992
106000427,07771,망우역,20.265934,12.36937,9.813859
106000428,07013,동부제일병원.망우역사문화공원,52.70793,15.881346,12.60026
106000429,07014,동부제일병원.망우역사문화공원,42.42694,7.033546,5.5804152
106000430,07012,금란교회,31.968996,11.278063,8.948015
106000431,07011,금란교회,33.32858,8.837,7.011276
106000432,07010,우림시장.망우사거리,25.363657,5.144241,4.081441
106000433,07009,우림시장.망우사거리,24.560762,1.108365,0.8793768
106000434,07007,망우역.망우지구대,24.1792,6.93488,5.5021334
106000435,07008,망우역.망우지구대,23.6536,1.3597878,1.0788558
106000436,07434,신내데시앙아파트후문,30.170412,8.721533,6.9196644
106000437,07435,신내데시앙아파트후문,30.199636,4.486944,3.5599415
106000438,07433,서울의료원후문,28.722832,5.759951,4.569945
106000439,07432,서울의료원후문,30.33577,10.409484,8.258884
106000440,07436,중화중학교삼거리,42.32843,2.5169783,1.9969705
106000441,07437,새우개마을입구,30.366907,2.3745165,1.8839415
106000442,07438,신내역프라디움더테라스후문,31.403648,5.1802998,4.1100497
106000443,07439,용마산빌라,28.123459,4.5026836,3.5724294
106000450,07442,능말입구,32.458145,3.1697843,2.514907
106000451,07447,능말입구,31.614183,1.9698094,1.5628468
106000454,07440,신내역4번출구,39.37902,5.7959704,4.598523
106000456,07448,중랑경찰서후문,59.330578,17.54256,13.918267
106000457,07456,새솔초등학교,47.38279,10.099246,8.012742
106000458,07453,신내데시앙포레아파트220동앞,62.170673,20.841919,16.535978
106000459,07452,신내데시앙포레아파트220동앞,56.772602,5.831301,4.6265545
106000460,07455,새솔초등학교입구,48.097507,5.878162,4.6637335
106000461,07454,신내데시앙포레아파트정문앞,54.74053,6.2903996,4.990803
106000462,07450,당너머,39.079277,11.997766,9.519027
106000463,07451,당너머,39.079277,11.997766,9.519027
106000464,07457,중랑경찰서정문.우디안101동앞,45.197193,7.315619,5.804212
106000465,07460,신내우디안아파트107동앞,33.333973,1.040349,0.8254129
106000466,07459,신내우디안아파트107동앞,32.51953,2.6683588,2.117076
106000467,07550,중랑공영차고지.신내역,37.72518,14.060179,11.155346
106000468,07461,신내10단지아파트,43.182125,5.251468,4.166515
106000469,07462,중랑공영차고지삼거리,33.57342,5.70387,4.52545
106000470,07554,사가정역3번출구,25.207283,2.524841,2.0032089
106000471,07464,우디안아파트114동앞,62.578587,13.227802,10.494939
106000472,07463,우디안아파트114동앞,61.127365,15.832292,12.56134
106000473,07467,브라운캐슬B동,19.032759,2.346727,1.8618932
106000474,07466,늘푸른공원.사가정센트럴아이파크,13.990474,0.36102575,0.28643784
106000475,07465,늘푸른공원.면목라온프라이빗,15.058926,4.0033846,3.1762853
106000476,07125,중랑역.동부시장1,18.516659,5.304324,4.208451
106000477,07415,면목두산아파트2.3단지,25.56373,5.457984,4.3303647
106000480,07551,중랑공영차고지.종점,33.036533,2.525242,2.0035272
106000481,07446,신내SKV1센터,61.25607,21.766266,17.269356
106000482,07443,망우역사문화공원,94.319756,19.214653,15.244905
106000483,07444,망우역사문화공원,99.19834,20.844053,16.537672
106000484,07138,양원숲초등학교,41.756104,10.110667,8.021803
106000485,07136,양원숲초등학교,43.515873,10.1016655,8.014662
106000486,07142,능산사거리,45.409782,11.173988,8.865442
106000487,07202,묵동공감대아파트,24.546352,4.178199,3.3149831
106900001,07530,수협,19.602852,4.329206,3.4347918
106900002,07527,공판장,45.35271,5.1952925,4.121945
106900003,07525,면목본동파출소,31.341875,5.839708,4.6332245
106900004,07523,중화동종점,24.62852,2.318784,1.8397232
106900006,07521,정신교회,22.103552,3.913114,3.1046648
106900007,07520,마을금고,19.3007,2.1623912,1.7156413
106900008,07519,한신아파트후문,17.227161,3.3346543,2.6457148
106900009,07517,한신아파트상가,16.769278,4.0670257,3.226778
106900010,07515,중랑초교정문.면목2동치안센터,15.45725,4.466099,3.5434027
106900012,07512,면목역,20.713766,5.2630844,4.175731
106900013,07510,신일교회,32.70369,3.5136645,2.7877414
106900014,07508,태릉시장,16.580074,4.944627,3.9230669
106900015,07506,수협,21.612074,1.7555317,1.3928388
106900016,07505,공판장,46.23209,4.4366064,3.5200033
106900017,07504,마을금고,20.465187,7.1305556,5.657383
106900018,07503,정신교회,21.871527,2.6772764,2.1241512
106900019,07501,중화동종점,24.62852,2.318784,1.8397232
106900020,07524,지하철7호선면목역,22.4568,7.645698,6.066097
106900021,07500,진로아파트앞.용마산동행길.종점,57.696693,7.8868804,6.257451
106900022,07502,진주빌라.바다약국,48.121853,4.387269,3.4808593
106900023,07529,진로아파트앞.용마산동행길.종점,57.696693,7.8868804,6.257451
106900024,07507,새마을금고,41.33823,3.2661376,2.5913537
106900025,07526,새마을금고,40.80025,4.781976,3.7940202
106900026,07528,진주빌라.바다약국,49.73514,9.398884,7.457074
106900027,07458,중랑경찰서정문.우디안101동앞,43.407326,6.5400167,5.1888494
106900028,07511,서일대정문,35.708694,5.9082584,4.687612
106900029,07509,서일대정문,37.11126,3.8454819,3.0510054
106900030,07518,IBK기업은행면목동지점,23.46826,6.723137,5.3341365
107000001,08001,길음2동주민센터,33.512043,4.2758436,3.3924541
107000002,08002,길음2동주민센터,33.100903,2.140981,1.6986542
107000003,08003,길음뉴타운,37.63382,2.631512,2.0878415
107000004,08004,길음뉴타운,38.18505,2.9813464,2.3654003
107000005,08005,미아리고개.미아리예술극장,61.852,16.64131,13.203215
107000006,08006,미아리고개.미아리예술극장,66.04688,6.999905,5.553725
107000007,08007,돈암사거리.성신여대입구,34.21853,5.5462418,4.4003882
107000008,08008,돈암사거리.성신여대입구,35.212963,5.0782366,4.0290728
107000009,08009,삼선교.한성대학교,37.004787,2.465673,1.956265
107000010,08010,삼선교.한성대학교.조소앙활동터,40.73735,6.5353665,5.1851597
107000011,08101,숭곡초교입구,30.172716,2.8841038,2.288248
107000012,08102,창문여고,34.3223,13.669259,10.84519
107000013,08103,동방고개,50.00454,11.197471,8.884073
107000014,08104,장위동그린빌아파트,39.854313,14.222345,11.284009
107000015,08105,북서울꿈의숲,32.780174,6.0291877,4.7835574
107000016,08106,장월초등학교,24.600468,7.613082,6.0402193
107000017,08107,국민대앞,99.15028,16.15848,12.820138
107000018,08108,국민대앞,106.62159,11.929463,9.464836
107000020,08110,국민대학교앞,101.00068,13.474951,10.691026
107000021,08111,청덕초등학교,84.49315,25.927767,20.57109
107000022,08112,청덕초교,84.34601,5.789185,4.5931396
107000023,08113,북악중학교,74.74317,7.1260395,5.6537995
107000024,08114,고려대사범대학부속고등학교,74.256546,16.297316,12.93029
107000025,08115,봉국사,59.621372,39.91126,31.665592
107000026,08116,봉국사,56.79779,8.95115,7.1018424
107000027,08117,정릉2동주민센터,49.607033,2.7055573,2.146589
107000028,08118,정릉2동주민센터,47.52132,5.9244266,4.70044
107000029,08119,숭덕초교,49.077095,0.7859629,0.62358296
107000030,08120,숭덕초교,48.189117,9.332684,7.4045515
107000031,08121,정릉길음시장,45.80348,9.592036,7.6103215
107000032,08122,정릉길음시장.길음뉴타운9단지,46.844418,6.761344,5.3644505
107000033,08123,길음역2번출구.돈암삼성아파트,40.942806,9.122644,7.237906
107000034,08124,길음역3번출구B,43.93793,11.130252,8.830742
107000035,08125,돈암1동주민센터,43.621758,4.7875743,3.7984614
107000036,08126,돈암1동주민센터,38.19573,11.950116,9.481222
107000037,08127,종암사거리,34.36694,1.6300535,1.2932844
107000038,08128,KT월곡지사,33.63672,4.3525276,3.4532952
107000039,08129,KT월곡지사,32.860218,18.185493,14.428371
107000040,08130,종암SK아파트,32.08849,8.831735,7.0070987
107000041,08131,성북구보건소,34.31071,7.6948543,6.1050973
107000042,08132,월곡역,23.843594,13.864145,10.999813
107000043,08133,월곡역,31.678686,12.566987,9.970648
107000044,08134,동덕여대앞,29.660892,1.4015625,1.1119996
107000045,08135,상월곡역.한국과학기술연구원,41.614872,6.697096,5.313476
107000046,08136,상월곡역.한국과학기술연구원,40.932568,24.051783,19.082685
107000047,08137,월곡중학교,35.317795,9.053393,7.182962
107000048,08138,월곡중학교,36.920635,12.06048,9.568785
107000049,08139,장위아트포레.장위전통시장입구,35.75107,4.413698,3.5018282
107000050,08140,장위아트포레.장위전통시장입구,31.245995,12.046816,9.557943
107000051,08141,돌곶이역5번출구,24.043486,2.052635,1.6285605
107000052,08142,돌곶이역1번출구,25.066238,5.5106297,4.3721337
107000053,08143,장위동동원베네스트.온누리병원,24.649069,6.840509,5.42726
107000054,08144,석관동주민센터,23.920372,8.762002,6.9517727
107000055,08145,석관동주민센터,18.116455,3.7285979,2.9582696
107000056,08146,석계역굴다리앞,18.500248,10.270922,8.14895
107000057,08147,석계역4번출구,30.234465,2.5237234,2.002322
107000058,08148,성가복지병원,29.525623,6.57815,5.2191043
107000059,08149,성가복지병원,32.036255,8.045007,6.3829083
107000060,08150,종암경찰서,30.59883,8.229412,6.5292153
107000061,08151,종암경찰서,26.092861,10.527443,8.352473
107000062,08152,종암동주민센터,29.037111,5.1097226,4.054054
107000063,08153,종암동주민센터,27.722694,3.1513503,2.5002813
107000064,08154,숭례초교,22.819725,0.8449868,0.67041254
107000065,08155,숭례초등학교,22.158504,3.423066,2.7158606
107000066,08156,고대앞,23.076406,5.162575,4.095987
107000067,08157,우신향병원,29.503355,5.9502954,4.7209644
107000068,08158,안암오거리,23.023186,7.745535,6.1453075
107000069,08159,대광초교,23.101648,1.571938,1.2471757
107000070,08160,정릉북한산국립공원입구,105.471375,5.8135753,4.6124907
107000071,08161,정릉산장아파트,90.43257,4.507872,3.5765457
107000072,08162,정릉대우아파트,90.30092,12.440659,9.870419
107000073,08163,정릉4동주민센터.경국사,72.56971,14.969983,11.877185
107000074,08164,정릉4동주민센터.경국사,73.219124,21.270218,16.87579
107000075,08165,성북청수도서관.정릉4동성당,65.31734,9.853899,7.818084
107000076,08166,성북청수도서관.정릉4동성당,62.88352,3.9713764,3.15089
107000077,08167,정릉시장입구,57.250935,11.898662,9.440398
107000078,08168,정릉시장입구,58.215576,8.040635,6.37944
107000079,08169,정릉우체국앞,46.280506,2.166666,1.7190329
107000080,08170,정릉우체국앞,48.267563,11.000758,8.728002
107000081,08171,미아초교,71.88447,9.04507,7.1763587
107000082,08172,미아초교,67.03826,8.881088,7.0462556
107000083,08173,길음동동부아파트,59.553722,16.37289,12.990252
107000084,08174,길음동동부아파트,64.90485,9.356421,7.4233847
107000085,08175,삼선동주민센터,33.89031,1.9498781,1.5470332
107000086,08176,삼선동주민센터,33.12731,2.4354188,1.9322612
107000087,08177,성북구청.성북경찰서,33.759388,5.938076,4.71127
107000088,08178,성북구청.성북경찰서,33.06793,2.7000475,2.1422176
107000089,08179,보문역2번출구,31.734392,5.9546566,4.7244244
107000090,08180,보문역6번출구,25.325191,1.1427245,0.9066376
107000091,08181,보문동성당,24.80721,5.7956057,4.5982337
107000092,08182,보문동성당,24.942713,4.6212845,3.6665273
107000093,08183,보문동주민센터,24.766144,3.3254292,2.6383955
107000094,08184,보문동주민센터,22.086763,4.870394,3.864171
107000095,08185,월계2교.참누리아파트,29.214054,4.919161,3.902862
107000096,08186,월계2교,21.337095,7.075769,5.613915
107000097,08187,광운초교앞,24.862259,3.3915107,2.6908245
107000098,08188,광운초교,25.219051,4.8323283,3.8339694
107000099,08189,성북청소년센터,23.511566,5.8069773,4.607256
107000100,08190,성북청소년센터,21.805906,3.0667646,2.433171
107000101,08191,장위자이레디언트아파트,22.828278,5.9467444,4.7181473
107000102,08192,장위자이레디언트아파트,20.602816,3.4180157,2.7118537
107000103,08193,장위사거리,22.24964,2.3415937,1.8578205
107000104,08194,장위사거리,22.929115,1.6432854,1.3037827
107000105,08195,석관중고등학교앞,19.212938,0.55461013,0.44002768
107000106,08196,석관고등학교,20.671928,2.3880787,1.8947016
107000107,08197,석관동코오롱아파트,18.10312,8.763013,6.9525747
107000108,08198,석관동코오롱아파트,19.387506,4.366512,3.4643903
107000109,08199,북서울꿈의숲,33.98021,4.2433,3.3666341
107000110,08200,북서울꿈의숲,30.063364,6.296914,4.9959717
107000111,08201,장곡초교앞,29.502996,2.7781866,2.2042131
107000112,08202,장곡초교앞,29.502996,2.7781866,2.2042131
107000113,08203,하나은행장위동지점,29.21241,3.0180511,2.394522
107000114,08204,하나은행장위동지점,29.095997,3.3098924,2.6260686
107000115,08205,장위동원천주유소,23.305014,3.6829531,2.922055
107000116,08206,장위동원천주유소,22.855022,1.0615581,0.8422403
107000117,08207,돌곶이역2번출구,23.065601,2.441663,1.9372154
107000119,08209,돌곶이역7번출구,19.598333,1.9457425,1.5437521
107000120,08210,돌곶이역3번출구,23.685278,0.7832562,0.6214354
107000121,08211,석관시장,20.848146,1.5319295,1.2154329
107000122,08212,석관시장,20.915228,2.104852,1.6699896
107000123,08213,석관동새마을금고,20.22682,1.1748407,0.93211865
107000124,08214,석관동새마을금고,20.975554,3.472779,2.755303
107000125,08215,한국예술종합학교,21.409887,3.9647593,3.1456401
107000126,08216,한국예술종합학교,20.236536,1.6739556,1.3281163
107000129,08219,꿈의숲아이파크아파트,25.018785,0.7869584,0.6243728
107000130,08220,꿈의숲아이파크아파트,24.695225,0.88324094,0.7007634
107000131,08221,장곡초교사거리,28.528566,5.7939577,4.596926
107000132,08222,장곡초교사거리,28.528566,5.7939577,4.596926
107000133,08223,서울다원학교.한용운활동터,87.104866,0.7198377,0.57111925
107000134,08224,동방문화대학원대학교,78.03834,21.523392,17.076658
107000135,08225,동방문화대학원대학교,72.88036,6.988899,5.544993
107000136,08226,성북구립미술관.쌍다리앞,64.44673,5.8732195,4.659812
107000137,08227,성북구립미술관.쌍다리앞,64.44673,5.8732195,4.659812
107000138,08228,성북초교.성북선잠박물관,55.09695,7.3845,5.8588624
107000139,08229,성북초교.성북선잠박물관,58.03874,4.3079624,3.4179375
107000140,08230,홍익대부속중고등학교입구,51.29893,7.9885373,6.338105
107000141,08231,홍익대부속중고등학교입구,49.70965,1.9760821,1.5678235
107000142,08232,경신중고입구,50.699608,23.911133,18.971092
107000143,08233,경신중고입구,46.965637,2.9305127,2.3250687
107000144,08234,성북동주민센터.서울동구고,57.76486,23.075037,18.307734
107000145,08235,성북동주민센터.서울동구고,50.788044,14.953836,11.864374
107000146,08236,한성대입구역5번출구.삼선교,42.039577,2.7853794,2.2099202
107000147,08237,한성대입구역6번출구.삼선교,42.85261,6.029872,4.7841
107000150,08245,길음시장,39.179195,8.413698,6.675428
107000151,08246,길음시장,38.856297,2.9716258,2.357688
107000152,08247,길음역10번출구,37.731754,2.6430387,2.096987
107000153,08248,길음역9번출구,38.967533,14.683259,11.649697
107000154,08249,미아사거리,40.84855,13.68937,10.861146
107000155,08250,서경로꿈마루도서관앞,113.698364,17.22309,13.664799
107000156,08251,길원초등학교입구,104.45987,20.99306,16.655893
107000157,08252,길원초등학교입구,107.17331,19.390179,15.384169
107000158,08253,길음뉴타운11단지롯데캐슬,88.753235,11.708871,9.289818
107000159,08254,길음뉴타운11단지롯데캐슬,92.60282,20.406363,16.190407
107000160,08255,정릉동아.길음뉴타운데시앙아파트,68.57309,14.84693,11.779554
107000161,08256,길음뉴타운데시앙.정릉동아아파트,73.106544,5.4485965,4.3229165
107000162,08257,숭덕초교,42.9448,6.2910748,4.9913387
107000163,08258,성북생태체험관,160.77884,10.560807,8.378944
107000164,08259,정릉초교,151.05472,7.250222,5.7523265
107000165,08260,정릉동풍림상가앞,125.59247,33.411316,26.508537
107000166,08261,정릉동풍림상가앞,118.02107,18.37554,14.579153
107000167,08262,정릉동풍림아파트.청소년문화의집,111.69527,6.8531003,5.4372497
107000168,08263,정릉입구.정릉역,44.569584,13.396042,10.62842
107000169,08264,정릉입구.정릉역,43.152992,5.0765214,4.027712
107000170,08265,아리랑고개.아리랑시네미디어센터,64.85592,0.56637806,0.44936436
107000171,08266,아리랑고개.아리랑시네미디어센터,64.93993,9.006428,7.1456995
107000172,08267,돈암2동주민센터입구.흥천사,39.7295,8.424492,6.683992
107000173,08268,돈암2동주민센터입구.흥천사,41.01555,4.987738,3.9572713
107000174,08269,성신여대입구역5번출구,39.864952,9.248199,7.337521
107000175,08270,성신여대입구역6번출구,42.700947,6.7924185,5.389105
107000176,08271,한국과학기술연구원입구,32.516903,8.692325,6.8964906
107000177,08272,대농빌라앞,28.699768,6.4755254,5.137682
107000178,08274,월곡샹그레빌아파트,30.090965,7.4198346,5.886897
107000179,08275,장위동고개,77.656105,15.3939705,12.213576
107000180,08276,장위동고개,69.29144,14.132805,11.212968
107000181,08277,장위1동주민센터,54.751465,7.939102,6.298884
107000182,08278,장위1동주민센터,54.002464,7.4010754,5.872013
107000183,08279,장위1동치안센터,48.075657,12.647615,10.034617
107000184,08280,장위1동치안센터,44.61861,10.234395,8.119969
107000185,08281,청소년문화누림센터,48.257996,10.095706,8.009933
107000186,08282,청소년문화누림센터,44.355846,12.210335,9.687679
107000187,08283,월곡1동주민센터,33.14474,11.32381,8.98431
107000188,08284,월곡1동주민센터,37.03595,10.339135,8.20307
107000189,08285,밤나무골시장,34.340458,3.5205379,2.7931948
107000190,08286,월곡삼성래미안아파트,34.340458,3.5205379,2.7931948
107000191,08287,월곡동두산아파트,32.40668,3.1602552,2.5073464
107000192,08288,월곡동두산아파트,32.40668,3.1602552,2.5073464
107000193,08289,생명의전화,29.848917,1.4932313,1.1847297
107000194,08290,생명의전화,31.661278,2.2815185,1.8101568
107000197,08293,장곡초교,31.576708,2.6554744,2.1068535
107000198,08294,장곡초교,32.16958,5.14749,4.0840187
107000199,08295,보문역5번출구,27.795593,1.8258876,1.4486592
107000200,08296,보문역4번출구,26.862186,2.5664623,2.0362313
107000201,08297,안암동주민센터,34.068943,13.084369,10.381138
107000202,08298,안암동주민센터,35.480423,13.923625,11.047004
107000203,08299,고려대이공대.고대병원,46.60359,4.9553113,3.931544
107000204,08300,고려대이공대.고대병원,46.42635,15.328587,12.1617
107000205,08301,안암역3번출구,30.714054,8.256455,6.5506716
107000206,08302,안암역2번출구,30.528028,8.916469,7.0743265
107000207,08303,안암오거리,24.320574,5.22636,4.146594
107000208,08304,개운사입구,33.342274,9.45608,7.5024548
107000209,08305,성신여대입구역3번출구.돈암시장,34.636265,0.7893751,0.6262902
107000210,08306,성신여대입구역2번출구.돈암시장,34.079346,1.6450502,1.3051828
107000211,08307,성북구청,27.491457,0.3612307,0.28660044
107000212,08308,성북구청,30.708746,6.09318,4.834329
107000213,08309,보문2교,29.803993,3.7413418,2.9683807
107000214,08310,보문2교,29.449924,4.9223166,3.905366
107000215,08311,성신여대후문,36.195255,9.457537,7.5036097
107000216,08312,성신여대후문,36.195255,9.457537,7.5036097
107000217,08313,용문중고교,37.060314,7.1225953,5.6510673
107000219,08315,안암초교,37.398712,9.79375,7.770361
107000220,08316,안암초교,39.075497,9.725165,7.7159467
107000222,08318,돈암초교입구,37.033573,5.975963,4.741329
107000224,08320,정릉3동주민센터앞,59.197826,6.534934,5.184817
107000225,08321,정릉3동주민센터앞,56.667656,4.1570954,3.2982395
107000226,08322,삼덕단지.성북구최만린미술관,73.00325,16.352781,12.974297
107000227,08323,삼덕단지.성북구최만린미술관,68.78542,15.565881,12.34997
107000228,08324,솔샘사거리,65.495636,3.3116546,2.6274667
107000229,08325,솔샘사거리,65.69153,7.5096564,5.9581614
107000230,08326,보문역3번출구,29.98558,3.5700872,2.8325071
107000231,08327,성북우체국.현대백화점,33.963127,15.239735,12.091206
107000232,08328,정릉동풍림아파트,111.69527,6.8531003,5.4372497
107000233,08329,현대백화점,26.287388,10.607837,8.416258
107000234,08330,돈암동일신건영휴먼빌아파트,66.91451,2.342601,1.8586197
107000235,08332,석계역5번출구,18.179913,12.016485,9.533879
107000236,08333,석계역,24.727036,15.425744,12.238785
107000237,08334,월곡2SH빌아파트,44.675713,20.932568,16.607899
107000238,08335,석관고등학교후문,21.409025,5.5334573,4.390245
107000239,08336,길음역3번출구A,38.254627,8.666439,6.8759527
107000240,08338,청소년문화의집.정릉e편한세상,92.193016,13.03874,10.344936
107000243,08341,상진운수종점,17.68648,5.002913,3.969311
107000244,08342,상진운수종점,19.6498,2.2811222,1.8098423
107000246,08344,대진여객차고지,99.8138,8.116804,6.4398723
107000249,08347,정릉북한산국립공원입구,106.63146,5.717228,4.536049
107000251,08349,성북생태체험관,160.77884,10.560807,8.378944
107000252,08350,정릉초교,151.05472,7.250222,5.7523265
107000255,08353,월곡중학교,41.53038,6.3122745,5.008158
107000257,08355,508단지삼거리,133.63083,18.731592,14.861645
107000259,08357,산장빌라,105.58599,25.974293,20.608004
107000260,08358,산장빌라,110.29544,27.009726,21.429516
107000262,08360,교수단지,94.454544,5.3461576,4.2416415
107000263,08361,우방아파트,88.39639,15.659939,12.424595
107000266,08364,일신건영아파트.꿈에그린아파트,66.582504,9.4793825,7.5209417
107000267,08365,돈암힐스테이트.코오롱하늘채,50.877285,21.797688,17.294285
107000268,08366,돈암동일신건영휴먼빌아파트,68.27664,3.155308,2.5034213
107000269,08367,구민회관입구,149.09216,14.837982,11.772455
107000270,08368,508단지입구,116.971535,35.443737,28.121061
107000271,08369,스카이힐스,151.37083,26.18758,20.777225
107000272,08370,508단지삼거리,133.63083,18.731592,14.861645
107000273,08371,대일외고.서경대정문,109.21659,44.752922,35.506966
107000274,08372,서경대본관,121.975784,41.23222,32.713642
107000275,08373,서경대본관,131.68416,39.346424,31.217451
107000280,08381,길음뉴타운8단지,75.81793,10.693085,8.483893
107000281,08380,길음뉴타운8단지,78.23585,16.817612,13.343094
107000282,08382,서경로꿈마루도서관앞,113.698364,17.22309,13.664799
107000290,08390,국민커뮤니티센터,79.06294,12.406169,9.843054
107000291,08391,정릉연립,79.06294,12.406169,9.843054
107000292,08392,국민대후문,99.10956,18.929167,15.018401
107000293,08393,국민대후문,99.25885,11.602983,9.205808
107000294,08394,고려대사범대학부속고등학교후문,81.97562,11.2969265,8.962982
107000295,08395,고려대사범대학부속고등학교후문,81.97562,11.2969265,8.962982
107000296,08396,월곡래미안루나밸리,26.115324,14.111562,11.196114
107000444,08800,서경대정문.대일외고,105.30808,40.854294,32.413795
107000469,08841,종암사거리입구,25.601143,9.682336,7.6819654
107000495,08866,북서울꿈의숲,36.06158,5.554459,4.4069076
107000496,08240,신종월교,28.436539,5.868192,4.6558237
107000497,08400,길음뉴타운10단지.라온유아파트,45.947678,7.5403495,5.982513
107000500,08403,월곡동신아파트,28.327356,3.2436113,2.573481
107000501,08401,숭곡초교후문,31.33802,1.6025808,1.2714876
107000502,08402,월곡아남아파트,31.116697,3.7176335,2.9495704
107000504,08241,창문여고,34.3223,13.669259,10.84519
107000505,08404,돌곶이역8번출구,28.84995,6.700556,5.3162208
107000506,08359,성북참노인전문병원,146.14877,20.32944,16.129377
107000507,08967,고려대역.숭례초교,23.243765,6.555849,5.201411
107000508,08348,풍림아파트삼거리,135.64458,15.295477,12.135431
107000509,08405,한성대입구역,47.964287,7.1637006,5.68368
107000510,08314,용문중고교,37.548805,8.782403,6.967959
107000514,08238,서울다원학교.한용운활동터,89.18801,18.296968,14.516814
107000515,08363,일신건영아파트.꿈에그린아파트,61.128254,21.081985,16.726448
107000516,08406,장위동입구,61.05047,12.281161,9.743874
107000518,08408,북한산보국문역2번출구,64.36744,7.959933,6.3154106
107000519,08409,북한산보국문역1번출구,63.76856,12.265428,9.731391
107000520,08218,돈암힐스테이트.코오롱하늘채,46.15006,10.677829,8.471789
107000521,08242,장위래미안아파트,23.688763,2.4517422,1.9452124
107000522,08239,장위래미안아파트,23.688763,2.4517422,1.9452124
107000523,08352,골드하우스,152.13472,15.662616,12.42672
107000524,08351,파크빌라앞,143.79211,8.378779,6.6477237
107000525,08410,일신초교.래미안라센트아파트,26.779114,3.4427636,2.7314887
107000526,08411,서울사대부설중학교,24.876303,2.4777555,1.9658513
107000527,08412,서울사대부설고등학교,22.934267,11.258103,8.932179
107000528,08243,남대문중학교,23.377716,2.6285722,2.085509
107000529,08244,남대문중학교,23.092472,2.037367,1.616447
107000530,08606,석관고,18.649277,1.1228179,0.8908437
107000531,08782,장위2동주민센터,25.919106,7.6300564,6.0536866
107000532,08784,장위2동주민센터,22.851238,8.598849,6.822327
107000533,08785,돌곶이역3번출구,21.497683,7.9554114,6.3118234
107900001,08449,고려아파트,81.83624,26.353344,20.908743
107900002,08470,KEB하나은행.오렌지마트,64.38178,6.4097557,5.0855002
107900004,08474,한양슈퍼앞,63.920223,17.904842,14.205702
107900005,08469,푸르지오211동,87.61101,23.40565,18.570042
107900006,08475,구민회관.201동앞,130.54405,31.012411,24.605247
107900007,08477,돈암지구대.현대아파트,62.45253,23.467175,18.618856
107900008,08478,선경아파트,32.32932,6.6479125,5.2744536
107900009,08479,세븐마트,29.865913,1.9348769,1.5351313
107900010,08480,죽림정사,52.949135,19.843102,15.743517
107900012,08482,나약국,65.94239,9.319599,7.39417
107900013,08483,동아아파트,49.336517,7.3026404,5.7939153
107900014,08484,월곡인조잔디구장,72.387146,21.824993,17.315948
107900015,08485,푸르지오정문.e편한세상후문,82.65308,7.5614986,5.999293
107900016,08489,성신여대정문앞,32.25798,4.7296057,3.7524693
107900017,08491,(구)법화사,61.153156,22.576294,17.912033
107900018,08492,이수아파트.한신휴아파트입구,43.71806,9.709542,7.703551
107900019,08493,극동아파트정문,26.707758,6.537837,5.18712
107900020,08494,고려대법과대학.한국어교육관입구,45.777233,27.567112,21.871746
107900021,08495,래미안세레니티,50.74622,14.296635,11.34295
107900023,08499,월곡1동밤골경로당,49.02691,27.297995,21.658228
107900024,08503,정수초교,83.290665,24.594126,19.51298
107900025,08504,성신여대평생교육원,32.33926,2.669432,2.1179273
107900026,08506,극동아파트후문,34.308716,10.828096,8.591012
107900027,08507,고려대안암학사,75.19346,30.663189,24.328175
107900028,08508,통일교회,41.813457,15.291809,12.132522
107900030,08510,장위1동치안센터,48.079002,11.118255,8.821223
107900031,08511,GS25장위제일점,42.451054,8.152892,6.468505
107900032,08468,월곡청소년센터.오동숲속도서관,101.0963,21.647905,17.175447
107900033,08512,초림빌라,43.494267,15.334342,12.166266
107900034,08513,대림상가앞,64.16953,12.300064,9.758871
107900035,08514,현대아파트앞,48.69847,11.340818,8.997806
107900036,08516,산장아파트,89.68517,5.6198916,4.4588223
107900037,08517,그린빌라,86.36498,17.075396,13.547619
107900038,08519,삼선시장앞,39.00077,7.1328263,5.6591845
107900039,08521,종암아이파크2차정문,37.139835,6.5025396,5.159115
107900040,08522,고려대아이스링크,95.81308,23.908504,18.969007
107900041,08523,그린마트,36.52092,12.624743,10.016471
107900043,08526,장위천주교앞,49.867672,13.045745,10.350494
107900044,08527,동덕여대후문,41.64549,15.920097,12.631005
107900045,08528,e편한세상정문,68.30467,6.5750494,5.2166443
107900046,08529,래미안821동앞,42.366188,13.402063,10.633197
107900047,08532,정수빌라,91.65631,9.729035,7.7190166
107900048,08467,슈퍼앞,67.79173,5.930139,4.7049723
107900049,08534,한성대입구역.성북천분수마루,41.05513,8.211369,6.5149
107900050,08537,정덕초교입구.이수아파트,42.384323,5.5596676,4.4110403
107900051,08538,현대홈마트,31.68991,5.8713737,4.6583476
107900052,08539,성북구의회,110.64781,10.98879,8.718506
107900053,08540,종암아이파크2차후문,32.16421,0.6431578,0.5102814
107900055,08542,장위시장,38.851616,9.840468,7.8074274
107900056,08543,두산아파트후문,33.204426,3.9698956,3.1497152
107900057,08548,그린빌라,88.271225,16.920603,13.424806
107900058,08552,돈암지구대.현대아파트,61.36409,16.730202,13.273742
107900060,08554,개운중학교,110.59895,2.1037967,1.6691524
107900061,08555,성북노인정입구,31.423845,4.592895,3.644003
107900063,08557,어해랑앞,25.617178,0.84061295,0.66694236
107900064,08558,자산약국.월곡전철역입구.6호선,29.496946,1.2641594,1.002984
107900065,08559,동부아파트.샘물교회앞,56.92867,15.047431,11.938632
107900066,08562,수녀원,71.850746,7.704775,6.1129684
107900067,08563,정수초교,79.6071,24.478249,19.421041
107900068,08564,고려대이공대,47.04443,16.443146,13.045992
107900069,08566,삼선교.한성대입구역,44.668224,5.034546,3.9944086
107900070,08567,한신103동앞,102.95097,37.66057,29.879894
107900071,08569,돈암신일해피트리아파트,69.182014,14.651805,11.624742
107900072,08570,통일교회,41.813457,15.291809,12.132522
107900073,08571,풍림아파트.성신초교,85.073746,24.365734,19.331774
107900074,08572,한미약국,27.607468,5.7155476,4.534715
107900076,08574,세광빌라,24.429838,5.6308026,4.4674788
107900077,08466,고려슈퍼,75.60297,9.71677,7.7092857
107900079,08576,래미안길음센터피스120동앞,42.037125,13.433748,10.658336
107900080,08581,고대병원,43.524055,7.017331,5.5675507
107900081,08584,풍림106동,71.83086,17.29309,13.720338
107900082,08585,성북노인정입구,31.423845,4.592895,3.644003
107900083,08586,성북청소년센터,23.511566,5.8069773,4.607256
107900084,08587,관문약국,22.569187,3.0204065,2.3963904
107900086,08589,영훈중고후문.길음래미안센터피스,37.382374,5.5669336,4.4168053
107900087,08590,성북미디어문화마루,36.68301,1.246236,0.98876363
107900088,08592,구.정릉3동주민센터,58.935566,7.6395073,6.061185
107900090,08596,한성대입구역5번출구,46.53818,9.108422,7.226622
107900091,08597,참누리아파트,24.683596,7.775914,6.16941
107900093,08598,고명중고교,73.30009,15.847617,12.5735
107900095,08997,삼선동주민센터,32.05072,1.6379477,1.2995477
107900097,08600,장위자이레디언트1단지,23.62361,4.7959876,3.8051367
107900098,08602,우리랜드사우나,22.532055,2.2334752,1.7720392
107900100,08657,미아사거리전철역,35.158356,3.5535507,2.8193872
107900101,08662,길음시장입구,41.03493,9.912265,7.864391
107900102,08714,정든마을,59.000782,3.720105,2.9515312
107900103,08716,고대사거리,31.992435,16.309755,12.940161
107900104,08465,종암교통정보센터,25.121178,7.8251023,6.208436
107900105,08987,한진207동앞,116.619606,16.794397,13.324676
107900106,08988,한진202동앞,123.293884,9.3177395,7.392695
107900107,08718,한성대입구역2번출구,42.435043,5.3297396,4.2286158
107900108,08721,삼선교제1시장,45.468525,16.706755,13.255139
107900109,08989,한진204동앞,123.293884,9.3177395,7.392695
107900110,08722,개운초등학교,64.54124,10.911095,8.656862
107900111,08984,한신105동앞,102.224945,26.078775,20.6909
107900112,08983,석관동주민센터,21.27367,4.358719,3.4582074
107900113,08727,정릉쌍용예가아파트,71.72741,11.090184,8.798952
107900114,08982,양광교회.죽림정사앞,52.949135,19.843102,15.743517
107900115,08728,그린마트,35.761967,11.942253,9.474983
107900116,08981,래미안세레니티,50.74622,14.296635,11.34295
107900117,08980,꿈의숲대명루첸아파트,33.771374,6.2057467,4.9236393
107900118,08731,래미안610동앞,44.689083,9.249711,7.3387213
107900119,08979,성북세무서앞,40.392685,0.68452996,0.5431061
107900120,08733,수보약국,54.77236,5.261521,4.1744905
107900121,08977,해병대전우회,28.180706,11.759428,9.32993
107900122,08976,고려대법과대학.한국어교육관입구,41.360664,24.202454,19.202227
107900123,08975,종암중학교,29.274742,6.172827,4.897521
107900124,08973,고려대안암학사,71.122894,27.135021,21.528927
107900125,08734,쌍다리,65.00228,11.96965,9.49672
107900126,08972,선경아파트,32.32932,6.6479125,5.2744536
107900127,08744,녹십자약국,37.869095,3.5110502,2.7856672
107900128,08745,삼선교제2시장,41.908245,12.149699,9.639571
107900129,08748,종암래미안,47.961464,14.436597,11.453997
107900130,08749,힐스테이트,71.31673,13.892381,11.022215
107900131,08750,현대백화점,26.287388,10.607837,8.416258
107900132,08751,래미안609동앞,42.366188,13.402063,10.633197
107900133,08757,오렌지마트,62.917896,5.44175,4.3174844
107900134,08758,정릉시장입구,56.49408,10.148705,8.051983
107900135,08759,용광교회,78.54971,17.810398,14.130771
107900136,08760,삼영탕앞,38.153004,4.7547407,3.7724113
107900137,08765,성북세무서앞,42.543354,4.5668817,3.623364
107900138,08766,종암아이파크1차후문,38.7612,11.093702,8.8017435
107900139,08767,우성APT정문,64.28351,20.781977,16.48842
107900141,08769,길음2동주민센터,34.693638,1.3841188,1.0981598
107900142,08770,래미안501동앞,45.179855,10.274491,8.151781
107900143,08464,종암중학교,28.143942,4.1775427,3.3144624
107900144,08771,북정마을삼거리,109.29028,15.982862,12.680803
107900145,08772,성북세무서앞,40.392685,0.68452996,0.5431061
107900146,08773,본교회앞,49.699043,15.898054,12.613517
107900147,08775,성북소방서,34.538097,6.2684855,4.9734163
107900148,08780,장위자이레디언트1단지,21.830538,4.5546293,3.6136432
107900149,08783,길음역7번출구,38.161144,2.3580096,1.8708447
107900150,08786,길음1동주민센터.길음중앙새마을금고앞,53.999855,6.638212,5.2667575
107900151,08788,슈퍼앞,116.44148,14.795731,11.738933
107900152,08789,한성대입구사거리,47.871746,10.086372,8.002528
107900153,08790,성북경찰서사거리앞,32.65564,3.912196,3.1039362
107900154,08791,종암아이파크1차정문,35.44927,8.815961,6.994583
107900265,08911,용문중고교,39.970284,8.356188,6.629799
107900155,08795,돈암힐스테이트.코오롱하늘채,47.242516,17.066309,13.54041
107900156,08796,고려슈퍼,77.800064,17.09881,13.5661955
107900157,08797,성북청소년센터,20.990734,5.3948817,4.280299
107900158,08500,새생명교회,70.31563,17.707035,14.048761
107900159,08798,새생명교회,68.38607,17.409296,13.812535
107900160,08801,북정경로당,127.36364,18.025406,14.301357
107900161,08971,하트마트편의점,88.67778,16.144785,12.809273
107900162,08807,(구)법화사,54.10599,25.595243,20.307266
107900163,08970,고려대아이스링크,95.81308,23.908504,18.969007
107900164,08969,극동아파트정문,26.707758,6.537837,5.18712
107900165,08808,범양APT입구,39.698723,21.980013,17.438942
107900166,08966,장위1동노인정,95.059074,35.300903,28.007736
107900167,08965,성북구의회,108.76678,12.484863,9.90549
107900168,08964,극동아파트후문,34.308716,10.828096,8.591012
107900169,08962,동구고등학교후문,119.487724,5.405476,4.288705
107900171,08819,푸르지오정문.e편한세상후문,79.293915,5.9775524,4.7425904
107900172,08961,삼선초교,48.806335,6.9172373,5.488136
107900173,08960,태광빌라,84.10423,30.048664,23.84061
107900174,08823,북정마을삼거리.모정앞,113.143425,22.72061,18.026531
107900175,08959,개운중학교,110.59895,2.1037967,1.6691524
107900176,08958,종암아이파크2차정문,37.139835,6.5025396,5.159115
107900177,08828,한양슈퍼앞,63.572132,16.500795,13.091731
107900178,08957,한신113동앞,121.27435,17.77411,14.101979
107900179,08956,삼선노인정,43.43223,15.719064,12.471505
107900180,08830,길음역,37.2402,9.521387,7.554269
107900181,08834,우리랜드사우나,24.44239,3.6417089,2.8893318
107900182,08835,푸르지오211동,87.61101,23.40565,18.570042
107900183,08953,누구나교회,82.79083,21.736767,17.24595
107900184,08952,풍림아파트.성신초교,83.44584,22.947329,18.206411
107900185,08836,용광교회,77.30981,7.0584836,5.6002007
107900186,08951,현대홈마트,31.423845,4.592895,3.644003
107900187,08950,구민회관.201동앞,136.5279,19.486116,15.460285
107900188,08838,수협동소문동지점,43.730614,6.343994,5.033325
107900189,08949,경동고앞,50.19653,19.107397,15.159808
107900190,08854,힐스테이트입구,35.87281,3.7931387,3.0094762
107900191,08868,관문약국,23.38959,2.1896105,1.737237
107900193,08946,월곡중학교,42.498505,6.6982107,5.3143606
107900194,08872,쌍다리,65.00228,11.96965,9.49672
107900195,08873,삼선교,41.50056,4.663442,3.699975
107900196,08945,풍림아파트,71.72372,18.247099,14.477249
107900197,08874,현대백화점별관주차장,32.879337,6.8364997,5.424079
107900199,08943,낙산삼거리,107.2712,7.7127123,6.119266
107900201,08876,세광빌라,23.191328,2.9333186,2.327295
107900203,08883,꿈의숲코오롱하늘채아파트,31.591543,6.4485025,5.116242
107900204,08884,어해랑앞,26.785122,2.7460606,2.1787245
107900206,08886,고대병원,47.395073,14.276824,11.327232
107900207,08942,한신301동앞,127.41359,16.757204,13.295166
107900208,08888,한신103동앞,91.30434,47.361515,37.576626
107900209,08941,성북구청.경동고입구,30.448946,7.321393,5.808793
107900210,08889,성북소방서,39.359165,13.006718,10.31953
107900213,08892,장위시장,34.819527,4.9874196,3.9570186
107900214,08938,월곡초교,65.93673,8.352725,6.6270523
107900215,08893,생명의전화로터리,28.458239,6.1775193,4.9012437
107900216,08894,정릉시장입구.정릉약국,56.49408,10.148705,8.051983
107900217,08936,고명중고교,78.56375,12.162537,9.649756
107900218,08935,창신쌍용2단지.한성대후문,95.17309,11.112707,8.816822
107900219,08897,종암아이파크1차후문,42.42162,16.32573,12.952834
107900220,08934,돈암시장,33.967228,1.2110633,0.96085757
107900221,08931,월곡중학교입구,46.593864,4.49193,3.5638974
107900223,08928,브라운스톤,75.421005,18.004417,14.284704
107900224,08900,자산약국.월곡전철역입구.6호선,28.711657,2.8344197,2.2488286
107900225,08927,명신초.삼선푸르지오.힐스테이트,87.50178,14.442563,11.45873
107900226,08901,수보약국,55.638508,6.8605895,5.4431915
107900227,08924,동아아파트정문앞,37.816845,8.772696,6.960257
107900228,08923,이지마트,44.334564,20.373152,16.164059
107900229,08922,슈퍼앞,65.18943,9.956053,7.8991327
107900230,08904,종암래미안,46.519535,11.178298,8.868862
107900231,08921,쌍용APT,69.98455,22.856972,18.134722
107900232,08920,죽림정사앞,62.981815,26.335447,20.894545
107900233,08917,대동슈퍼,67.90882,7.940384,6.2999005
107900234,08908,장위천주교앞,50.58882,16.795065,13.325205
107900235,08916,월곡로데오거리,31.321732,6.1469474,4.876988
107900236,08915,GS25장위제일점,43.97813,11.500109,9.124186
107900237,08914,나약국,65.94239,9.319599,7.39417
107900238,08913,우성APT정문,70.76499,25.041622,19.868023
107900239,08909,월곡시장.동덕여대오거리,30.201736,1.5154475,1.202356
107900240,08912,개운초등학교,59.71313,13.396936,10.629129
107900241,08910,정든마을,59.000782,3.720105,2.9515312
107900242,08947,월곡초등학교후문,84.94151,5.23274,4.1516557
107900243,08925,수녀원입구,73.987885,17.556356,13.929214
107900244,08462,낙산삼거리,108.259926,3.1320834,2.484995
107900245,08463,돈암2동주민센터,71.83576,27.296043,21.656681
107900246,08460,한신113동앞,121.27435,17.77411,14.101979
107900248,08458,삼선푸르지오APT앞,48.806335,6.9172373,5.488136
107900249,08550,한신105동앞,107.280876,25.541784,20.264853
107900250,08985,한신108동앞,116.05758,17.359945,13.773381
107900251,08986,스카이프라자앞.111동앞,111.13063,29.032013,23.034
107900252,08991,스카이프라자앞.111동,113.41579,22.73906,18.04117
107900253,08992,한신108동앞,111.552925,20.12956,15.970793
107900254,08535,삼선시장,41.682583,8.74771,6.9404335
107900255,08829,돈암초등학교,44.53086,7.3049116,5.795717
107900256,08459,한성대정문,72.39069,18.911192,15.00414
107900257,08490,한성대입구3거리,46.662678,4.2407703,3.3646271
107900258,08926,성신여대평생교육원,32.931515,1.7251437,1.368729
107900259,08505,성신여대입구역5번출구,38.985332,3.5415418,2.8098593
107900261,08919,한진206동앞,105.58301,9.661236,7.6652246
107900262,08898,돈암힐스테이트.코오롱하늘채,50.877285,21.797688,17.294285
107900264,08990,한진207동앞,116.619606,16.794397,13.324676
107900267,08448,일신휴먼빌.우정아파트,81.216774,8.187274,6.4957833
107900268,08471,중앙하이츠정문,45.758713,7.5792446,6.013373
107900269,08488,중앙하이츠후문,68.227234,16.582014,13.15617
107900270,08580,중앙하이츠후문,68.227234,16.582014,13.15617
107900271,08593,중앙하이츠정문,45.758713,7.5792446,6.013373
107900272,08456,정릉2동주민센터,48.762623,7.983364,6.334001
107900273,08455,산림초소,139.84181,20.042732,15.901904
107900274,08487,넓은마당,122.60747,12.888832,10.225999
107900275,08502,도광사,103.47951,16.97896,13.4711075
107900276,08948,도광사,103.47951,16.97896,13.4711075
107900277,08954,넓은마당,122.60747,12.888832,10.225999
107900278,08454,정릉4동종점,68.59915,4.261221,3.3808525
107900279,08939,산장아파트,89.68517,5.6198916,4.4588223
107900280,08457,성신여대입구역3번출구,32.762604,4.2906175,3.404176
107900281,08560,길음역7번출구,36.99738,3.5040054,2.780078
107900282,08545,길음시장입구,41.03493,9.912265,7.864391
107900283,08546,길음역출구,38.254627,8.666439,6.8759527
107900284,08453,신안APT.길음초등학교,105.41106,13.343819,10.586987
107900285,08599,종암아이파크2차후문,32.16421,0.6431578,0.5102814
107900286,08881,성가복지병원앞,28.6789,6.4423423,5.1113544
107900290,08937,상월곡역,43.099625,3.5261753,2.7976673
107900291,08497,장위1동주민센터,54.23879,7.4413114,5.9039364
107900292,08536,동방고개,53.738216,13.879017,11.011612
107900293,08551,장위동그린빌아파트,40.94656,10.799932,8.5686655
107900295,08498,이지마트,42.287754,16.870518,13.385069
107900297,08930,동아아파트,49.336517,7.3026404,5.7939153
107900298,08568,북서울꿈의숲,31.102316,2.513669,1.9943451
107900299,08781,석계역,26.088093,5.264711,4.1770215
107900301,09994,창문여고앞,32.262074,6.910549,5.4828296
107900302,08544,파리바게트앞,69.25408,4.4651833,3.5426764
107900303,08452,장위중학교,93.97602,5.9307857,4.7054853
107900304,08451,동방주택,67.174034,7.274846,5.771863
107900305,08450,장월초교.참누리아파트,24.765078,1.5283278,1.2125753
107900306,08815,원진프라자앞,36.319767,1.6584554,1.3158184
107900307,08787,국민은행사거리,47.152378,9.352331,7.4201393
107900308,08715,국민은행장위동지점,47.152378,9.352331,7.4201393
107900309,08827,성북빌리지,70.41192,8.536006,6.7724676
107900310,08839,길상사,98.14575,6.8841186,5.4618597
107900311,08837,길상사,98.14575,6.8841186,5.4618597
107900312,08833,북악슈퍼,86.10438,11.729932,9.306528
107900313,08831,북악슈퍼,85.041275,11.330063,8.989272
107900314,08826,성북빌리지,70.41192,8.536006,6.7724676
107900315,08824,성북동성당,62.43276,6.777548,5.3773065
107900316,08825,성북동성당,62.43276,6.777548,5.3773065
107900317,08822,선잠단지.성락원앞,56.658585,7.441551,5.9041266
107900318,08821,선잠단지.성락원앞,56.658585,7.441551,5.9041266
107900319,08848,일신휴먼빌.우정아파트,76.133026,5.7682734,4.576548
107900320,08840,정릉꿈에그린아파트,51.878426,16.97185,13.465465
107900321,08842,정릉꿈에그린아파트,51.689644,15.226328,12.080569
107900322,08845,중앙하이츠빌아파트,46.529152,8.10802,6.4329033
107900323,08843,아리랑시장,47.235863,2.433258,1.930547
107900324,08844,아리랑시장,46.732906,1.673419,1.3276906
107900325,08847,정릉꿈에그린1단지,48.733696,4.1571403,3.2982752
107900326,08846,세계문화유산정릉,61.325333,25.534288,20.258905
107900327,08855,한국가구박물관입구,115.16978,17.985178,14.269441
107900328,08858,한국가구박물관입구,128.66159,23.147978,18.365606
107900329,08856,우리옛돌박물관.정법사,165.20378,24.170176,19.176617
107900330,08850,돈암코오롱하늘채아파트,82.45881,4.3584247,3.457974
107900331,08849,돈암코오롱하늘채아파트,82.45881,4.3584247,3.457974
107900332,11604,교육촌.벼루말,20.97074,4.191804,3.3257773
107900333,11605,꿈의숲SK뷰아파트,21.434385,6.92476,5.4941044
107900334,11609,꿈의숲SK뷰아파트,21.434385,6.92476,5.4941044
107900337,11607,석계역문화공원,22.480936,12.246485,9.716361
107900338,08895,꿈의숲동문앞,30.346413,8.994486,7.136225
107900339,08896,꿈의숲대명루첸아파트,28.34451,8.537366,6.773546
107900340,08809,선잠로3길입구,69.80038,7.2133512,5.723073
107900341,08810,선잠로3길입구,72.68118,19.575636,15.531309
107900344,08832,래미안장위퍼스트하이아파트,24.174894,1.0397413,0.8249308
107900350,08588,동덕여대부속유치원앞,33.59439,2.3450341,1.8605502
107900351,08799,돈암코오롱하늘채.일신휴먼빌,78.16917,11.614294,9.214781
107900354,08792,꿈의숲대명루첸아파트,23.481123,5.620474,4.459284
107900355,08877,간대어린이공원,26.251034,2.7885625,2.2124455
107900356,08878,돌곶이역2번출구,23.306095,2.5374694,2.0132282
107900357,08603,석계역7번출구,19.64309,13.595113,10.786363
107900358,08604,석관두산아파트,21.91886,7.4434505,5.9056334
107900359,08605,성북레포츠타운,26.606781,8.731791,6.9278026
108000001,09001,수유3동우체국,32.940178,1.8591983,1.4750879
108000002,09002,수유3동우체국,33.85405,3.692004,2.929236
108000003,09003,수유역.수유사거리,37.101795,3.5025394,2.7789147
108000004,09004,수유역.강북구청,31.92166,4.2167096,3.3455372
108000005,09005,수유시장.성신여대미아캠퍼스앞,38.941864,1.4649131,1.1622621
108000006,09006,수유시장.성신여대미아캠퍼스앞,39.105843,12.330746,9.783214
108000007,09007,미아역.신일중고,40.5642,2.283221,1.8115076
108000008,09008,미아역.신일중고,41.4853,3.5561614,2.8214586
108000009,09009,도봉세무서.성암국제무역고,35.99804,4.8496733,3.8477309
108000010,09010,도봉세무서.성암국제무역고,36.623093,2.2586386,1.7920039
108000011,09011,미아사거리역,34.327694,9.843721,7.8100085
108000012,09012,미아사거리역,34.50497,8.92231,7.078961
108000014,09102,우이동도선사입구.북한산우이역,62.78807,14.049648,11.146991
108000015,09103,우이동성원아파트,59.484318,10.978829,8.710603
108000016,09104,우이동성원아파트,59.623928,1.0231193,0.8117429
108000017,09105,진성빌라사거리,57.202877,8.234,6.5328555
108000018,09106,서라벌중학교.우이동대우아파트,48.69305,2.6566803,2.1078103
108000019,09107,덕성여대.솔밭근린공원,45.66015,2.5261915,2.0042803
108000020,09108,4.19민주묘지역,42.534824,2.1219678,1.6835692
108000021,09109,4.19민주묘지역,43.191856,3.807717,3.0210426
108000022,09110,국립4.19민주묘지입구사거리,45.63504,4.5278273,3.5923781
108000023,09111,국립4.19민주묘지입구사거리,44.86364,6.8118153,5.4044943
108000024,09112,국립419묘지삼거리.윤극영가옥,59.147198,9.05043,7.180611
108000025,09113,국립419묘지삼거리.윤극영가옥,60.42459,7.0780835,5.6157517
108000026,09114,인수동백운교회입구,57.67154,5.1538105,4.089033
108000027,09115,인수동백운교회입구,56.52029,5.9266014,4.7021656
108000028,09116,인수중학교.극동아파트,57.471752,9.443656,7.492597
108000029,09117,인수중학교.극동아파트,54.33768,5.907557,4.687056
108000030,09118,서울영어마을수유캠프.국립재활원입구,45.636906,1.8103776,1.4363536
108000031,09119,서울영어마을수유캠프.국립재활원입구,46.836746,4.2830873,3.3982015
108000032,09120,인수동장미원,41.983906,3.7563138,2.9802594
108000033,09121,인수동장미원,43.8458,4.278543,3.394596
108000034,09122,가오리역,41.809837,5.285784,4.193741
108000035,09123,가오리역,40.130108,1.8592995,1.4751682
108000036,09124,강북청년창업마루,38.645844,2.3636909,1.8753524
108000037,09125,강북청년창업마루,39.859787,3.5272155,2.7984927
108000038,09126,수유2동주민센터.우이시장,39.228268,4.6543937,3.692796
108000039,09127,수유2동주민센터.우이시장,36.899567,2.0939445,1.6613356
108000040,09128,광산사거리,36.1856,1.2553484,0.99599344
108000041,09129,광산사거리,36.620193,4.460163,3.5386937
108000042,09130,우이초등학교후문,59.25494,9.283981,7.365911
108000043,09131,우이초등학교후문,56.70856,7.890928,6.260662
108000044,09132,인수동청수탕입구,55.842392,4.9325204,3.9134614
108000045,09133,인수동청수탕입구,54.362343,7.6649084,6.0813384
108000046,09134,우이초등학교,44.211044,3.7120085,2.9451077
108000047,09135,우이초등학교,42.97747,2.6692798,2.1178067
108000048,09136,화계사입구.한신대학교대학원,51.52661,1.3958268,1.107449
108000049,09137,화계사입구.한신대학교대학원,51.034683,2.3906174,1.8967158
108000050,09138,수유동삼양탕앞,48.448925,3.7463665,2.9723673
108000051,09139,수유동삼양탕앞,50.402782,1.7402372,1.3807043
108000052,09140,화계사입구사거리,46.052155,5.1037946,4.0493507
108000053,09141,화계사입구사거리,46.641235,2.7920194,2.2151883
108000054,09142,강북노인종합복지관,42.423283,6.4800086,5.1412387
108000055,09143,강북노인종합복지관,44.908554,8.771971,6.959682
108000056,09144,신일병원,39.521004,4.354618,3.454954
108000057,09145,신일병원,41.30832,5.657714,4.48883
108000058,09146,강북구청,36.539387,3.9674318,3.1477604
108000059,09147,강북구청,35.408585,1.2027507,0.9542624
108000060,09148,강북경찰서입구,33.928314,7.1145415,5.644677
108000061,09149,강북경찰서입구,33.207466,8.537604,6.7737355
108000062,09150,북부시장입구,29.265394,7.045981,5.5902815
108000063,09151,북부시장입구,33.030514,5.023353,3.9855282
108000064,09152,번동사거리,31.043959,3.1512165,2.500175
108000065,09153,번동사거리,30.388142,2.0985837,1.6650163
108000066,09154,북부수도사업소,34.613438,5.27125,4.1822095
108000067,09155,북부수도사업소,30.223928,4.3280034,3.4338377
108000068,09156,수유보건지소,47.008526,1.9447125,1.5429349
108000069,09157,수유보건지소,47.008526,1.9447125,1.5429349
108000070,09158,빨래골입구.수유1동주민센터,55.815174,5.3371353,4.2344832
108000071,09159,빨래골입구.서울수유초등학교,55.815174,5.3371353,4.2344832
108000072,09160,롯데마트삼양점.래미안1차아파트,53.772396,14.034766,11.135183
108000073,09161,롯데마트삼양점.래미안1차아파트,54.509804,5.7623587,4.5718555
108000074,09162,삼양초등학교,48.590294,9.436872,7.487214
108000075,09163,삼양초등학교,49.441715,9.288387,7.3694067
108000076,09164,삼양사거리역,53.10161,3.1563072,2.5042143
108000077,09165,삼양사거리역,50.99263,5.30926,4.2123666
108000078,09166,삼양동사거리.래미안트리베라,49.324123,10.017042,7.947521
108000079,09167,삼양동사거리.래미안트리베라,48.658978,9.81594,7.7879667
108000080,09168,송천초등학교.미아뉴타운입구,66.16823,8.952719,7.103087
108000081,09169,송천초등학교.미아뉴타운입구,59.759796,8.430206,6.6885257
108000082,09170,삼양동사거리,46.527855,3.5599167,2.8244379
108000083,09171,삼양동사거리,46.58106,2.3976915,1.9023284
108000084,09172,성암국제무역고.성암여중,40.82158,1.9416062,1.5404704
108000085,09173,성암국제무역고.성암여중,40.266613,2.2268157,1.7667555
108000086,09174,삼양입구사거리,38.75925,4.2436366,3.3669014
108000087,09175,삼양입구사거리,38.470634,3.0879233,2.4499583
108000088,09176,강북보건소,29.978151,7.4050364,5.875156
108000089,09177,신창교.강북소방서,32.358032,16.094788,12.769605
108000091,09179,강북보건소,25.483133,13.174442,10.452602
108000092,09180,번동주공4단지,30.984873,10.684729,8.477263
108000093,09181,초안교,27.800274,12.006093,9.525634
108000094,09182,번동주공3단지,29.079002,2.3139696,1.8359035
108000095,09183,번동주공3단지,25.65317,4.5413494,3.6031065
108000096,09184,번동주공1단지,28.730942,7.8778963,6.250323
108000097,09185,번동주공1단지,24.999859,10.062928,7.983927
108000098,09186,오현초등학교,24.777191,1.3530163,1.0734831
108000099,09187,북서울꿈의숲,27.78059,1.2900496,1.0235254
108000100,09188,송중동한일유엔아이,48.057323,7.856831,6.2336097
108000101,09189,창문여고앞,33.249912,5.6259093,4.4635963
108000102,09190,숭곡초등학교입구,30.673944,4.666106,3.7020886
108000106,09194,강북청소년센터,67.79987,9.040865,7.173022
108000107,09195,강북청소년센터,66.307785,3.2454884,2.5749705
108000108,09196,국립4.19민주묘지,55.39449,4.099336,3.2524135
108000109,09197,국립4.19민주묘지,55.39449,4.099336,3.2524135
108000110,09198,강북중학교,36.929115,2.7809067,2.2063713
108000111,09199,한성운수차고지,31.219353,1.1184126,0.88734853
108000112,09200,광산사거리,36.975315,2.7486537,2.1807818
108000113,09201,광산사거리,37.66301,5.1425056,4.0800643
108000115,09203,수유중앙시장,36.54043,4.857123,3.8536413
108000117,09205,대한병원,37.882607,3.368703,2.6727288
108000118,09206,삼성화재강북지점,38.425022,3.949937,3.1338801
108000119,09207,강북구청사거리.번1동주민센터,32.12912,1.5556657,1.2342652
108000120,09208,강북구청사거리.번1동주민센터,32.34212,1.6946381,1.3445259
108000121,09209,수송초등학교,32.782993,3.6888764,2.9267545
108000122,09210,수송초등학교,31.716898,0.7202712,0.5714632
108000123,09211,수유중학교혜화여고,57.27158,12.947679,10.272688
108000124,09212,혜화여고,56.86961,12.85358,10.198031
108000125,09213,서울정인학교,86.77108,12.890525,10.227343
108000126,09214,우광타운,84.96606,7.09461,5.628864
108000127,09215,구세군강북종합사회복지관입구,112.1216,17.44015,13.837014
108000128,09216,구세군강북종합사회복지관입구,108.93138,19.854532,15.752586
108000129,09217,솔샘중고등학교.팔팔?미송경로당,110.90048,7.030062,5.577651
108000130,09218,솔샘중고등학교.팔팔?미송경로당,117.25142,21.422995,16.997004
108000131,09219,동북프라자,51.35286,7.8100047,6.196458
108000132,09220,동북프라자,50.978077,3.5472212,2.8143654
108000133,09221,두산위브아파트입구,54.05657,1.9804485,1.5712878
108000134,09222,두산위브아파트입구,55.72995,14.060968,11.1559725
108000135,09223,삼각산동SK아파트북한산시티미양초등학교,72.427765,18.460844,14.646834
108000136,09224,삼양동벽산라이브파크미양초등학교,80.985535,10.19037,8.085039
108000137,09225,SK아파트.벽산아파트상가,91.98884,15.109431,11.987823
108000138,09226,SK아파트.벽산아파트상가,88.19401,15.946314,12.651805
108000139,09227,솔샘터널,121.866035,30.338911,24.070892
108000140,09228,번동주공아파트3단지4단지,29.420996,1.1181946,0.8871756
108000141,09229,번동주공아파트3단지4단지,28.020258,4.976305,3.9482005
108000142,09230,번동초등학교,30.054895,5.0265045,3.9880285
108000143,09231,번동한솔솔파크,41.236423,20.106028,15.952123
108000144,09232,번동한솔솔파크,46.339874,18.951225,15.035902
108000145,09233,번동해모로아파트,47.036667,18.812206,14.925605
108000146,09234,번동해모로아파트,46.118652,18.347746,14.557102
108000147,09235,강북문화정보도서관,44.890434,6.4477596,5.1156526
108000148,09236,강북문화정보도서관,44.534687,7.869541,6.243694
108000149,09237,동문굿모닝힐,61.17549,3.026123,2.400926
108000150,09238,동문굿모닝힐,60.33297,2.190927,1.7382814
108000151,09239,북서울꿈의숲서문,65.459526,14.289474,11.337269
108000152,09240,꿈의숲롯데캐슬아파트,47.62162,14.63262,11.609521
108000153,09241,꿈의숲롯데캐슬아파트,58.400253,20.301899,16.107527
108000154,09242,경남아너스빌.꿈의숲해링턴아파트,44.41009,16.790087,13.321255
108000155,09243,경남아너스빌.꿈의숲해링턴아파트,47.7034,21.702219,17.21854
108000156,09244,송중초등학교,35.251366,2.3808062,1.8889316
108000157,09245,송중초등학교,37.53113,0.21107376,0.16746593
108000158,09246,수유3동우체국,34.98523,4.8395386,3.8396897
108000159,09247,수유3동우체국,33.36084,6.112657,4.849782
108000160,09248,수유역.노스페이스문화센터,34.907333,1.8516291,1.4690826
108000161,09249,수유역6번출구,34.161205,8.886785,7.0507746
108000165,09253,미아역8번출구.신일중고,45.01092,4.0118723,3.1830194
108000172,09260,미아사거리역.송천동우체국,35.60215,9.435277,7.485949
108000173,09261,미아사거리역,30.657677,8.585983,6.812119
108000175,09263,한신대학교,58.87669,8.769829,6.957982
108000178,09266,수유사거리,35.83401,5.366925,4.258118
108000179,09267,수유사거리,36.635567,3.7752452,2.9952796
108000181,09269,송중동주민센터앞,46.632946,4.720272,3.7450638
108000182,09270,송중동경남아너스빌정문,34.053303,1.8388629,1.4589539
108000183,09271,북서울꿈의숲서문,61.20065,3.414944,2.7094166
108000184,09272,수유역.강북구청,34.892326,1.7708321,1.4049782
108000185,09273,삼각산보건지소,83.126816,20.652596,16.385769
108000186,09274,삼각산보건지소,89.12552,18.151867,14.4016905
108000187,09275,삼각산동삼각산아이원아파트후문,78.872314,10.692848,8.483706
108000188,09276,삼각산동삼각산아이원아파트후문,78.872314,10.692848,8.483706
108000189,09277,롯데백화점미아점,31.130163,13.534759,10.738478
108000190,09278,우이동주민센터입구,47.41646,3.955159,3.1380231
108000192,09283,솔샘터널,121.866035,30.338911,24.070892
108000193,09286,우이동도선사입구,64.32412,7.9479003,6.3058643
108000194,09289,우이동차고지기점,69.15803,9.3859,7.4467726
108000195,09290,한성운수종점,28.805355,3.3019223,2.619745
108000196,09291,화계사입구.종점,54.105904,8.822586,6.9998403
108000198,09293,SK아파트벽산아파트상가,91.98884,15.109431,11.987823
108000199,09294,우이동차고지종점,66.862335,7.088117,5.623712
108000200,09295,삼각산동삼각산아이원아파트정문,91.27188,19.166454,15.206665
108000203,09298,삼각산동삼각산아이원아파트정문,93.197266,14.130233,11.210927
108000204,09303,삼각산고.래미안트리베라,69.16174,16.194847,12.848991
108000205,09302,삼각산고.래미안트리베라,60.57768,13.680154,10.853834
108000339,09739,미아사거리역2번출구,34.099083,4.4461465,3.5275729
108000364,09304,방천시장입구,32.12383,3.2829144,2.6046643
108000365,09305,화계사입구.한신대학교대학원,52.385456,2.8381748,2.251808
108000366,09767,북서울꿈의숲,29.471298,7.251788,5.7535686
108000367,09307,삼각산119안전센터,65.06849,7.684807,6.097126
108000368,09308,삼각산119안전센터,64.18203,11.685564,9.271326
108000369,09306,미아사거리역.롯데백화점,32.94749,6.339628,5.029861
108000371,09311,무량사입구,60.493675,10.682163,8.475228
108000372,09310,무량사입구,60.493675,10.682163,8.475228
108000373,09312,꿈의숲주차장입구,33.046734,7.699591,6.1088557
108000375,09279,창문여고,33.378635,3.5887356,2.8473027
108000376,09314,대한병원,37.507378,2.616427,2.0758731
108000377,09313,수유중앙시장,38.50971,1.7849034,1.4161423
108000378,09013,수유역.강북구청,35.33259,11.616301,9.2163725
108000379,09903,우이3교,30.915178,3.5259025,2.797451
108000381,10301,창번교,27.93233,5.103897,4.0494323
108000382,09255,영신여객차고지(우이동종점),69.10299,9.402435,7.459892
108000383,09256,영신여객차고지(우이동종점),69.10567,12.1651745,9.65185
108000384,10342,한국사회봉사회,65.94562,22.126802,17.555405
108000385,10343,한국사회봉사회,70.654625,27.986446,22.204447
108900001,09905,당진슈퍼,99.87387,7.282613,5.7780247
108900002,09896,보람빌딩,36.635567,3.7752452,2.9952796
108900003,09895,광산사거리,37.012764,4.0103345,3.1817994
108900004,09893,현대백화점.E마트.빅토리아호텔,30.657677,8.585983,6.812119
108900007,09890,번3동주민센터,26.338125,2.9022176,2.3026195
108900008,09888,주공1.2단지한진아파트,26.163115,9.597323,7.6145163
108900009,09887,오현초등학교,29.135698,14.014102,11.118789
108900010,09886,주공1.2단지한진아파트,27.991287,16.539598,13.122519
108900011,09885,신원아파트.북서울꿈의교회,29.389795,11.400877,9.045456
108900012,09884,기산아파트.2단지후문,28.596426,4.7438374,3.7637606
108900013,09883,주공3단지정문,32.7285,12.977419,10.296284
108900014,09881,번동슈퍼,50.32365,17.702038,14.044797
108900015,09880,아카데미하우스.통일교육원,121.7399,32.484123,25.772903
108900016,09875,백련사,80.327805,13.422346,10.649289
108900017,09873,강북보건소앞.번2동주민센터,28.9866,3.4241192,2.7166963
108900018,09872,금호.현대아파트,31.2042,1.7546252,1.3921196
108900019,09870,강북문화정보도서관.해모로아파트,44.151836,10.151496,8.054196
108900020,09868,로얄공인중계사무소,31.156075,9.383935,7.445214
108900021,09863,주공5단지,29.937468,1.5187745,1.2049958
108900022,09505,본원정사,66.59719,10.043216,7.968288
108900023,09861,본원정사,66.59719,10.043216,7.968288
108900024,09859,청화슈퍼,62.48585,17.025564,13.508082
108900025,09518,청화슈퍼,62.48585,17.025564,13.508082
108900026,09857,국립419민주묘지삼거리.윤극영가옥,57.57272,4.568702,3.6248085
108900027,09856,모아빌라,66.85428,6.7950144,5.391165
108900028,09854,금강슈퍼,72.084076,16.591393,13.16361
108900029,09853,벽산아파트,91.98884,15.109431,11.987823
108900030,09851,해청빌라,77.749214,15.120464,11.996576
108900031,09848,영순슈퍼,86.90348,19.13004,15.177773
108900032,09845,인수초중학교,55.756203,1.8807155,1.4921597
108900033,09844,기도원입구,81.16413,13.942706,11.062142
108900034,09843,율곡어린이놀이터,113.328545,3.150876,2.499905
108900035,09841,당진슈퍼,100.02672,10.12068,8.029747
108900038,09837,형제슈퍼,74.98525,11.99366,9.51577
108900039,09836,믿음슈퍼,113.11606,13.934228,11.055416
108900040,09835,SM빌라,110.87794,12.48537,9.905892
108900041,09834,수유역.강북구청,36.852665,12.658621,10.04335
108900042,09833,성원아파트,59.12779,1.5716662,1.24696
108900043,09832,국립재활원,46.705536,3.2615604,2.587722
108900044,09831,삼성하이츠빌라,64.67612,6.7598896,5.3632965
108900045,09830,빨래골입구,107.99404,15.258245,12.105892
108900046,09828,청수탕,57.807503,5.9926434,4.7545633
108900047,09827,빨래골,93.21583,20.915369,16.594254
108900048,09826,보람할인마트,90.75895,16.220497,12.869343
108900049,09825,미아사거리역,35.524937,2.8390648,2.252514
108900050,09824,정은빌라,110.87794,12.48537,9.905892
108900051,09820,수연슈퍼,86.75296,16.19654,12.850336
108900052,09819,한영교회,80.33533,16.126322,12.794623
108900053,09818,방천시장입구,30.58323,2.700598,2.1426544
108900054,09815,벽산아파트,40.417934,6.9309373,5.499006
108900055,09814,한신대신학대학원.화계사,52.60179,6.103294,4.8423533
108900056,09813,다리앞,79.6964,9.630343,7.6407146
108900057,09809,삼흥연립,70.53054,7.942979,6.3019595
108900058,09808,제일슈퍼,81.61028,15.569224,12.352622
108900059,09807,8번지입구,48.057323,7.856831,6.2336097
108900060,09805,금강산병원.전자공단,30.790987,1.374861,1.0908147
108900061,09804,백년시장,35.533195,1.6335982,1.2960968
108900062,09802,한빛맹아학교,62.647175,13.809212,10.956228
108900063,09801,홈빌라트,85.25038,21.628405,17.159977
108900064,09800,한일아파트정문,59.202526,10.7236185,8.508119
108900065,09799,마을버스사무실,66.580444,15.591314,12.370149
108900066,09798,주공5단지,30.528399,2.0016484,1.5881078
108900067,09795,한빛예술단,55.826298,5.982783,4.74674
108900068,09794,꿈의숲해링턴아파트101동앞,81.66976,20.808268,16.50928
108900069,09793,장미맨션,67.24331,19.078913,15.137209
108900070,09792,페리카나치킨,55.971107,11.562312,9.173538
108900071,09791,로얄공인중계사무소,28.071253,6.616283,5.249359
108900072,09790,수유역,40.150192,5.4798565,4.3477182
108900073,09788,꿈의숲해링턴105동.강북50플러스센터,78.00845,14.957436,11.867229
108900074,09787,한일아파트후문,76.73159,14.732729,11.688948
108900075,09786,삼양시장,53.415962,8.3097725,6.592973
108900076,09785,금호.현대아파트,31.2042,1.7546252,1.3921196
108900077,09782,꿈의숲해링턴아파트108동앞,54.86636,12.284894,9.746835
108900078,09781,삼우하이츠빌라,81.90776,24.615425,19.529879
108900079,09780,삼일약국.롯데마트,52.11551,4.811316,3.8172982
108900081,09777,화계유치원,43.07123,3.2143242,2.5502448
108900082,09776,산장빌라,88.28227,15.465793,12.270559
108900083,09773,중앙시장,36.54043,4.857123,3.8536413
108900085,09771,롯데백화점,32.263218,18.088652,14.351536
108900086,09770,8번지슈퍼,81.64204,17.11265,13.577176
108900087,09769,북서울자이폴라리스입구,50.483692,5.9886465,4.7513924
108900088,09760,하나은행.새마을금고,29.3088,2.964174,2.351776
108900089,09754,성당앞,37.064045,2.0295506,1.6102453
108900090,09753,양지빌라,70.514084,18.602549,14.759263
108900091,09718,삼양신협,47.942318,4.340022,3.4433737
108900092,09717,한양아파트입구.삼덕상운,29.173967,4.8100643,3.816305
108900093,09682,벽산아파트,40.264233,3.0691464,2.4350607
108900094,09656,번동삼거리,33.689342,9.760145,7.743699
108900095,09642,8번지입구,48.057323,7.856831,6.2336097
108900096,09631,미아역6번출구,43.59058,0.6929545,0.5497901
108900097,09600,주공3단지정문,35.038822,11.073553,8.785757
108900098,09594,미아역7번출구,44.414886,4.043155,3.2078393
108900099,09593,기산아파트.2단지후문,29.829426,3.925544,3.1145267
108900100,09592,경남아너스빌정문,34.114483,0.5791665,0.45951068
108900101,09590,송암교회.화계사거리.수유보건지소,46.641235,2.7920194,2.2151883
108900102,09589,북한산스카이빌딩,32.329212,10.639239,8.441173
108900103,09588,꿈의숲해링턴아파트108동앞,54.86636,12.284894,9.746835
108900105,09586,미아역6번출구,43.59058,0.6929545,0.5497901
108900106,09585,신원아파트.북서울꿈의교회,26.457455,5.4436293,4.3189754
108900108,09583,국립재활원,47.953358,8.130367,6.4506335
108900109,09580,꿈의숲해링턴105동.강북50플러스센터,73.61111,20.718658,16.438183
108900110,09578,번3동주민센터,26.802467,1.4796573,1.1739601
108900111,09576,주공1.2단지한진아파트,26.163115,9.597323,7.6145163
108900113,09572,화계유치원,43.322556,0.9160559,0.7267988
108900114,09571,꿈의숲해링턴아파트101동앞,83.14547,23.09459,18.323246
108900115,09569,자이홈타운,49.72411,5.6770096,4.5041394
108900116,09566,인수초중학교,56.64903,5.075839,4.0271707
108900117,09563,홈빌라트,80.8094,23.107218,18.333267
108900118,09558,청수탕,59.34835,4.7732205,3.7870731
108900119,09556,제일슈퍼,77.394455,18.927094,15.016755
108900121,09554,삼양파출소,52.61147,6.382694,5.064029
108900122,09550,한영교회,76.40198,22.634218,17.957989
108900123,09548,삼양시장,52.953682,4.3384585,3.4421332
108900124,09547,강북중학교,38.386642,6.434166,5.1048675
108900125,09545,삼성하이츠빌라,65.896286,4.8976355,3.885784
108900126,09544,한빛예술단,54.23168,3.1474473,2.4971848
108900127,09543,동성마트,81.83271,18.230959,14.464443
108900128,09540,페리카나치킨,59.67425,21.924162,17.39463
108900129,09539,쌍문교,37.825455,4.569762,3.6256495
108900130,09537,형제슈퍼,72.560814,9.365711,7.4307556
108900131,09536,한빛맹아학교,62.647175,13.809212,10.956228
108900132,09535,하나할인마트,90.75895,16.220497,12.869343
108900133,09534,동문굿모닝힐,60.491257,3.412863,2.7077656
108900134,09533,영순슈퍼,93.74841,18.260445,14.487836
108900135,09532,마을버스사무실,70.301346,16.453676,13.054347
108900136,09530,기도원입구,84.49104,8.899723,7.06104
108900137,09529,삼흥연립,71.658356,7.9774427,6.329303
108900138,09528,당진슈퍼,100.06892,5.776387,4.5829854
108900140,09526,교육촌경로당,75.31956,15.530504,12.321901
108900141,09525,구세군강북종합사회복지관,90.33233,21.919022,17.39055
108900142,09523,백련사,87.880135,7.5306244,5.9747972
108900143,09522,해청빌라,72.43299,15.733503,12.482961
108900144,09521,다리앞,79.6964,9.630343,7.6407146
108900145,09520,믿음슈퍼,111.41783,11.288327,8.956159
108900146,09514,모아빌라,66.27864,7.1994767,5.712065
108900147,09513,수연슈퍼,85.778145,8.374271,6.6441474
108900148,09510,번동슈퍼,46.339874,18.951225,15.035902
108900150,09507,성원아파트,59.765453,6.567509,5.210662
108900151,09506,아카데미하우스.통일교육원,121.7399,32.484123,25.772903
108900152,09504,빨래골,90.25044,11.560395,9.172017
108900153,09503,영암마트,113.63038,11.94738,9.479052
108900154,09502,번동초교.솔그린APT.하나은행,28.587563,1.6006501,1.2699558
108900156,09517,스카이빌,101.25535,18.630535,14.7814665
108900157,09806,구세군강북종합사회복지관,88.3729,15.671933,12.434112
108900158,09501,미송경로당,117.603386,11.595641,9.199982
108900159,09817,초록마트,101.74539,15.185369,12.048072
108900161,09847,솔샘중고등학교,117.603386,11.595641,9.199982
108900162,09512,동아할인마트,110.06558,10.372116,8.229237
108900163,09577,삼양신협,46.53523,4.782581,3.7944996
108900164,09516,송중동주민센터,46.632946,4.720272,3.7450638
108900168,09579,미아사거리전철역,32.962074,7.1469483,5.6703887
108900169,09598,송중동주민센터,47.694267,5.84198,4.635027
108900171,09894,미아사거리역.롯데백화점,32.94749,6.339628,5.029861
108900172,09561,삼양오거리.삼양동주민센터,50.46907,3.2984257,2.616971
108900173,09775,삼양오거리.삼양동주민센터,50.46907,3.2984257,2.616971
108900174,09541,당진슈퍼,99.87387,7.282613,5.7780247
108900177,09567,수유역,34.161205,8.886785,7.0507746
108900178,09595,수유역,31.577593,1.2928106,1.025716
108900180,09812,번동5거리.북부노동지청,30.262459,4.050958,3.2140303
108900183,09897,번동5거리.북부노동지청,30.33881,2.4326944,1.9300997
108900184,09774,강북구민운동장.4단지,31.298847,8.672302,6.8806047
108900185,09876,강북보건소.번2동주민센터,29.434206,13.174709,10.452815
108900186,09878,강북구민운동장.4단지,29.693045,6.5170555,5.170632
108900189,09779,강북보건소.번2동주민센터,29.523905,3.6569483,2.9014227
108900190,09865,번동초등학교,30.71731,7.6309123,6.0543656
108900192,09898,금강산병원.전자공단,30.790987,1.374861,1.0908147
108900195,09568,오현초등학교,29.255087,3.5979483,2.854612
108900196,09860,동문굿모닝힐,60.65449,4.0164385,3.1866422
108900199,09882,한양아파트입구.삼덕상운,29.173967,4.8100643,3.816305
108900201,09899,하나은행.새마을금고,30.516516,2.6715243,2.1195874
108900203,09551,수유1동주민센터.파출소,50.46585,9.887782,7.8449664
108900204,09557,진주빌딩,49.765327,4.912256,3.897384
108900205,09564,광성슈퍼,46.58614,0.7027432,0.55755645
108900206,09573,한신대신학대학원.화계사,51.034683,2.3906174,1.8967158
108900207,09582,삼양탕,50.402782,1.7402372,1.3807043
108900208,09783,성일빌딩,46.76517,2.4704373,1.960045
108900209,09789,수유1동주민센터.파출소,49.020054,2.7146065,2.1537688
108900210,09811,성당앞,37.064045,2.0295506,1.6102453
108900211,09553,광산사거리,37.236195,1.1085163,0.87949693
108900212,09560,강북구청,35.73595,1.9717592,1.5643938
108900215,09599,쌍문교,37.17175,4.032863,3.1996737
108900216,09500,우이동,63.366123,7.3848677,5.859154
108900217,09515,신성빌라,98.022446,15.791678,12.529118
108900218,09531,강북청소년수련관,65.93829,3.899519,3.0938785
108900225,09877,신성빌라,96.713135,17.44688,13.842356
108900230,09803,송암교회.화계사거리.수유보건지소,44.67156,5.520397,4.3798833
108900232,09821,유진슈퍼,56.78561,9.169268,7.274897
108900233,09591,강북구의회.강북문화예술회관,45.70478,5.2435775,4.1602545
108900234,09597,가오리,45.72357,3.973612,3.1526637
108900235,09822,가오리,45.72357,3.973612,3.1526637
108900236,09829,강북구의회.강북문화예술회관,46.419712,2.9798179,2.3641875
108900240,09908,삼성래미안아파트,69.16174,16.194847,12.848991
108900241,09909,성우아파트,55.513332,19.039164,15.105672
108900245,09913,미아사거리역,39.53114,7.2674537,5.765998
108900250,09920,두산위브아파트,64.77809,9.610254,7.624776
108900258,09949,한영교회,73.339355,26.647854,21.142408
108900259,09948,달팽이계단,53.484604,19.107481,15.159875
108900260,09947,대성빌라정문,66.0628,14.067669,11.161288
108900261,09946,신구.한일아파트입구,55.71509,9.161679,7.268876
108900262,09945,우일빌딩앞,39.2725,14.088008,11.177425
108900263,09944,요진아파트,33.41109,0.93457055,0.7414883
108900264,09943,수유시장,36.970837,6.6926174,5.3099227
108900265,09942,미아역1번출구,44.956604,14.896333,11.81875
108900266,09941,미아역3번출구,45.35467,5.989353,4.751953
108900267,09940,남양빌라,57.122723,8.606929,6.8287373
108900268,09939,실버복지센터,65.38659,27.27045,21.636375
108900269,09938,신구.한일아파트입구,56.501446,13.799069,10.948182
108900270,09937,대성빌라정문,67.37295,12.2633505,9.729742
108900271,09936,달팽이계단,57.932518,25.235567,20.0219
108900272,09934,한영교회,66.04162,29.085236,23.076225
108900273,09950,한국전력공사,39.105843,12.330746,9.783214
108900277,09562,도일타운,60.9379,6.9746695,5.533703
108900278,09546,도일타운,59.504192,4.583682,3.6366932
108900279,10513,신창교,25.85974,8.035985,6.375751
109000001,10001,도봉산역,33.630356,2.0401258,1.6186358
109000002,10002,도봉산역,33.955593,1.4972101,1.1878865
109000003,10003,도봉한신아파트,34.477592,1.5102876,1.1982622
109000004,10004,도봉한신아파트,33.224445,6.955853,5.518774
109000005,10005,서울북부지방법원.검찰청.도봉역성황당,32.01952,4.2761316,3.3926826
109000006,10006,서울북부지방법원.검찰청.도봉역성황당,31.111292,3.0575802,2.4258842
109000007,10007,신도봉사거리,29.245684,2.659318,2.1099029
109000008,10008,신도봉사거리,28.07806,1.7038485,1.3518333
109000009,10009,도봉소방서.방학역남부,26.973755,3.648221,2.8944986
109000010,10010,도봉소방서.방학역남부,27.098005,9.439697,7.4894557
109000011,10011,도봉보건소,30.283367,5.082814,4.032705
109000012,10012,도봉보건소.북한산아이파크아파트,34.842857,1.1060079,0.8775067
109000013,10013,도봉구민회관.도봉문화원,31.416391,5.535105,4.3915524
109000014,10014,도봉구민회관.도봉문화원,34.436127,7.445807,5.907503
109000015,10015,쌍문역,42.89435,8.114716,6.4382157
109000016,10016,쌍문역,46.76464,4.29002,3.4037018
109000017,10017,우이교.한일병원입구,38.82123,7.7400756,6.140976
109000018,10018,우이교.한일병원입구,37.423454,2.7119758,2.1516817
109000019,10019,신도봉시장.도봉구청.방학역북부,26.445711,3.8773308,3.0762744
109000020,10020,신도봉시장.도봉구청.방학역북부,28.40504,4.0386267,3.2042463
109000023,10103,도봉1동우체국,34.279724,5.9359875,4.7096124
109000024,10104,도봉동한신아파트,35.296597,2.059469,1.6339827
109000025,10107,서울북부지방법원.검찰청.도봉역성황당,31.111292,3.0575802,2.4258842
109000026,10108,서울북부지방법원.검찰청.도봉역성황당,31.503897,2.375259,1.8845303
109000027,10109,도봉견인차량보관소,31.117369,1.1795365,0.93584424
109000028,10110,도봉견인차량보관소,31.848,1.448337,1.1491106
109000029,10111,방학역1번출구,28.40504,4.0386267,3.2042463
109000030,10113,도봉소방서,27.098005,9.439697,7.4894557
109000031,10114,도봉소방서,26.108364,1.6401896,1.3013264
109000032,10115,방학사거리.바로선병원,30.541414,7.7631483,6.1592817
109000033,10116,방학사거리,28.299576,2.9793699,2.363832
109000034,10117,도봉보건소,32.65299,6.59163,5.2297993
109000035,10118,도봉보건소,36.053986,12.67901,10.059526
109000036,10119,함석헌기념관.정의여중고,34.52005,7.331119,5.8165097
109000037,10120,함석헌기념관.정의여중고,38.925655,4.022265,3.191265
109000038,10121,도봉구민회관.도봉문화원,32.86623,5.8360267,4.6303034
109000039,10122,도봉구민회관.도봉문화원,31.02576,4.4931345,3.564853
109000040,10124,쌍문역.쌍문시장,47.5425,2.982272,2.3661346
109000041,10126,쌍문역.쌍리단길,47.816227,2.7863138,2.2106612
109000042,10127,우이교앞,35.12903,1.0360248,0.8219821
109000044,10129,서울북부지방법원.검찰청.성우아파트,28.125856,5.4662886,4.336953
109000045,10130,서울북부지방법원.검찰청.성우아파트,29.82588,1.9444351,1.5427148
109000046,10131,법조타운공영주차장,31.88874,2.0855205,1.6546519
109000047,10132,법조타운공영주차장,30.478998,1.5451298,1.2259059
109000048,10133,도봉구청,29.740707,5.0875554,4.036466
109000049,10134,도봉구청,27.813753,11.215895,8.898691
109000122,10207,방학동우성.청구아파트,48.24446,7.951238,6.308512
109000050,10135,방학1동대상타운현대.삼성아파트,31.33453,5.7666855,4.5752883
109000051,10136,방학1동대상타운현대.삼성아파트,33.697186,6.9442143,5.5095396
109000052,10137,창동쌍용.성원아파트,27.462002,2.4111648,1.9130181
109000053,10138,창동쌍용아파트,28.880566,8.052601,6.388933
109000054,10139,자운고등학교앞,27.874815,5.9745626,4.740218
109000055,10140,자운고등학교앞,29.915165,7.6783047,6.091967
109000056,10141,창동동아청솔아파트,28.008072,1.374776,1.0907472
109000057,10142,창동동아청솔아파트,29.333256,6.064983,4.8119574
109000058,10143,창동농협물류센터,25.812647,2.6465094,2.0997405
109000059,10144,창동농협물류센터,28.423054,4.74271,3.762866
109000060,10145,창동농협물류센터,28.89399,10.47073,8.307477
109000061,10146,창동역1번출구.노원세무서,29.4918,5.904142,4.684346
109000062,10147,창동동아아파트,29.25498,8.021661,6.364386
109000063,10148,창동동아아파트,27.025343,3.6637785,2.9068418
109000064,10149,창동주공19단지,27.246368,9.746539,7.7329044
109000065,10150,창동주공19단지,25.829594,2.5281575,2.00584
109000066,10151,창동주공18단지,23.598566,8.2778015,6.567608
109000067,10152,창동주공18단지,25.877844,6.2137623,4.929999
109000068,10153,도봉산입구,50.367508,5.526951,4.3850827
109000069,10154,도봉산성당,45.430782,9.991413,7.927187
109000070,10155,김근태기념도서관,45.430782,9.991413,7.927187
109000071,10156,도봉역,31.866894,11.072727,8.785102
109000072,10157,도봉역.도봉래미안아파트,31.96496,7.7776384,6.1707783
109000073,10158,노원교,30.094736,1.7844503,1.4157829
109000074,10159,노원교,29.879807,6.783269,5.3818455
109000075,10160,성대야구장.노원교앞,30.99782,8.854399,7.02508
109000076,10161,천주교도봉동교회,29.64941,1.4192652,1.126045
109000077,10162,천주교도봉동교회,30.196491,3.0838335,2.4467134
109000078,10163,오봉초등학교,37.213547,20.317345,16.119781
109000079,10164,오봉초등학교,36.75859,26.916027,21.355177
109000080,10165,방학2동제4공영주차장,41.409416,1.3234985,1.0500636
109000081,10166,방학2동제4공영주차장,41.409416,1.3234985,1.0500636
109000082,10167,방학2동주민센터,39.019577,9.070733,7.1967196
109000083,10168,방학2동주민센터,39.00284,4.934135,3.9147427
109000088,10173,방학동신우빌라,34.626797,1.833256,1.4545053
109000089,10174,방학동신우빌라,34.943012,0.54053694,0.42886204
109000090,10175,방학동삼익세라믹,31.326433,5.600211,4.4432073
109000091,10176,방학동삼익세라믹,34.791935,7.506245,5.955455
109000092,10177,쌍문동청구아파트,36.590878,7.7733088,6.167343
109000093,10178,쌍문동청구아파트,36.590878,7.7733088,6.167343
109000094,10179,샘말어린이공원,37.96102,1.4249235,1.1305344
109000095,10180,방학중학교정문,33.402035,0.73310405,0.5816448
109000096,10181,방학중학교정문,34.055286,3.610641,2.8646827
109000097,10182,신한은행방학동지점,30.636923,1.5459083,1.2265238
109000098,10183,신한은행방학동지점,31.149336,1.920495,1.5237207
109000099,10184,연산군.정의공주묘,42.097507,5.960809,4.729306
109000100,10185,연산군.정의공주묘,43.951218,9.833153,7.8016233
109000101,10186,방학동신동아타워,37.56329,2.5559628,2.027901
109000102,10187,방학동신동아타워,38.303368,10.132048,8.038767
109000103,10188,방학3동신동아프라자,38.201534,5.0044336,3.9705176
109000104,10189,방학동신동아아파트,36.331932,6.059473,4.807586
109000105,10190,방학동신동아아파트,34.863274,2.4682455,1.958306
109000106,10191,방학초등학교,37.388947,10.253789,8.135356
109000107,10192,방학초등학교,32.008335,7.9026327,6.269949
109000108,10193,신한은행방학동지점,28.889202,5.9489613,4.719906
109000109,10194,신한은행방학동지점,28.504747,2.802948,2.223859
109000110,10195,방학사거리,26.905226,2.2755494,1.805421
109000111,10196,방학사거리,27.494478,4.1727033,3.3106227
109000112,10197,서울문화고등학교,28.463482,1.1442491,0.90784717
109000113,10198,서울문화고등학교,27.921162,2.78879,2.212626
109000114,10199,서울문화고등학교,26.613924,3.7003086,2.9358249
109000115,10200,쌍문동청한빌라,53.569046,4.5621786,3.6196327
109000116,10201,쌍문동청한빌라,52.724182,2.2489786,1.7843397
109000117,10202,쌍문동우이빌라,78.09149,15.732578,12.482227
109000118,10203,쌍문동우이빌라,75.80399,23.931017,18.98687
109000119,10204,초당초등학교,50.05684,2.8137891,2.2324603
109000120,10205,초당초등학교,53.693184,5.1992474,4.125083
109000121,10206,방학동우성아파트,48.997997,3.9294708,3.117642
109000123,10208,방학3동신동아프라자,38.322205,9.712839,7.7061667
109000124,10209,방학3동주민센터,40.211967,10.354462,8.21523
109000125,10210,쌍문동성원?금호타운2차아파트,46.308075,2.171113,1.7225611
109000126,10211,쌍문동성원.금호타운2차아파트,44.406467,7.6133037,6.040395
109000127,10212,쌍문동한양.현대아파트,45.14912,7.4070673,5.876767
109000128,10213,쌍문동현대.한양아파트,41.068287,11.57732,9.185446
109000129,10214,쌍문동삼익.금호1차아파트,40.896145,2.3571148,1.8701348
109000130,10215,쌍문동금호1차.삼익아파트,40.776207,2.3767085,1.8856804
109000131,10216,도봉구보건소앞,34.75809,4.982005,3.9527228
109000132,10217,도봉구보건소앞,37.159557,6.4621477,5.127068
109000133,10218,북서울교회,51.213757,5.965481,4.7330127
109000134,10219,서라벌중학교.우이동대우아파트,50.01463,2.8080857,2.227935
109000135,10221,덕성여대입구,44.49799,2.7478576,2.1801503
109000136,10222,쌍문초등학교,36.327415,8.347032,6.6225343
109000137,10223,쌍문초등학교,34.61059,12.813907,10.1665535
109000138,10224,숭미초등학교,53.304756,8.799247,6.9813223
109000139,10225,숭미초등학교,55.122555,5.901713,4.682419
109000140,10226,둘리뮤지엄.대우이안극동아파트,60.206642,10.810595,8.577126
109000141,10227,둘리뮤지엄.대우이안극동아파트,58.80417,3.5452976,2.812839
109000142,10228,창동주공1단지,32.2239,4.9810467,3.9519622
109000143,10229,창동주공1단지아파트,33.671616,10.719293,8.504687
109000145,10231,서울북부지방법원등기국,31.229193,8.510971,6.7526045
109000146,10232,서울북부지방법원등기국,26.807451,7.9221115,6.2854033
109000148,10234,창동역서측,25.999931,12.171551,9.656909
109000149,10235,창4동주민센터,26.792973,7.668308,6.0840354
109000150,10236,창4동주민센터,29.719711,10.7678585,8.543219
109000155,10241,창동주공4단지,30.10159,5.5515943,4.4046345
109000156,10242,창동주공4단지,29.02644,7.512203,5.960182
109000158,10244,도봉문화정보도서관,49.491386,12.943221,10.269152
109000159,10245,도봉문화정보도서관,50.289165,9.485405,7.52572
109000160,10246,창림초교.창동신창아파트앞,39.5374,11.5436535,9.158734
109000161,10247,창림초교.창동신창아파트앞,38.42515,5.9602942,4.7288976
109000162,10248,국립현대미술관창동레지던시,34.8991,2.106147,1.671017
109000163,10249,국립현대미술관창동레지던시,34.651253,7.8098383,6.196326
109000164,10250,창동서울탁주앞,31.381248,3.3192322,2.6334789
109000165,10251,창동서울탁주앞,31.153421,1.8828552,1.4938573
109000166,10252,창2동건영캐스빌아파트,36.157967,15.221151,12.076462
109000167,10253,창2동건영캐스빌아파트,28.817892,10.778122,8.551362
109000170,10256,창2동한일아파트,48.388073,6.8563395,5.43982
109000171,10257,창1동제1공영주차장입구,48.654404,5.7508636,4.562735
109000172,10258,한신아파트101동앞,48.914787,10.091578,8.006658
109000173,10259,KT도봉지점,52.528564,4.7227955,3.747066
109000174,10260,창동청구빌라,51.76129,7.284458,5.779489
109000175,10261,창동청구빌라,50.82349,3.5389552,2.807807
109000176,10262,창림초등학교후문,40.7586,5.5135803,4.3744745
109000177,10263,창림초등학교후문.창동보건지소,39.165466,1.3993208,1.1102211
109000178,10264,창동대우아파트,40.613632,2.5498426,2.0230453
109000179,10265,창동역1번출구(도봉방면),28.367903,8.29677,6.5826573
109000180,10266,창동역1번출구(노원방면),29.728762,3.6914594,2.928804
109000181,10269,서울가든아파트앞,32.703617,11.409598,9.052376
109000182,10270,창1동주민센터,32.60715,4.2484865,3.370749
109000183,10271,창1동주민센터,32.60715,4.2484865,3.370749
109000184,10272,창동주공3단지,30.559996,3.4372396,2.7271059
109000185,10273,창동주공3단지,30.176426,10.749404,8.528577
109000188,10276,세그루학원,53.304096,11.638031,9.233614
109000189,10277,세그루학원,56.60381,6.2767453,4.97997
109000190,10278,창동주공17단지,26.755405,7.2223988,5.730251
109000191,10279,창동주공17단지,28.215973,3.9887645,3.1646857
109000192,10280,창3동염광아트필,30.374048,1.6369799,1.29878
109000193,10281,창3동염광아트빌,30.166208,1.950134,1.5472363
109000194,10282,한승미메이드아파트,33.185852,3.6394248,2.8875196
109000195,10283,한승미메이드아파트,31.280289,9.161546,7.26877
109000196,10284,북서울농협창동지점,29.09394,1.8804146,1.491921
109000197,10285,북서울농협창동지점,28.287941,1.6756507,1.3294613
109000198,10286,신화초교입구,29.090378,1.6882049,1.3394217
109000199,10287,신화초교입구,28.759287,1.4137486,1.1216681
109000206,10294,방학동도깨비시장입구,30.346874,2.5764978,2.0441933
109000207,10295,거성학마을아파트,32.249825,1.1119399,0.8822131
109000208,10296,도봉새마을금고본점,29.304447,3.9752436,3.1539583
109000209,10297,창5동현대아파트,38.51471,7.8446527,6.2239475
109000210,10298,창5동현대1차아파트,39.316227,3.893002,3.088708
109000211,10299,창동아이파크,28.146814,14.994195,11.896395
109000214,10302,방학3동주민센터,39.46351,6.344361,5.033616
109000215,10303,도봉동서광아파트,33.631657,10.987034,8.717113
109000216,10304,방학교,28.663403,7.531728,5.9756727
109000217,10305,창동고등학교.창북중학교,34.337536,10.861011,8.617126
109000218,10306,정의여중고입구,46.509686,8.458892,6.7112846
109000221,10309,도깨비시장,32.46155,0.7070304,0.56095797
109000222,10310,방학동도깨비시장,32.135784,4.193615,3.327214
109000223,10311,태영데시앙아파트,36.39328,16.46843,13.0660515
109000224,10312,창번교앞,26.405272,1.5206773,1.2065054
109000225,10313,금용아파트,32.32495,11.239618,8.917514
109000226,10314,창번2교앞,27.941883,5.291349,4.198156
109000227,10315,대우아파트104동,43.943577,6.6478667,5.2744174
109000228,10317,도봉산입구,50.367508,5.526951,4.3850827
109000231,10320,샘말어린이공원,39.347668,5.109211,4.053648
109000232,10321,안방학동종점,43.13472,2.1133282,1.6767145
109000236,10325,강북씨앤지,53.370106,2.6690693,2.1176395
109000241,10330,창동.신창시장,32.61227,2.9816012,2.3656025
109000242,10331,신창.창동시장,33.50207,4.8829546,3.8741362
109000293,10657,창동고등학교.창북중학교,34.110973,9.982575,7.920175
109000361,10735,서원아파트,29.1164,5.1168,4.059669
109000364,10740,서울문화고등학교,25.43366,4.5319457,3.5956457
109000393,10999,도봉새마을금고본점,31.057703,6.440223,5.109673
109000394,10617,거성학마을아파트,30.774244,0.8162802,0.6476367
109000395,10997,방학동도깨비시장입구,30.79729,2.8661642,2.2740147
109000396,10334,안방학동,36.056934,1.8257289,1.4485333
109000397,10333,안방학동,37.080036,3.5555577,2.8209794
109000399,10336,태영데시앙아파트,30.626167,7.4726686,5.9288154
109000400,10337,방학중학교,38.751335,3.9374354,3.1239612
109000403,10335,창동농협물류센터,25.812647,2.6465094,2.0997405
109000405,10339,도봉산역광역환승센터,32.28067,5.630717,4.4674106
109000406,10340,도봉산역광역환승센터,33.088062,5.9068966,4.686532
109000407,10105,녹천역3번출구,23.109428,0.61174464,0.4853582
109000408,10341,도봉산역광역환승센터,34.7339,5.550922,4.4041014
109000410,10713,북한산아이파크,31.640306,15.420676,12.234764
109000411,10808,방학중학교,37.664185,2.3613915,1.8735281
109000412,10831,한신아파트정문,33.999977,24.629686,19.541193
109000413,10412,창동교,24.195263,15.671878,12.434068
109000414,10411,창동교,27.550665,9.72947,7.719362
109000415,10414,녹천교,21.49501,11.318488,8.980088
109000416,10413,녹천교,19.301908,2.4883158,1.9742298
109000417,10220,창동119안전센터,33.792057,10.787282,8.558629
109900001,10510,용호약국,41.292225,7.5307937,5.9749317
109900002,10509,한일병원입구,33.39066,9.160215,7.267715
109900003,10511,에덴약국,54.51352,6.603939,5.2395654
109900006,10502,도봉여성센터,39.554,5.987069,4.7501407
109900007,10504,동익아파트,42.48083,3.6584992,2.9026535
109900008,10838,법종사,72.938484,8.43152,6.6895685
109900009,10836,코오롱아파트.덕성여대기숙사,42.41366,12.949259,10.273942
109900010,10834,약초원.동아슈퍼,49.32702,5.928903,4.7039914
109900011,10822,서울북부지방법원,29.499031,1.7945248,1.423776
109900012,10821,서울문화고등학교,26.49542,4.5764084,3.6309226
109900013,10819,대상타운현대아파트,30.3396,4.1929994,3.3267257
109900014,10818,삼환.동아에코빌아파트,31.169476,15.68566,12.4450035
109900015,10817,도봉롯데캐슬골든파크,39.69252,8.756437,6.9473577
109900016,10814,극동.유원아파트후문,31.812141,8.092988,6.4209766
109900017,10813,도봉중학교.서원아파트,30.28824,2.6519485,2.104056
109900018,10812,도봉파크빌2단지앞,32.901905,10.520911,8.347291
109900019,10810,누원고등학교.한신아파트정문,32.75939,17.461792,13.854186
109900020,10809,오봉초등학교,33.759693,12.704501,10.079752
109900021,10807,시온슈퍼,32.347122,7.3690925,5.8466377
109900022,10806,방학동극동아파트.방학동천주교성당,41.367977,5.210552,4.1340523
109900023,10805,부부슈퍼,33.129715,2.5888216,2.053971
109900024,10803,삼거리슈퍼,34.756306,2.4753122,1.9639127
109900025,10802,도봉파크빌3단지,37.292187,10.570066,8.386291
109900027,10800,성황당,32.85701,1.4445721,1.1461235
109900028,10799,도봉산역,34.11963,11.082013,8.792469
109900029,10798,신동아아파트16동,32.038025,4.32122,3.428456
109900030,10792,도봉1파출소,34.556393,5.0656433,4.0190816
109900031,10791,도봉파크빌3단지,32.74832,13.616428,10.803274
109900032,10790,청한빌라,54.735153,2.7312021,2.166936
109900033,10789,한일병원입구,32.90253,8.9921665,7.1343846
109900034,10787,윤성빌라.다리앞,33.8111,3.3121428,2.627854
109900035,10786,한신아파트정문,29.990181,21.850023,17.335808
109900036,10785,엘지전자,57.54014,2.451964,1.9453882
109900037,10784,우이성당,53.256317,1.5367651,1.2192694
109900038,10783,우이1교,36.014317,2.863878,2.2722008
109900039,10781,도봉초등학교,41.823227,38.050068,30.188925
109900040,10780,약초원.동아슈퍼,49.377808,4.636165,3.6783335
109900041,10779,신일라이프아파트,59.928394,7.4539075,5.9139304
109900042,10777,덕성여대후문.효문중고교앞,44.68095,4.775366,3.7887754
109900044,10775,정의여중고,45.570995,7.310885,5.800456
109900045,10757,무수골,40.75299,6.381869,5.0633745
109900046,10747,청구아파트,51.563877,1.8969405,1.5050325
109900047,10745,소피아호텔,37.11398,5.804441,4.6052437
109900048,10737,누원고등학교.한신아파트정문,28.621353,19.544287,15.506437
109900049,10698,도봉파크빌2단지,29.116407,22.457806,17.818022
109900050,10697,에덴약국,54.51352,6.603939,5.2395654
109900051,10667,윤성빌라.다리앞,33.8111,3.3121428,2.627854
109900052,10638,한신아파트후문,34.011295,8.785175,6.970158
109900053,10637,쌍문1동현대아파트,46.00223,6.207916,4.92536
109900054,10612,쌍문동한양아파트,45.430313,7.9204183,6.28406
109900055,10600,유원.극동아파트,33.250454,5.894814,4.6769457
109900056,10599,도봉경찰서.창4동주민센터,26.289093,4.0978594,3.2512417
109900057,10598,오복슈퍼,41.407852,4.151814,3.2940493
109900058,10597,용호약국,41.292225,7.5307937,5.9749317
109900060,10594,창2동건영아파트,33.375534,14.785642,11.730928
109900061,10592,대우.삼성서비스센터,35.752796,5.1600404,4.093976
109900062,10590,사거리슈퍼앞,41.095818,10.54894,8.369529
109900064,10587,창2동주민센터,37.03538,2.3845778,1.8919239
109900065,10585,도봉역,31.754791,3.3375466,2.6480095
109900066,10583,쌍문초등학교,39.167038,6.519266,5.1723857
109900067,10582,믿음주유소,44.90349,9.327991,7.4008274
109900068,10580,방학3동주민센터,43.795975,8.193207,6.50049
109900069,10578,삼거리슈퍼,33.021397,3.6997478,2.93538
109900071,10573,부부슈퍼,32.10956,2.843284,2.2558615
109900072,10572,서울북부지방법원,32.225388,7.0370507,5.583196
109900073,10570,김수영문학관,43.147697,8.920656,7.077649
109900074,10568,시온슈퍼,31.58798,4.9407644,3.9200027
109900075,10565,엘지전자,58.38917,2.6473699,2.1004233
109900076,10564,청구아파트,49.617874,9.115693,7.232391
109900077,10561,오봉초등학교,32.854267,3.8990724,3.0935242
109900078,10560,서울북부지방검찰청.한양수자인아파트,32.20977,2.7336295,2.1688616
109900080,10557,선덕사거리.세그루학원입구,43.407158,7.2555094,5.756521
109900081,10553,세무서앞,26.469675,7.671846,6.0868425
109900082,10551,성원아파트,44.10816,7.0949864,5.6291623
109900083,10549,도봉중학교.서원아파트,30.173096,2.7345512,2.1695929
109900084,10546,미래빌라,41.211376,12.118474,9.614798
109900085,10542,쌍문동현대1차아파트,46.872684,4.0580235,3.219636
109900086,10541,소피아호텔,38.97564,7.3172684,5.8055205
109900087,10540,방학삼성래미안1단지아파트,33.0584,12.253951,9.722285
109900089,10532,쌍문초등학교,37.058422,11.216382,8.899077
109900090,10531,도봉구보건소앞,36.12345,2.7871242,2.2113042
109900092,10528,덕성여대후문.효문중고교앞,47.878536,9.1714525,7.2766304
109900093,10527,코오롱아파트.덕성여대기숙사,43.129913,14.026845,11.128899
109900094,10526,쌍문1동주민센터,40.448303,11.287071,8.955162
109900096,10522,오복슈퍼,41.407852,4.151814,3.2940493
109900097,10521,믿음주유소,44.796795,7.1059446,5.6378565
109900098,10519,방학신동아1단지.방학3동주민센터,41.10668,4.6927476,3.723226
109900099,10516,쌍문1동현대아파트,47.86877,7.737913,6.1392603
109900100,10515,사거리슈퍼,41.095818,10.54894,8.369529
109900102,10512,청한빌라,54.590076,1.0320905,0.8188606
109900103,10816,삼환아파트후문,31.93177,9.455168,7.50173
109900104,10505,꽃동네,70.90532,11.12361,8.825472
109900105,10517,우이성당,53.263664,3.668029,2.9102142
109900106,10533,쌍문1치안센터,45.120274,10.368276,8.22619
109900107,10537,경기푸른미래관,43.679764,5.2956305,4.2015533
109900108,10734,경기푸른미래관,45.57704,7.6024647,6.0317955
109900109,10754,쌍문1치안센터,49.331142,16.585884,13.159241
109900111,10536,시립도봉노인종합복지관,43.71977,8.054668,6.3905745
109900113,10726,도봉구보건소앞,34.75809,4.982005,3.9527228
109900114,10503,한일병원,45.61192,6.466165,5.130255
109900115,10535,신일라이프아파트,60.28649,2.960684,2.349007
109900117,10588,금호타운,46.31252,1.0474908,0.83107924
109900123,10563,방학3동주민센터,41.335686,7.192183,5.7062783
109900125,10804,대원그린아파트.도봉실버센터,46.169495,23.230116,18.430775
109900126,10575,벽산아파트,45.535954,3.4608586,2.745845
109900131,10550,창동한신아파트,46.05616,6.961999,5.52365
109900132,10556,창동중앙약국,48.388073,6.8563395,5.43982
109900134,10584,창동고등학교.창북중학교,34.780983,9.08196,7.2056265
109900135,10736,창동이마트,23.993319,8.840443,7.0140076
109900137,10569,창성빌라,48.66643,10.2127495,8.102796
109900140,10529,창동아이파크,28.722862,7.8527355,6.2303605
109900149,10586,성황당,32.796143,3.450015,2.737242
109900150,10593,도봉1동주민센터.럭키아파트,34.84364,5.2123523,4.1354804
109900151,10604,도봉1파출소,34.231106,1.3221915,1.0490267
109900152,10722,도봉초등학교,34.597313,11.538544,9.15468
109900153,10744,부대앞,41.374023,25.623829,20.329945
109900154,10778,부대앞,41.374023,25.623829,20.329945
109900155,10797,도봉1동주민센터.럭키아파트,37.322136,7.504833,5.9543347
109900161,10826,서울북부지방검찰청.한양수자인아파트,30.519144,6.0302563,4.784405
109900162,10828,하나약국,28.811722,4.3403616,3.4436429
109900164,10172,신방학중학교앞,42.815742,5.826787,4.6229725
109900165,10293,서울외국어고등학교,28.394283,11.075601,8.787381
109900166,10292,서울외국어고등학교,24.66912,9.651121,7.6571994
109900167,10710,창동아이파크,31.078993,2.8203678,2.2376797
109900168,10711,북한산아이파크,33.00763,15.459912,12.265894
109900169,10714,창동아이파크,25.795975,9.12138,7.2369027
109900170,10700,녹천북부역,32.171005,24.796278,19.673367
109900171,10701,창1동대우그린아파트,25.670292,6.686144,5.3047867
109900172,10702,창일중학교,28.608532,5.1559477,4.0907288
109900173,10703,창동역서측,28.06091,12.593937,9.99203
109900174,10704,상아아파트,28.708094,5.4273663,4.3060727
109900175,10705,옛고을길입구,57.70377,2.7823975,2.207554
109900176,10706,창일중학교,29.227581,4.040212,3.2055042
109900177,10707,주공4단지후문,25.497381,3.8361118,3.043571
109900178,10841,효문중학교,44.54464,7.3995633,5.8708134
109900179,10842,효문중학교,44.54464,7.3995633,5.8708134
109900180,10843,도봉중학교후문,29.590118,2.2922192,1.8186467
109900181,10501,창동역동측,29.467072,2.4049947,1.9081229
109900182,10514,신화초교.초안아파트,24.127163,6.7304425,5.3399334
110000001,11101,공릉시장,21.592081,4.2462583,3.3689811
110000002,11102,공릉시장,22.159658,1.1440458,0.90768594
110000003,11103,태릉입구역4번출구,23.526743,2.2196734,1.761089
110000004,11104,태릉입구역3번출구,22.071182,2.6132436,2.0733473
110000005,11105,태릉입구역,19.379332,2.8516138,2.2624705
110000006,11106,태릉입구역,20.542433,12.596472,9.9940405
110000007,11107,공릉1동삼익아파트,29.127163,7.7070966,6.1148105
110000008,11108,공릉초등학교,21.886477,1.8945485,1.5031348
110000009,11109,대주아파트,21.112005,8.175353,6.4863253
110000010,11110,공릉행복발전소,22.145105,2.6029353,2.0651689
110000011,11111,공릉대아2차아파트,19.664122,3.3420827,2.6516085
110000012,11112,서울창업디딤터,21.339724,1.3108258,1.0400091
110000013,11113,경춘선숲길.토끼굴앞,22.968079,3.292762,2.6124775
110000014,11114,주유소앞다운복지관,22.391651,5.883931,4.6683106
110000015,11115,서울창업디딤터,23.134804,9.439339,7.4891715
110000016,11116,서울생활사박물관.농협앞,18.338795,3.2942953,2.613694
110000017,11117,태릉입구역7번출구.서울생활사박물관,25.098648,16.966043,13.460859
110000018,11118,화랑대역1번출구,26.408157,9.302331,7.3804693
110000019,11119,공연초등학교,30.640057,3.353892,2.6609778
110000020,11120,공릉역,23.49895,1.5036224,1.192974
110000021,11121,서울과학기술대앞,26.780485,7.610054,6.037817
110000022,11122,동신아파트,34.307213,0.44830334,0.35568386
110000023,11123,현대성우아파트,32.243217,3.5535927,2.8194203
110000024,11124,동부아파트,32.9729,5.891152,4.67404
110000025,11125,한보아파트.삼익아파트,39.97647,10.694294,8.484853
110000026,11126,삼익아파트.한보아파트,40.23407,7.9441075,6.302855
110000027,11127,원자력병원,42.961933,4.0396066,3.205024
110000028,11128,원자력병원입구,38.721085,2.982367,2.36621
110000029,11129,안마을,29.889624,1.8449204,1.4637598
110000030,11130,두산힐스빌아파트,25.619144,8.175026,6.4860654
110000031,11131,두산힐스빌아파트,25.619144,8.175026,6.4860654
110000032,11132,안마을,29.222183,3.9548166,3.1377516
110000033,11133,원자력병원.공릉해링턴플레이스,55.57978,5.5494637,4.4029446
110000034,11134,공릉해링턴플레이스,52.771515,4.940863,3.9200807
110000035,11135,공릉우방아파트,44.30325,6.66728,5.28982
110000036,11136,태릉해링턴플레이스아파트,42.598755,4.0767593,3.234501
110000037,11137,화랑타운아파트,32.045116,12.3705435,9.814789
110000038,11138,청솔8단지아파트,31.543531,4.5071645,3.5759845
110000039,11139,화랑대역2번출구,22.887707,7.226173,5.733246
110000040,11140,화랑대사거리,27.875158,1.5618794,1.2391951
110000041,11141,화랑대사거리,28.859251,7.0884056,5.623941
110000042,11142,경춘선숲길.화랑대철도공원,31.800194,8.525805,6.7643743
110000043,11143,경춘선숲길.화랑대철도공원,32.84566,5.9663706,4.7337184
110000044,11144,서울여대.육군사관학교행정안내소,34.687645,7.546404,5.987317
110000045,11145,서울여대.육군사관학교행정안내소,32.652714,5.4711046,4.3407745
110000046,11146,태릉국제사격장,31.631462,10.806601,8.573957
110000047,11147,태릉국제사격장,34.646687,10.545639,8.36691
110000048,11148,태릉,33.201015,11.394005,9.040004
110000049,11149,태릉,36.882515,7.4810753,5.9354854
110000050,11150,태릉선수촌,38.374443,12.962144,10.284164
110000051,11151,태릉선수촌,40.831112,8.314052,6.5963683
110000052,11203,수락리버시티아파트,35.392868,2.7468202,2.1793272
110000053,11153,태릉국제스케이트장,42.938293,16.56604,13.1434965
110000054,11154,삼육대앞,42.050957,5.480665,4.34836
110000055,11155,삼육대앞,44.537685,4.767442,3.7824886
110000056,11156,담터고개,61.479504,17.615303,13.975981
110000057,11157,원자력병원.공릉동삼익2차아파트,38.272533,5.6174083,4.456852
110000058,11158,예수사랑교회,26.335938,9.114158,7.2311726
110000059,11159,서울과학기술대입구,24.381008,1.6819686,1.3344738
110000060,11160,서울과학기술대입구,24.120758,5.404326,4.287792
110000061,11161,공릉역1번출구,28.008162,6.3170753,5.0119677
110000062,11162,공릉역4번출구,21.853165,4.66157,3.6984894
110000063,11163,공릉신도2차아파트,22.053217,4.6195006,3.6651118
110000064,11164,공릉대동2차아파트,22.328075,2.6036198,2.065712
110000065,11165,공릉대동2차아파트,23.97336,1.6284484,1.2920109
110000066,11166,노원문화원,24.941204,3.6773283,2.9175923
110000067,11167,노원문화원,25.424276,3.4025373,2.699573
110000068,11168,용원초등학교,22.152784,2.2744281,1.8045313
110000069,11169,용원초등학교,21.88382,4.4472156,3.528421
110000071,11171,공릉2단지,20.322914,2.6589074,2.1095772
110000073,11173,영화교회,25.2707,3.130264,2.4835515
110000075,11175,공릉삼익아파트,23.901796,2.6801744,2.1264503
110000076,11176,공연초등학교,28.457504,4.830558,3.8325646
110000077,11177,공릉역,24.242994,2.042246,1.620318
110000078,11178,공릉1단지후문,26.751278,5.148904,4.08514
110000080,11180,상계주공9단지,28.96801,7.9452047,6.3037257
110000081,11181,노원고등학교,28.586271,3.4461818,2.7342007
110000082,11182,임광아파트상가,27.34443,2.0443614,1.6219964
110000083,11183,상계주공7단지,24.872034,3.3752444,2.677919
110000084,11184,대림아파트상가,25.348234,2.853799,2.264204
110000085,11185,도봉면허시험장,28.144709,10.102423,8.015263
110000086,11186,도봉면허시험장,24.972834,8.409293,6.671933
110000087,11187,상계주공7단지,26.767189,5.548281,4.402006
110000088,11188,상계주공7단지.광림교회앞,29.30626,3.2828474,2.6046112
110000089,11189,상계10동우체국,30.591112,4.3203073,3.4277318
110000090,11190,청원고등학교,34.00426,1.5291284,1.2132105
110000091,11191,마들역.상계주공9단지,27.492361,3.1857767,2.527595
110000092,11192,온곡중학교.노원중앙도서관,28.221731,2.0381706,1.6170845
110000093,11193,온곡중학교.노원중앙도서관,29.1239,3.3199449,2.6340442
110000094,11194,두산아파트.도심공항수락터미널,31.930872,2.6358395,2.091275
110000095,11195,두산아파트.도심공항수락터미널,30.728472,3.2826095,2.6044223
110000096,11196,수락산역3번출구,35.078026,1.8868126,1.4969971
110000097,11197,수락산역4번출구,35.946537,1.5460685,1.2266508
110000098,11198,노일초등학교,31.774149,0.77291024,0.613227
110000099,11199,노원초등학교,31.392036,2.8448932,2.2571383
110000100,11200,상계현대2차아파트,29.012619,2.8192968,2.23683
110000101,11201,상경초등학교.상계현대3차아파트,29.305796,2.6994085,2.1417108
110000102,11202,수락리버시티아파트,35.330544,6.7721,5.372984
110000104,11204,수락중고등학교,31.543852,6.270653,4.975136
110000105,11205,수락중고등학교,33.019684,4.2521505,3.3736563
110000106,11206,은빛아파트2단지,35.47131,8.00699,6.3527465
110000107,11207,홍파복지원.수락산벨리체아파트,34.24739,5.4538693,4.3271003
110000108,11208,상계초등학교,35.731735,7.19779,5.7107267
110000109,11209,상계초등학교,34.38817,7.8509574,6.2289495
110000110,11210,노원역9번출구,31.917835,5.129465,4.069718
110000111,11211,노원역1번출구,32.667603,1.3999977,1.1107582
110000112,11212,롯데백화점노원점.노원역4번출구,27.89768,10.807736,8.574858
110000113,11213,와우패션클럽,28.716145,9.453621,7.5005026
110000114,11214,중앙하이츠2차아파트,30.587666,8.151125,6.467103
110000115,11215,상계중학교정문,27.97794,0.70397335,0.5585324
110000116,11216,상계중학교,27.57603,3.5001233,2.7769978
110000117,11217,코오롱아파트.양지대림아파트,23.447853,5.3514414,4.245834
110000118,11218,상계119안전센터,26.779085,7.784055,6.1758695
110000119,11219,상계119안전센터,25.448523,5.3117833,4.214369
110000120,11220,노원수학문화관,32.394733,2.725917,2.1627426
110000121,11221,노원수학문화관,31.20367,0.9696343,0.76930785
110000122,11222,상계중앙시장입구,37.530952,2.5642543,2.0344794
110000123,11223,상계중앙시장입구,37.530952,2.5642543,2.0344794
110000124,11224,흥안운수종점,51.695953,7.420879,5.8877254
110000125,11225,흥안운수종점,49.36877,5.1654468,4.098265
110000126,11226,불암현대아파트,54.140293,5.604615,4.4467015
110000127,11227,동아불암아파트,46.569122,3.7970812,3.0126042
110000128,11228,동아불암아파트,47.90524,2.1283698,1.6886486
110000129,11229,노원롯데캐슬시그니처아파트,42.428013,1.7365825,1.3778045
110000130,11230,노원롯데캐슬시그니처아파트,42.891014,1.3348982,1.0591083
110000131,11231,상계불암대림아파트,40.75819,7.187685,5.702709
110000132,11232,흥안운수상계4동종점,49.6086,4.3094378,3.4191077
110000133,11233,상계역사거리,40.963135,2.9744928,2.3599625
110000134,11234,상신교회,43.417007,1.4912149,1.1831299
110000135,11235,상신교회,43.417007,1.4912149,1.1831299
110000136,11236,계상초등학교,38.62761,1.5301659,1.2140337
110000137,11237,상계5동주민센터,38.080772,1.8325049,1.4539093
110000138,11238,상계한신2차아파트,42.73153,6.3048434,5.0022626
110000139,11239,상계한신2차아파트,45.532104,2.476037,1.9644877
110000140,11240,상계역5번출구.상계벽산아파트,42.903076,18.396904,14.596104
110000143,11243,벽산아파트103동,40.790337,6.137984,4.8698764
110000144,11244,노원역6번출구.상계주공3단지,24.857115,4.4511504,3.5315425
110000145,11245,상계주공2단지,27.24768,5.324817,4.22471
110000146,11246,상계주공1단지.한국성서대학교,26.897331,4.3994904,3.4905555
110000147,11247,마들근린공원.노원에코센터,24.34066,2.7004533,2.1425397
110000148,11248,마들근린공원.노원에코센터,22.891823,5.2235107,4.1443334
110000150,11250,노원구청.상계6동우체국,30.809826,14.525131,11.524239
110000151,11251,노원구청,28.162521,10.356822,8.217103
110000152,11252,노원구청,31.300432,13.517464,10.724756
110000153,11253,상계주공2단지223동,25.6727,10.656443,8.454822
110000154,11254,상계주공2단지203동,28.172178,9.491643,7.5306697
110000155,11255,노원역5번출구.상계주공6단지,27.424208,0.7903458,0.62706035
110000156,11256,상계주공4단지,32.479824,7.9242187,6.287075
110000157,11257,백병원.한국성서대학교,28.839548,8.13463,6.4540157
110000160,11260,상계6.7동주민센터,35.865406,2.193652,1.7404435
110000161,11261,상계중학교,28.082544,3.1896408,2.5306609
110000166,11266,상경초등학교,30.568989,13.651829,10.831361
110000167,11267,상계주공15단지,27.785532,4.1169906,3.2664204
110000168,11268,마들역,28.497723,0.86715186,0.6879983
110000169,11269,상계주공10단지,28.314306,1.5854076,1.2578623
110000170,11270,노원고등학교,27.398073,5.36904,4.259796
110000171,11271,상계주공10단지상가,27.354733,3.7461398,2.9721873
110000172,11272,상계주공14단지,33.401253,4.7175183,3.742879
110000173,11273,마들역,29.708633,8.481676,6.7293615
110000174,11274,보람아파트1단지,42.110645,3.6040993,2.8594923
110000175,11275,보람아파트2단지,41.797382,3.0871959,2.449381
110000176,11276,청원고등학교,33.319515,7.1077037,5.639252
110000177,11277,상계주공12단지1202동,29.818,3.6070333,2.8618202
110000178,11278,광운대역,28.11349,14.7093525,11.670401
110000179,11279,광운대역,23.346466,13.75326,10.911836
110000180,11280,월계현대아파트,19.412006,3.3201091,2.6341746
110000181,11281,월계현대아파트,21.667683,9.982974,7.9204917
110000182,11282,월계1동경로당,20.289118,8.233615,6.5325503
110000183,11283,석계역1번출구.A,24.689516,4.7219815,3.7464201
110000184,11284,석계역2번출구,23.715267,11.39309,9.039277
110000185,11285,광운대학교,23.684364,1.0987332,0.871735
110000186,11286,월계삼거리,26.457798,9.933507,7.8812447
110000191,11291,청백아파트1단지,45.0305,7.9761467,6.3282747
110000192,11292,대우아파트,39.191036,18.266424,14.49258
110000193,11293,청백아파트3단지4단지,37.148663,3.6448078,2.8917906
110000194,11294,청백아파트3단지4단지,38.185978,3.4965255,2.7741432
110000195,11295,초안아파트.흥화브라운빌아파트,37.52422,29.88575,23.711353
110000196,11296,초안아파트.흥화브라운빌아파트,29.271883,5.4622135,4.33372
110000197,11297,쌍용스윗닷홈아파트,33.80686,25.51763,20.245687
110000198,11298,신창중학교후문,25.31694,17.042084,13.52119
110000199,11299,신창중학교후문,25.31694,17.042084,13.52119
110000200,11300,염광고등학교,25.446827,8.101459,6.427697
110000201,11301,염광고등학교,24.874592,5.8660626,4.654134
110000202,11302,월계주공1단지상가,27.697939,2.294355,1.8203411
110000203,11303,월계공단,30.508919,7.929545,6.291301
110000204,11304,월계종합사회복지관,34.41959,8.930014,7.085073
110000205,11305,월계종합사회복지관,36.006145,2.0708733,1.6430309
110000206,11306,월계주공2단지,38.10911,4.1880355,3.3227873
110000207,11307,월계주공1단지,35.921345,8.125902,6.4470906
110000208,11308,인덕대학교.월계도서관,29.972006,6.4316487,5.10287
110000209,11309,인덕대학교.월계도서관,28.98158,4.3264303,3.4325898
110000210,11310,월계주공108동앞.롯데캐슬루나아파트,30.514116,5.6115727,4.452222
110000211,11311,인덕대학교후문입구,32.444435,9.490377,7.5296655
110000212,11312,월릉교앞.한진한화그랑빌아파트,22.225164,11.48361,9.111096
110000213,11313,한진한화그랑빌아파트,36.64336,13.166103,10.445987
110000214,11314,한천초등학교,18.139742,6.8765,5.4558153
110000215,11315,한천초등학교,18.143894,2.6502469,2.102706
110000216,11317,월계미성아파트,20.58158,2.5507603,2.0237732
110000217,11318,월계미륭아파트,20.026754,1.0516088,0.8343464
110000218,11319,월계미륭아파트,20.257465,2.0738287,1.6453756
110000219,11320,월계삼호아파트,21.414284,7.1049633,5.6370783
110000220,11321,월계삼호아파트,19.305292,9.693261,7.690634
110000221,11322,월계삼호4차아파트,23.16889,5.93537,4.7091227
110000222,11323,월계삼호4차아파트,18.256294,15.27791,12.121494
110000223,11324,녹천초등학교.월계이마트,23.469694,2.812398,2.2313564
110000224,11325,녹천초등학교.월계이마트,19.946447,11.238773,8.916842
110000225,11326,월계사슴아파트2단지,21.91164,3.0594387,2.4273586
110000226,11327,월계사슴아파트3단지,21.91164,3.0594387,2.4273586
110000227,11328,월계역1번출구,24.118845,10.258408,8.139021
110000228,11329,월계역1번출구,22.915234,5.3094378,4.2125077
110000229,11330,대우아파트,46.019295,31.259052,24.800932
110000230,11331,월계119안전센터,26.445492,27.241032,21.613033
110000231,11332,신도브래뉴.한전노원변전소,25.97091,15.282424,12.125075
110000232,11333,광운중.광운인공지능고등학교,21.32135,1.988004,1.5772823
110000233,11334,광운중.광운인공지능고등학교,22.553802,5.5219197,4.381091
110000234,11335,광운대학교,26.28075,13.383295,10.618306
110000235,11336,월계삼거리,30.988485,5.503777,4.366697
110000236,11337,롯데캐슬루나아파트,24.38629,18.739698,14.868076
110000237,11338,인덕대학교정문입구,26.993635,4.2443986,3.3675058
110000238,11339,월계보건지소,20.38778,5.374772,4.264344
110000239,11340,월계보건지소,20.343086,6.933556,5.5010834
110000240,11341,교육촌.벼루말,24.70484,9.031273,7.165412
110000242,11343,장석교회,21.881536,8.729842,6.9262567
110000243,11344,쌍용스윗닷홈아파트,30.657011,23.197002,18.404503
110000244,11345,월계119안전센터,25.587656,2.1723557,1.723547
110000245,11346,신도브래뉴.한전노원변전소,24.065794,12.872969,10.213413
110000246,11347,상명고등학교.성원아파트,31.408585,1.6243109,1.2887282
110000247,11348,중계1동주민센터,43.237858,9.827419,7.797075
110000248,11349,은행사거리,36.71108,6.6302586,5.260447
110000249,11350,양지근린공원,38.955666,4.2719984,3.3894036
110000250,11351,서라벌고등학교,41.395943,6.399469,5.077338
110000251,11352,불암중학교,35.57411,5.0337186,3.9937522
110000252,11353,불암중학교,36.39428,9.570216,7.5930095
110000253,11354,중계주공10단지.중계건영3차아파트,40.251156,1.129173,0.8958859
110000254,11355,롯데우성아파트,37.84568,9.79925,7.774725
110000255,11356,중계구민체육센터,31.699747,11.905593,9.445897
110000256,11357,중계구민체육센터,31.171062,6.224193,4.938275
110000257,11358,롯데마트,31.078262,12.921728,10.252099
110000258,11359,을지중학교,31.605452,1.8053254,1.4323452
110000259,11360,을지중학교,31.363886,1.1603984,0.9206601
110000260,11361,청암중.고등학교,37.626762,5.52977,4.3873196
110000263,11364,중계주공5단지514동,36.15903,4.525099,3.5902135
110000264,11365,원광초등학교,38.24653,3.399832,2.6974266
110000265,11366,중계역,27.172018,7.0446377,5.5892158
110000266,11367,노원구민의전당,24.706844,2.6632493,2.113022
110000267,11368,건영옴니백화점,23.234299,11.266176,8.938584
110000268,11369,브라운스톤중계.우리은행앞,24.778423,5.598103,4.441535
110000269,11370,서울아이티고등학교,25.32375,5.3592634,4.25204
110000270,11371,서울아이티고등학교,28.158073,11.231855,8.911354
110000271,11372,어린이교통공원,26.610853,2.3473332,1.8623741
110000272,11373,중계역,25.247202,2.7838635,2.2087173
110000273,11374,서울시립북서울미술관,25.485939,3.1767797,2.520457
110000274,11375,중계건영2차아파트,27.79876,2.956925,2.3460243
110000275,11376,중계역2번출구,27.879768,8.421145,6.681337
110000276,11377,상명초등학교,27.05078,0.41781697,0.33149597
110000277,11378,중계3단지목련아파트,27.551128,3.9962494,3.1706245
110000278,11379,상명고등학교,32.78329,3.0056841,2.3847098
110000279,11380,목련아파트상가,26.537712,5.9682746,4.735229
110000280,11381,중계목화아파트4단지,34.811253,3.3736548,2.6766577
110000281,11382,용동초등학교,29.89065,4.983931,3.954251
110000282,11383,용동초등학교,28.503647,5.161684,4.09528
110000283,11384,2001아울렛중계점,31.845366,22.47888,17.834743
110000284,11385,서울시립북서울미술관후문,23.25123,7.8549833,6.232144
110000285,11386,홈플러스중계점,25.08775,0.3869637,0.307017
110000286,11387,노원평생학습관,26.80944,11.0983515,8.805432
110000287,11388,대진여자고등학교,26.941687,13.808677,10.955804
110000288,11389,청계초등학교,25.08659,2.8459418,2.25797
110000289,11390,중계역1번출구,27.440794,4.1625953,3.302603
110000290,11391,상계역5번출구,45.360237,7.486658,5.9399147
110000291,11392,상계역3번출구,34.07929,8.640839,6.8556414
110000292,11393,상계역3번출구,37.44144,18.321768,14.53649
110000293,11394,중계주공3단지,36.88729,8.432358,6.6902323
110000294,11395,중계주공2단지,37.751984,2.6745543,2.1219914
110000295,11396,중계주공4단지,40.938473,11.273143,8.944111
110000296,11397,중계주공4단지,41.165554,30.569021,24.253462
110000297,11398,중계1동주민센터,40.745586,2.5649753,2.0350513
110000298,11399,신한은행중계동지점,46.647564,6.5336013,5.183759
110000299,11400,기업은행중계동WM센터,48.05919,1.8091332,1.4353663
110000301,11402,노원문화예술회관.불암초등학교,38.13003,1.414986,1.1226499
110000302,11403,노원문화예술회관.불암초등학교,42.996708,4.2899475,3.4036446
110000303,11404,영신여자고등학교입구,42.9899,5.2610908,4.1741495
110000304,11405,불암고등학교,38.772327,7.462175,5.92049
110000305,11406,중계본동주민센터,36.794415,12.608137,10.003296
110000306,11407,노원우체국,44.581688,16.143816,12.808504
110000307,11408,노원우체국,43.562916,5.204041,4.128886
110000308,11409,중계본동종점,39.84658,5.7061467,4.527257
110000309,11410,중계주공7단지,41.282375,4.9511266,3.9282238
110000310,11411,중계주공6단지상가,39.094833,2.9126828,2.3109224
110000311,11412,대림벽산아파트,38.573948,3.280987,2.603135
110000312,11413,중계주공6단지,37.300446,4.434433,3.5182793
110000313,11414,은행사거리,37.569008,2.6077347,2.0689766
110000314,11415,대림벽산아파트,41.83995,6.2281713,4.941431
110000315,11416,하계역,21.522688,5.4864073,4.3529153
110000316,11417,하계미성아파트,22.318962,7.367562,5.8454237
110000317,11418,서울과학기술대앞,26.780485,7.610054,6.037817
110000318,11419,중계주공9단지후문,50.287376,14.447095,11.462325
110000319,11420,중계주공9단지후문,44.882126,12.860249,10.203321
110000320,11421,삼익선경아파트후문.시립과학관,38.616024,8.67223,6.8805475
110000321,11422,한신동성아파트.시립과학관,38.470142,5.0350237,3.9947877
110000322,11423,삼익선경아파트,41.41538,2.5250041,2.0033383
110000323,11424,대진고등학교.하계우방아파트,43.640827,8.268799,6.560465
110000324,11425,하계미성아파트.을지병원,21.657118,1.2615072,1.0008798
110000325,11426,하계역2번출구,24.50894,7.2661963,5.765
110000327,11428,한성여객종점,21.120558,1.9080372,1.5138367
110000328,11429,한성여객종점,21.97422,2.4904807,1.9759475
110000333,11434,골마을근린공원,35.715816,6.9104714,5.482768
110000334,11435,서울온천,33.545074,13.147118,10.430923
110000335,11436,하계1동주민센터,35.912003,11.563589,9.174552
110000336,11437,노원경찰서.혜성여고,32.2671,3.4863436,2.766065
110000337,11438,노원경찰서,34.45175,11.493574,9.119002
110000338,11439,동천학교,38.510986,1.8845273,1.495184
110000339,11440,동천학교,36.07405,4.3986025,3.4898512
110000340,11441,서라벌고등학교,41.486637,5.794856,4.5976386
110000341,11442,하계현대아파트,32.528217,17.806286,14.127507
110000342,11443,홈플러스중계점,27.10827,10.069538,7.9891715
110000343,11444,하계한신청구아파트,26.80944,11.0983515,8.805432
110000344,11445,경기기계공업고등학교,23.558676,1.5072076,1.1958185
110000345,11446,한천중학교,24.723349,5.103613,4.0492067
110000346,11447,하계역,22.89605,2.931793,2.3260846
110000347,11448,하계장미아파트상가,25.478476,7.0115085,5.5629306
110000348,11449,하계2동주민센터,22.891708,5.356258,4.249655
110000349,11450,하계2동주민센터,21.702225,1.9647199,1.5588088
110000350,11451,중평초등학교,23.630362,3.586952,2.8458877
110000351,11452,하계극동아파트,26.89966,2.4107716,1.9127063
110000352,11453,하계시영아파트,22.665686,12.0447235,9.556284
110000353,11454,하계우성아파트,22.163801,5.244461,4.1609554
110000354,11455,하계장미아파트,24.266983,6.9140573,5.485613
110000355,11456,중평초등학교,22.890429,1.6764805,1.3301196
110000356,11457,석계역1번출구,23.151726,5.043862,4.0018
110000357,11458,중계1동신안아파트,32.95143,6.8718004,5.4520864
110000361,11462,당현초등학교,24.082724,7.0737514,5.6123147
110000362,11463,상계주공2단지상가,26.999863,4.9858193,3.9557493
110000363,11464,월계미성아파트,20.632633,1.6186131,1.2842077
110000364,11465,벼루말교,20.85534,2.7501252,2.1819494
110000365,11466,청구빌라.연촌초등학교,23.975668,1.8874489,1.497502
110000366,11467,청구빌라.연촌초등학교,25.721392,6.7538295,5.358488
110000367,11468,벼루말교,20.85534,2.7501252,2.1819494
110000368,11469,하계1치안센터,22.979929,9.920142,7.8706408
110000369,11470,하계1치안센터,27.657333,19.410728,15.400472
110000373,11474,월계중학교,34.091595,5.7990675,4.6009803
110000374,11475,염광중학교후문,31.884714,10.386953,8.241009
110000375,11476,월계1동경로당,26.806608,6.3138957,5.009445
110000376,11477,월계역신도브래뉴아파트앞,20.455969,4.15085,3.2932842
110000377,11478,구묵동교,27.794657,11.139088,8.837752
110000379,11481,석계역1번출구.B,24.689516,4.7219815,3.7464201
110000380,11482,삼화상운차고지,29.192299,5.0111513,3.9758475
110000383,11485,월계동진아교통,20.65206,1.9198138,1.5231802
110000384,11486,월계동진아교통,21.210997,4.0368648,3.2028484
110000385,11487,중계본동종점,43.60111,25.718887,20.405365
110000387,11489,한성여객종점,21.830692,1.0899682,0.8647807
110000389,11491,흥안운수상계4동종점,49.405476,3.0254486,2.4003909
110000391,11493,삼화상운,25.079233,3.1562395,2.5041604
110000396,11499,유원.극동아파트,26.047626,8.686499,6.891868
110000397,11500,유원.극동아파트,28.403713,9.080791,7.2046995
110000398,11501,월계미륭아파트,22.137209,6.571374,5.2137284
110000399,11502,7단지영업소,30.130087,14.972194,11.878939
110000587,11801,청솔7단지앞,25.619238,5.925938,4.701639
110000589,11803,경춘선숲길방문자센터,22.624697,4.5156264,3.582698
110000640,11503,수락리버시티3.4단지,32.86964,3.3726583,2.675867
110000643,11997,동막골유원지,72.6366,27.622606,21.915777
110000644,11996,상계4동,60.26024,10.1499195,8.052946
110000645,11995,상계3.4동주민센터,58.24356,14.989089,11.892343
110000646,11994,상계3.4동주민센터,52.999683,0.1589576,0.12611696
110000648,11992,동막골유원지,66.00396,8.745983,6.9390626
110000650,11990,불암산역,48.879696,10.142378,8.046963
110000652,11152,태릉국제스케이트장,37.58024,7.329234,5.8150144
110000653,11505,경춘선숲길방문자센터,22.511478,6.0491867,4.7994246
110000654,21341,건설환경종합연구소앞,206.9634,20.03384,15.894849
110000655,11664,불암산역,47.96533,7.4871182,5.94028
110000656,11506,월계주공1단지아파트앞,27.42764,4.960231,3.9354472
110000657,11861,인덕대학교,32.444435,9.490377,7.5296655
110000658,11860,인덕대학교,27.468853,6.019683,4.776016
110000659,11862,롯데캐슬루나아파트,22.227257,12.031916,9.546122
110000660,11859,롯데캐슬루나아파트,29.205067,31.285046,24.821554
110000661,11835,하계역,21.788525,1.6688784,1.3240881
110000662,11836,하계역,25.1753,5.6354666,4.471179
110000663,11834,중계역,28.839548,8.13463,6.4540157
110000665,11831,노원역,24.857115,4.4511504,3.5315425
110000666,11863,수락터미널,33.032246,9.109567,7.22753
110000667,11828,노일초교앞,32.092476,3.234664,2.5663824
110000668,11827,노일초교,30.492962,1.0017065,0.7947539
110000669,11833,중계역,27.440893,7.4251895,5.8911457
110000670,11689,수락산역,35.47131,8.00699,6.3527465
110000671,11832,노원역,26.71879,2.0262387,1.6076179
110000675,11509,불암산스포츠타운,67.69811,14.185276,11.254598
110000676,11507,불암산스포츠타운,71.52915,2.377022,1.8859292
110000677,11316,월계동대우아파트,39.191036,18.266424,14.49258
110000679,11931,노원역8번출구,33.945835,10.187464,8.082734
110000683,11170,공릉동동신아파트앞,31.539381,7.0779433,5.61564
110000684,11461,북부여성발전센터앞,24.878773,7.051251,5.5944624
110000685,11432,그린아파트101동앞,28.215704,7.301992,5.7934003
110000686,11460,그린아파트101동앞,24.914736,7.443708,5.9058375
110000687,11431,북부여성발전센터앞,24.878773,7.051251,5.5944624
110000689,11459,하계5단지아파트,25.596886,4.257356,3.3777864
110000692,11174,서울과학기술대학교후문,43.26762,10.13461,8.040799
110000693,11172,서울과학기술대학교후문,40.082798,9.188474,7.2901354
110000694,11504,7단지영업소,27.690512,1.7691925,1.4036773
110000695,11433,대진고등학교,32.7548,5.999167,4.759739
110000696,11401,공릉신도2차아파트,22.053217,4.6195006,3.6651118
110000698,11262,상계2동주민센터,33.254375,4.083347,3.2397275
110000699,11242,상계2동주민센터,32.08151,3.3903487,2.6899028
110000700,11241,당고개입구오거리,38.451584,2.6410806,2.0954335
110000701,11988,노원센트럴푸르지오아파트앞,42.18667,2.8179197,2.2357376
110000702,11989,노원롯데캐슬시그니처아파트앞,42.27706,2.8263295,2.24241
110900001,11511,수락현대아파트,40.51831,3.1476588,2.4973526
110900002,11512,서울특별시기술교육원북부캠퍼스,28.266232,7.1358376,5.6615734
110900003,11513,상계8동주민센터,31.016043,2.947025,2.3381696
110900004,11514,온곡초등학교,41.271797,3.525777,2.7973516
110900005,11515,상계역1번출구,40.2238,13.388188,10.622189
110900006,11516,수락산디자인거리,38.55424,4.718707,3.7438223
110900007,11518,상계주공11단지,29.4907,6.758114,5.3618875
110900008,11521,노원센트럴푸르지오아파트상가,41.133347,3.8311257,3.0396152
110900009,11524,마들역8번출구,29.783512,9.006484,7.145745
110900010,11527,오뚜기슈퍼,40.94325,3.2286775,2.5616326
110900011,11532,대동아파트,20.82635,1.4365443,1.1397542
110900012,11534,또또슈퍼,41.663563,5.191679,4.119078
110900013,11535,상계주공14단지,32.407955,6.631792,5.2616634
110900014,11537,청원고등학교,31.962118,5.4283285,4.306836
110900015,11538,수락산역5번출구,37.121273,8.705646,6.9070587
110900016,11539,대동택시,43.19617,1.3266395,1.0525558
110900017,11540,14단지상가,30.175123,5.6010637,4.443884
110900019,11542,상곡초등학교.상계주공9단지,26.711594,2.8223522,2.2392542
110900020,11545,상계금호어울림아파트입구,50.196327,1.4289352,1.1337172
110900021,11929,상원중학교,33.0271,8.266536,6.5586696
110900022,11928,상원초등학교,29.172895,1.7852918,1.4164505
110900023,11927,원자력병원입구,33.48619,2.4878492,1.9738597
110900024,11916,상계현대3차아파트,29.265383,6.362324,5.0478683
110900025,11915,미도아파트앞,24.392874,5.4595885,4.3316374
110900027,11910,현대우성아파트,23.082386,3.3173132,2.6319563
110900028,11907,벽산상가,23.248528,4.41277,3.5010915
110900029,11906,지에스마트,41.61412,11.004556,8.731014
110900030,11904,하계실버센터,24.7311,1.8979589,1.5058405
110900031,11903,수락현대아파트,40.665745,10.70081,8.490023
110900032,11899,수락산디자인거리,38.08137,3.5707886,2.8330636
110900033,11898,성원아파트,33.78994,13.913563,11.039021
110900035,11894,7호선수락산역,35.63158,4.7287717,3.7518075
110900036,11893,대주아파트,19.677212,5.62478,4.4627004
110900037,11890,대아아파트,19.86434,7.504935,5.9544153
110900038,11888,광운대역,25.559658,9.408059,7.4643545
110900039,11887,상계청소년문화의집.상계주공14단지,31.402308,6.014164,4.7716374
110900040,11886,건민약국앞,21.157806,2.6047235,2.0665877
110900041,11885,주공11단지.노원성당,27.626253,4.71613,3.7417774
110900042,11884,월계1동주민센터,21.667683,9.982974,7.9204917
110900043,11882,동일초등학교,27.094435,7.461109,5.919644
110900044,11881,월계1동경로당.농협,21.65313,7.0321813,5.5793324
110900045,11880,14단지상가,33.739532,19.950315,15.82858
110900046,11875,마들역6번출구,31.199759,5.1439342,4.0811977
110900047,11874,석계역,20.580069,11.820421,9.378322
110900049,11867,온곡중학교,37.129967,8.1223755,6.4442925
110900052,11847,청원고등학교,31.69494,5.2431574,4.159921
110900053,11842,선곡경로당,20.96658,9.409234,7.4652863
110900054,11819,상계주공13단지,41.003117,2.5051637,1.987597
110900056,11804,메디아이산부인과,30.236769,6.98014,5.538043
110900057,11796,포레나노원,28.861357,2.888613,2.2918255
110900058,11793,삼창아파트,25.643158,6.48223,5.143001
110900059,11784,보람아파트상가,42.935703,6.681292,5.300937
110900060,11781,지에스마트,42.33997,8.333515,6.6118107
110900061,11680,순복음교회,29.854927,2.9613357,2.3495238
110900062,11675,동신아파트,29.283741,10.898117,8.646566
110900063,11634,하계장미아파트정문,26.105232,7.1848364,5.7004495
110900065,11601,KT플라자노원점,30.239311,8.401018,6.6653676
110900066,11597,중현초등학교,24.214125,1.6720257,1.3265852
110900067,11594,석계역,21.720104,2.3372452,1.8543705
110900070,11587,대림아파트105동앞,41.558613,4.5875216,3.6397395
110900074,11577,보람사거리,43.390434,4.351866,3.4527702
110900075,11576,상계주공15단지.16단지,29.265383,6.362324,5.0478683
110900077,11567,보람아파트정문,40.351196,4.1049047,3.2568312
110900078,11566,한신1차아파트정문,46.74417,5.920486,4.6973133
110900080,11560,상계주공13단지,41.43054,3.2103658,2.5471041
110900081,11559,상계한신1차아파트상가,47.459915,3.076543,2.4409294
110900082,11558,상계1차현대아파트,27.722448,10.043902,7.968832
110900083,11554,벽산상가,21.72818,1.0405825,0.82559824
110900084,11552,한신1차아파트후문,50.12455,6.7250104,5.3356233
110900085,11550,건민약국앞,21.406803,2.9368649,2.3301086
110900086,11549,주유소앞,28.351057,3.4968705,2.7744172
110900087,11546,상원초등학교,30.716894,1.3672389,1.0847673
110900090,11869,월계472교,19.157892,2.9940114,2.3754485
110900091,11599,월계472교,19.157892,2.9940114,2.3754485
110900095,11901,공릉1동삼익아파트,23.85092,12.204488,9.683041
110900097,11897,대동아파트,18.508615,4.1645217,3.3041315
110900108,11583,청솔7단지아파트,25.705791,3.5435402,2.811445
110900111,11723,하계역,24.04807,7.7150297,6.1211047
110900113,11522,7호선수락산역,33.63812,3.0209255,2.3968024
110900115,11551,노일중학교,30.143143,10.531936,8.356038
110900116,11879,수락리버시티3.4단지,33.89847,5.398357,4.2830563
110900118,11562,노원역10번출구,32.266064,2.312567,1.8347907
110900119,11595,노원역2번출구,32.03343,0.49976787,0.39651582
110900120,11571,한신3차아파트,45.906563,3.8702955,3.0706923
110900121,11519,보람아파트앞,43.56832,5.8154473,4.613976
110900125,11926,상신교회,43.417007,1.4912149,1.1831299
110900128,11590,상계6동우체국,30.157942,6.563774,5.2076983
110900129,11556,롯데백화점.노원역4번출구,27.89768,10.807736,8.574858
110900130,11596,노원역5번출구,27.638262,12.447615,9.875937
110900131,11553,청원고등학교후문,33.777252,8.304067,6.588446
110900132,11818,보람1차후문,38.629288,12.293999,9.754059
110900133,11868,청원고등학교후문,36.207817,10.664591,8.461287
110900135,11902,보람1차후문,40.240417,4.870868,3.8645468
110900136,11530,상계주공9단지,29.239841,2.3218648,1.8421676
110900137,11936,대학본부앞,37.551796,9.791363,7.768467
110900138,11935,붕어방,35.34823,21.345541,16.935553
110900139,11934,대학본부앞,38.031136,9.633154,7.6429443
110900140,11937,서울과학기술대학교정문앞,30.513163,5.157868,4.0922527
110900141,11933,서울과학기술대학교정문앞,28.498926,3.5273042,2.798563
110900142,11939,브라운스톤중계,23.774218,11.10952,8.814293
110900143,11938,중계그린아파트,25.607006,7.549856,5.9900556
110900144,11848,청백아파트종점,48.071247,12.675928,10.057081
110900145,11843,청백아파트4단지,40.14017,8.554224,6.7869215
110900146,11845,월계주공2단지앞,31.721128,20.536509,16.293667
110900147,11846,인덕대후문,26.098537,12.784195,10.142981
110900148,11844,청백아파트4단지,42.405098,21.655659,17.181599
110900149,11602,중계센트럴파크아파트,24.65735,2.8877668,2.2911544
110900150,11603,장석교회,23.271902,7.866829,6.2415423
110900153,11866,상계2동주민센터,34.556995,5.152444,4.087949
111000001,12001,덕은교.은평차고지앞,13.749782,3.2117894,2.5482337
111000002,12002,덕은교.은평차고지앞,18.867468,14.292452,11.339631
111000003,12003,수색교,21.206978,17.770784,14.09934
111000004,12004,수색교,16.820087,7.4265456,5.8922215
111000005,12005,수색역앞,16.274712,4.476594,3.5517297
111000006,12006,수색역앞,15.374282,4.2021685,3.3340006
111000007,12007,디지털미디어시티역,13.955857,2.841897,2.2547612
111000008,12008,디지털미디어시티역,5.9027905,10.639313,8.441231
111000009,12009,은평뉴타운10단지,27.00322,6.654563,5.27973
111000010,12010,은평뉴타운10단지,24.825441,19.76522,15.681726
111000011,12011,구파발역입구,36.725945,5.341494,4.2379413
111000012,12012,구파발역입구,34.186596,8.695138,6.898722
111000013,12013,박석고개.신도고등학교,51.654694,12.047092,9.558164
111000014,12014,박석고개.신도고등학교,51.849297,14.396508,11.42219
111000017,12103,불광역1번출구,31.686485,0.9913305,0.7865216
111000018,12104,불광역3.6호선,34.317543,16.576138,13.151507
111000020,12106,연신내역,28.709438,9.625954,7.637232
111000021,12107,선일하이츠빌라,38.06139,20.132431,15.97307
111000023,12109,세명컴퓨터고등학교,48.515545,21.670551,17.193415
111000025,12111,구파발역2번출구,32.464973,17.483828,13.871669
111000029,12117,박석고개,46.588554,8.918691,7.076089
111000030,12118,신한은행갈현지점,37.61624,7.005408,5.55809
111000031,12119,연신내역,34.272305,5.2270746,4.147161
111000032,12120,동명여고,38.03634,3.0165195,2.3933067
111000033,12121,불광역3.6호선,30.711742,7.7336555,6.1358824
111000034,12122,불광역4번출구,31.073847,1.6617126,1.3184029
111000037,12125,녹번역,33.181248,3.3112197,2.6271217
111000038,12126,은평구청,29.221087,3.0513985,2.4209795
111000039,12127,응암지구대,27.541954,2.6204636,2.0790758
111000040,12128,본서부병원,27.489977,6.985568,5.54235
111000041,12129,신진과학기술고교.이마트은평점,21.23562,2.39411,1.8994868
111000042,12130,응암역.신사오거리,21.880503,6.2535806,4.961591
111000043,12131,응암역.신사오거리,20.859758,2.9558587,2.3451784
111000044,12132,신진과학기술고교.이마트은평점,19.866705,4.0105133,3.1819415
111000045,12133,본서부병원,26.764399,4.0903482,3.2452822
111000046,12134,응암지구대,27.084234,5.586726,4.4325085
111000047,12135,은평구청,31.33166,5.363642,4.2555137
111000049,12137,녹번초등학교,24.798214,1.8030102,1.4305084
111000050,12138,역촌역.역촌오거리,24.19317,1.5076303,1.1961539
111000051,12139,삼성타운,31.622734,8.364417,6.6363287
111000052,12140,구산역1번출구.예일여고,24.741623,6.2334895,4.9456506
111000053,12141,구산동청년주택.디지털동행플라자,26.057688,1.7822347,1.4140251
111000054,12142,구산사거리,28.55305,3.1740203,2.5182676
111000055,12143,선진운수종점,28.158796,1.0402275,0.82531655
111000056,12144,선정중고등학교,35.036793,9.433836,7.4848056
111000057,12145,서울경찰청86.87기동대.우남아파트,47.845,17.412477,13.81506
111000058,12146,서울경찰청86.87기동대.우남아파트,54.85714,8.000901,6.3479147
111000059,12147,선정중고등학교,34.675774,1.403939,1.1138853
111000060,12148,선진운수종점,28.210398,4.3510804,3.452147
111000061,12149,구산사거리,30.549797,8.035496,6.3753624
111000062,12150,구산동청년주택.디지털동행플라자,24.575294,0.5872154,0.4658967
111000063,12151,구산역2번출구.예일여고,30.791927,8.100694,6.4270906
111000064,12152,하나은행역촌동지점,26.997904,1.2067221,0.9574134
111000065,12153,역촌역.역촌오거리,23.91812,4.2846146,3.399413
111000066,12154,녹번초등학교,24.114992,2.1910381,1.7383696
111000067,12155,응암초등학교,30.511517,7.139688,5.6646285
111000068,12156,은평문화예술정보학교,21.675215,4.388174,3.4815774
111000069,12157,응암오거리,16.842505,3.6143885,2.867656
111000070,12158,신사초등학교,19.894432,0.9415797,0.74704933
111000071,12159,신사동고개사거리,27.510782,2.2016358,1.7467778
111000072,12160,신사동고개사거리,31.743355,9.380553,7.442531
111000073,12161,신사초등학교,24.114332,18.386856,14.588132
111000074,12162,응암오거리,17.161844,6.8877716,5.4647584
111000075,12163,은평문화예술정보학교,22.505527,0.8274704,0.65651506
111000076,12164,응암초등학교,28.620008,5.7299743,4.5461617
111000077,12165,대림시장,20.521908,5.3062987,4.210017
111000078,12166,대림시장,19.909765,4.8759537,3.8685815
111000079,12167,응암역.신사오거리,24.118273,6.214594,4.930659
111000080,12168,신흥시장,18.167675,4.754298,3.77206
111000081,12169,새절역,16.892385,6.630786,5.2608657
111000082,12170,와산교,20.330162,4.2266765,3.3534453
111000084,12172,증산종합시장.증산중학교입구,16.291344,4.0720034,3.2307274
111000085,12173,증산종합시장.증산중학교입구,14.89639,8.477063,6.725702
111000086,12174,증산역.증산동주민센터,15.2294035,13.780285,10.933278
111000087,12175,와산교,15.908866,12.699764,10.075994
111000088,12176,새절역.숭실고입구,15.075913,13.188345,10.463633
111000089,12177,신흥시장,16.978115,8.670695,6.8793297
111000090,12178,응암역.신사오거리,17.77108,8.814808,6.993668
111000091,12179,역촌초등학교,21.590864,2.212716,1.7555689
111000092,12180,역말사거리,24.149347,4.7310843,3.7536423
111000093,12181,구산역2번출구.예일여고,24.09335,4.0414042,3.2064502
111000094,12182,구산역1번출구,22.343155,5.738351,4.5528073
111000095,12183,대조동주민센터,24.709349,4.5869884,3.6393166
111000096,12184,연신내역.로데오거리,31.297298,10.949633,8.687438
111000097,12185,연서시장,29.934412,1.1540507,0.9156238
111000098,12186,종로약국,32.33706,3.2775903,2.60044
111000099,12187,불광지구대,34.79289,3.5597622,2.8243153
111000100,12188,북한산대창센시티아파트,44.163445,13.320739,10.568674
111000101,12189,은평경찰서,55.398495,24.651459,19.558468
111000102,12190,폭포동,52.36129,8.445691,6.7008114
111000104,12192,신도중학교,61.857346,2.1400661,1.6979284
111000107,12195,은평노인종합복지관.신도중학교,58.368652,6.5506587,5.197293
111000109,12197,폭포동.은평노인종합복지관,54.6241,3.6964846,2.932791
111000110,12198,은평경찰서,56.1791,14.283424,11.332469
111000111,12199,연신초등학교,44.352577,2.0840015,1.6534468
111000112,12200,불광지구대,34.21128,3.5137594,2.7878168
111000113,12201,새장골유래비,32.33706,3.2775903,2.60044
111000114,12202,연서시장,30.652431,2.6580236,2.108876
111000115,12203,연신내역.로데오거리,27.612516,6.0505667,4.8005195
111000116,12204,은평연세병원,24.528257,2.5091197,1.9907355
111000117,12205,구산역4번출구,21.948061,1.4412057,1.1434526
111000118,12206,구산역3번출구.예일여고,24.567768,4.896566,3.8849351
111000119,12207,역말사거리,22.981937,2.1881878,1.7361083
111000120,12208,역촌초등학교,21.414902,5.7707148,4.5784855
111000121,12209,응암역2번출구,18.773123,6.514764,5.1688137
111000122,12210,신사동고개삼거리,26.801682,10.746375,8.526174
111000123,12211,서울기독대학교입구,29.582382,1.2582301,0.9982798
111000124,12212,시립서북병원세현교회앞,31.998108,8.589293,6.814745
111000125,12213,구산중학교.구산교회,32.91404,3.1279092,2.4816833
111000126,12214,구산동주민센터,30.722311,5.451351,4.325102
111000127,12215,구산동주민센터,32.460953,10.082296,7.999294
111000128,12216,구산중학교.구산교회,33.51001,5.5490947,4.402652
111000129,12217,시립서북병원세현교회앞,34.027878,11.587249,9.193323
111000130,12218,서울기독대학교입구,29.156624,4.592952,3.644048
111000131,12219,우남교통,27.906801,3.5332892,2.8033116
111000132,12220,신사동고개삼거리,24.822033,6.3703384,5.0542264
111000133,12221,갈현1동주민센터,42.281258,6.4035263,5.080558
111000134,12222,한일탕,45.63811,11.809351,9.369539
111000135,12223,한일탕,46.347313,11.488322,9.114835
111000136,12224,갈현1동주민센터,40.032593,8.66468,6.8745565
111000138,12227,진관초교입구,31.347305,10.571862,8.387715
111000140,12239,푸르지오618동앞.관음사입구,31.405169,4.3992395,3.4903567
111000141,12230,삼천리골입구56사단북한산부대,36.12159,26.163801,20.75836
111000142,12231,백화사,38.16718,1.9918627,1.5803438
111000143,12232,흥국사,39.8195,1.4247432,1.1303912
111000144,12233,북한산성입구,45.355816,14.120889,11.203513
111000145,12234,북한산성입구,45.355816,14.120889,11.203513
111000146,12235,흥국사,40.226784,1.9547843,1.5509259
111000147,12236,백화사,38.12396,4.029314,3.1968577
111000148,12237,삼천리골입구56사단북한산부대,45.863415,42.127613,33.42405
111000149,12238,진관초교관음사입구,29.668812,6.488825,5.1482334
111000150,12229,푸르지오625동앞.관음사입구,30.460419,15.016458,11.914058
111000151,12240,진관중고교약수사입구,28.3125,5.0711555,4.0234547
111000153,12243,이마트은평점,21.23562,2.39411,1.8994868
111000154,12244,서부경찰서,23.179972,5.106603,4.051579
111000155,12245,해주드림빌APT,28.587582,2.7540152,2.1850357
111000156,12246,역촌역.역촌오거리,24.864807,3.6758468,2.916417
111000157,12247,대조시장앞,27.602829,2.2701223,1.8011152
111000158,12248,양광교회앞,32.008873,2.230652,1.7697994
111000159,12249,불광역.불광1동주민센터,32.834415,5.905638,4.6855335
111000160,12250,독박골.북한산래미안APT앞,52.187187,19.552992,15.513343
111000161,12251,구기터널입구,81.57723,28.656738,22.736256
111000162,12252,구기터널입구,81.75223,16.763361,13.30005
111000163,12253,독박골.북한산래미안APT,47.15033,7.1815977,5.69788
111000164,12254,불광역.불광1동주민센터,33.3741,3.6473892,2.8938386
111000165,12255,양광교회,30.442776,2.8274455,2.2432952
111000166,12256,대조시장,26.728483,1.4552481,1.1545938
111000167,12257,역촌오거리,24.62399,0.5630559,0.44672853
111000168,12258,역촌역1번출구,23.185488,3.0203025,2.396308
111000169,12259,서부경찰서,23.68004,3.443586,2.7321413
111000170,12260,이마트은평점,23.395714,3.5502007,2.8167293
111000171,12261,응암1동주민센터,34.523617,7.804352,6.1919727
111000172,12262,영락중학교입구,44.610462,23.167164,18.380827
111000173,12263,시립은평병원,51.12595,17.007828,13.49401
111000174,12264,백련산힐스테이트4차,50.990448,11.637587,9.233261
111000175,12265,충암고교앞.대주피오레아파트,50.186302,9.141574,7.252925
111000176,12266,충암고교앞.대주피오레아파트,50.186302,9.141574,7.252925
111000177,12267,백련산힐스테이트2차,50.541054,7.510582,5.9588957
111000178,12268,시립은평병원,51.12595,17.007828,13.49401
111000179,12269,영락중학교입구,50.892563,9.233044,7.3254967
111000180,12270,응암1동주민센터,33.233486,10.083467,8.000222
111000181,12271,한솔아파트입구.선정중학교후문,30.995571,2.3432295,1.8591183
111000182,12272,갈현동미미아파트,36.0951,2.5931587,2.0574121
111000183,12273,선일여고입구,34.957245,3.8320377,3.0403388
111000184,12274,갈현동성당앞,38.303238,11.309944,8.9733095
111000185,12275,갈현동성당앞,35.497845,1.5405611,1.2222811
111000186,12276,선일여고입구,36.281456,4.764322,3.780013
111000187,12277,갈현동미미아파트,37.51515,7.3231006,5.810148
111000188,12278,한솔아파트입구.선정중학교후문,31.22011,3.9450665,3.1300156
111000189,12279,불광역9번출구.불광초등학교,30.100315,4.924961,3.9074643
111000190,12280,불광대호아파트,35.65238,10.155353,8.057257
111000191,12281,불광1동공동주차장앞,36.933094,10.0482235,7.972261
111000192,12282,불광1치안센터.독바위역,41.579807,4.784409,3.79595
111000193,12283,수리초등학교입구,45.92149,5.1994057,4.1252084
111000194,12284,북한산수자인아파트,50.706787,17.61183,13.973225
111000195,12285,불광중학교,43.69473,5.1699786,4.101861
111000196,12286,북한산대창센시티아파트,46.604187,6.6858077,5.3045197
111000197,12287,북한산대창센시티아파트,49.00773,6.669869,5.291874
111000198,12288,불광중학교,41.94224,4.43268,3.5168884
111000199,12289,북한산수자인아파트,62.39037,24.891645,19.749031
111000200,12290,수리초등학교입구,44.26106,4.805247,3.8124826
111000201,12291,불광1치안센터.독바위역,41.07945,2.532794,2.0095189
111000202,12292,불광1동공동주차장앞,36.488094,2.5215876,2.0006278
111000203,12293,불광대호아파트,35.295948,9.442599,7.4917583
111000204,12294,불광초등학교,29.131552,4.0520735,3.2149153
111000213,12303,서부경찰서후문,23.913757,4.2703238,3.3880749
111000214,12304,신진과학기술고등학교,21.986788,8.07554,6.4071326
111000215,12305,응암시장,23.812298,2.442263,1.9376915
111000217,12307,서서울농협본점,20.012848,1.9285172,1.5300856
111000218,12308,신진과학기술고등학교,22.737356,2.9982874,2.3788414
111000219,12309,서부경찰서후문,24.25705,1.7629374,1.3987145
111000220,12310,디지털미디어시티역,15.887098,4.0855327,3.2414615
111000221,12311,수색역,17.410679,8.081563,6.4119124
111000224,12314,덕은교.은평차고지앞,22.497086,17.746153,14.079798
111000225,12315,덕은교.은평차고지앞,13.55396,1.3243133,1.0507102
111000226,12316,수색교,17.364132,14.4407215,11.457269
111000227,12317,수색동주민센터.은평문화원,18.535738,2.7446835,2.1776319
111000228,12318,수색역,16.935326,7.5998955,6.029757
111000229,12319,디지털미디어시티역,8.674474,11.691089,9.27571
111000230,12320,수색초등학교,27.862507,4.2998,3.411461
111000231,12321,e편한세상수색에코포레,43.0704,31.756725,25.195786
111000232,12322,은평터널앞,35.55041,10.582543,8.39619
111000233,12323,e편한세상수색에코포레,44.63163,21.107088,16.746365
111000234,12324,수색초등학교,25.940493,7.3630424,5.841838
111000239,12329,새마을금고앞,18.614363,3.534047,2.8039129
111000240,12330,새마을금고앞,16.30373,0.9792024,0.77689916
111000241,12331,미성아파트앞,24.317307,5.7219663,4.5398083
111000242,12332,미성아파트앞,25.294203,13.931347,11.053131
111000243,12333,상신중학교앞,35.683567,16.86941,13.38419
111000244,12334,상신중학교앞,41.951553,25.98451,20.616112
111000245,12335,숭실고입구,33.490925,7.472795,5.9289155
111000246,12336,현대아파트앞,66.6827,11.765043,9.334386
111000247,12337,현대아파트앞,68.44226,6.1114473,4.848822
111000248,12338,신사사거리,29.490788,2.5759034,2.043722
111000249,12339,신사사거리,29.490788,2.5759034,2.043722
111000250,12340,동명여고후문,43.15953,13.48137,10.696119
111000251,12341,동명탕앞,29.994436,4.76334,3.779234
111000253,12343,하나은행역촌동지점,31.003643,1.7719265,1.4058465
111000255,12345,충북슈퍼앞,22.420431,2.3748026,1.8841684
111000257,12347,역촌동주민센터,22.889566,3.400537,2.6979861
111000260,12350,제각말5단지.은평뉴타운도서관,72.71008,7.472562,5.9287305
111000261,12351,제각말5단지.은평뉴타운도서관,67.37002,6.0228333,4.778516
111000271,12361,연신초등학교,54.193356,47.416775,37.62047
111000274,12364,증산역.증산동주민센터,18.452961,8.2272005,6.527461
111000275,12365,연신초등학교.연신내성당,46.63826,2.087683,1.6563677
111000276,12366,신사1동주민센터,27.300554,5.9765315,4.7417803
111000277,12367,시립서북병원,30.861485,3.812618,3.0249312
111000278,12368,신사동고개,34.603878,17.809364,14.12995
111000291,12381,녹번역,37.261528,12.532882,9.943588
111000298,12388,시립서북병원,32.17146,9.041502,7.1735277
111000299,12390,구산동사거리,28.622972,0.85101354,0.67519414
111000300,12391,구산동사거리,28.737429,1.5619253,1.2392315
111000302,12393,역촌동성당,24.592237,4.635957,3.678168
111000303,12394,역촌동성당,25.1929,4.117234,3.2666137
111000312,12406,호림아파트앞,28.035334,7.109106,5.6403646
111000315,12409,은평권역공영차고지,13.184222,3.5798485,2.840252
111000320,12415,응암정보도서관,22.694517,4.910607,3.8960755
111000321,12416,응암정보도서관,24.52291,3.1502132,2.4993792
111000322,12417,서울중앙교회앞,22.191032,6.3500056,5.038094
111000323,12418,대림에코빌,23.683718,3.4382834,2.7279341
111000324,12419,응암오거리,17.188053,6.4395704,5.109155
111000325,12420,갈현노인복지센터,42.99802,2.3902516,1.8964256
111000326,12421,녹번동대림.JR아파트앞,51.41947,13.513639,10.721722
111000327,12422,연서중학교입구,16.91527,20.74079,16.455742
111000328,12423,연서중학교입구,23.058723,4.7728996,3.7868187
111000329,12424,지축교앞,24.04292,7.1511946,5.673758
111000330,12425,지축교앞,27.650143,2.8002477,2.2217164
111000331,12426,진관중고교약수사입구,30.518991,11.067191,8.780709
111000332,12427,응암3동주민센터,17.96423,0.5073409,0.40252426
111000334,12429,롯데캐슬823동앞,35.6128,11.261717,8.935046
111000335,12430,진관중고교.약수사앞,33.74092,8.850584,7.0220537
111000337,12432,푸르지오621동앞,36.010235,14.030366,11.131693
111000338,12433,진관초교앞,40.235752,1.56996,1.2456063
111000339,12434,생태공원앞.구립상림도서관,41.054955,7.105916,5.6378336
111000340,12435,진관중고교.약수사앞,40.034622,7.7857585,6.177221
111000341,12436,래미안909동앞,42.45324,14.4377365,11.4549
111000342,12437,하나고.삼천사.진관사입구,61.131405,15.236305,12.088485
111000344,12439,응암3동주민센터,19.769825,0.6375177,0.50580657
111000345,12440,입곡삼거리,49.51979,60.234146,47.789772
111000346,12441,입곡삼거리,36.451954,1.4937203,1.1851177
111000347,12442,아이파크709동앞,39.52714,3.3233216,2.6367233
111000350,12445,은진초교입구.은뜨락도서관,52.40497,11.051382,8.768167
111000351,12446,은진초교입구.은뜨락도서관,50.683933,14.432396,11.450663
111000352,12447,은평구민체육센터앞,52.495968,8.958476,7.1076546
111000353,12448,은평구민체육센터앞,51.277386,10.196299,8.089744
111000354,12449,신도초중교입구.한국고전번역원,48.84348,9.472847,7.5157566
111000355,12450,신도초중교입구.한국고전번역원,48.867035,4.893206,3.8822696
111000358,12453,아이파크714동앞,38.59134,4.5551744,3.6140754
111000360,12455,푸르지오604동앞,39.16983,12.351588,9.799749
111000361,12456,푸르지오614동앞,30.173033,8.573507,6.8022203
111000468,12723,은평공영차고지(가상),12.24135,0.5317686,0.42190522
111000483,12741,역촌역,22.287598,3.4281104,2.7198627
111000484,12742,역촌역,24.11526,2.8297348,2.2451115
111000485,12743,응암역,23.440903,8.487697,6.7341385
111000486,12744,응암역,17.764475,7.6132007,6.0403132
111000487,12745,새절역,18.282738,3.09735,2.4574373
111000488,12746,새절역,15.075913,13.188345,10.463633
111000489,12747,증산역,11.584364,10.298482,8.170815
111000490,12748,증산역,18.681503,1.5188491,1.2050549
111000546,12463,신도초교.은평메디텍고등학교,66.76877,2.8660572,2.2739298
111000547,12462,동부센트레빌320동앞,55.397663,1.6131861,1.2799019
111000548,12461,두산위브253동앞,38.944366,8.417188,6.678197
111000549,12460,동부센트레빌324동앞,51.234844,12.625656,10.017196
111000550,12459,진관동주민센터.은평우체국,34.458454,2.6854033,2.130599
111000551,12458,진관동주민센터.은평우체국,34.458454,2.6854033,2.130599
111000552,12464,하나고.삼천사.진관사입구,68.35746,22.933826,18.195698
111000907,35331,은평공영차고지,12.975593,1.7185887,1.3635283
111000908,35341,덕은교.은평차고지앞,13.55396,1.3243133,1.0507102
111000915,12608,구파발역.롯데몰,30.64419,6.73142,5.3407087
111000916,12457,아이파크708동앞,43.667904,8.646018,6.859751
111000917,12105,동명여고,37.596928,6.3263426,5.01932
111000918,12431,아이파크701동앞,39.555954,18.274094,14.498665
111000920,12466,래미안922동앞,33.347095,8.70247,6.90454
111000921,12467,롯데캐슬820동앞,37.942226,14.094871,11.18287
111000922,12465,두산위브205동앞,53.100143,2.0963385,1.663235
111000924,12471,기자촌11단지앞,65.69072,3.1394243,2.4908192
111000925,12016,세명컴퓨터고등학교,42.674805,13.129521,10.416963
111000926,12015,세명컴퓨터고등학교,40.99822,21.023548,16.680082
111000927,12018,연신내역.연서시장,28.414188,6.1007285,4.840318
111000928,12017,연신내역.연서시장,28.975424,5.880456,4.6655536
111000929,12020,동명여고.천주교불광동성당,36.529747,3.5867043,2.8456912
111000930,12019,동명여고.천주교불광동성당,41.164906,13.079134,10.376985
111000931,12022,불광역3.6호선,30.383121,11.486984,9.113773
111000932,12021,불광역3.6호선,27.688065,3.2344773,2.5662344
111000933,12024,불광역3호선.서울혁신파크,32.96164,2.9739645,2.3595433
111000934,12023,불광역3호선.서울혁신파크,31.25511,3.5301237,2.8008
111000935,12026,한전서대문은평.북한산푸르지오,33.798023,2.4266877,1.925334
111000936,12025,한전서대문은평.북한산푸르지오,37.041367,7.043882,5.588616
111000937,12028,녹번역,38.260975,7.6878824,6.099566
111000938,12027,녹번역,41.16977,13.044309,10.349354
111000939,12472,수국사입구,38.39502,6.373577,5.056796
111000940,12473,응암초교.백련산힐스테이트3차,48.59978,10.295258,8.168257
111000941,12474,신도초교.은평메디텍고등학교,58.945187,13.488881,10.702079
111000943,12476,녹번센트레빌아파트,34.743774,1.6297839,1.2930706
111000944,12477,녹번센트레빌아파트,35.967285,2.744766,2.1776974
111000945,12478,선진운수종점,32.119633,5.4345975,4.31181
111001109,12481,갈현중앙시장,37.645283,3.5268419,2.7981963
111001110,12480,갈현중앙시장,38.533176,1.3097887,1.0391864
111001111,12479,기자촌사거리,65.00654,4.811184,3.8171933
111001112,12469,진관공영차고지,24.32223,2.5300274,2.0073237
111001113,12470,진관공영차고지,25.91468,6.024723,4.7800155
111001114,14363,MBC,13.215888,7.928291,6.2903056
111001115,14362,MBC,14.233694,0.51731026,0.41043395
111001116,12112,구파발역.롯데몰,31.024797,2.4599044,1.9516882
111001117,12113,구파발역.롯데몰,31.024797,2.4599044,1.9516882
111001120,12475,응암초교.백련산힐스테이트3차,49.71808,17.38223,13.791061
111001121,12225,불광롯데캐슬아파트,32.45302,9.753038,7.738061
111001122,12295,신사동고개사거리,27.06505,0.4872528,0.38658637
111001123,12498,덕산중학교.씨티아파트,50.219063,31.341688,24.866495
111001124,12499,덕산중학교.두산위브아파트,48.069733,18.103476,14.363297
111001126,12889,행정연구원건너편,46.77967,31.423145,24.931124
111001127,14610,상암고등학교,20.131298,9.7799015,7.759374
111001128,12296,백련산SK뷰아이파크아파트,20.854368,2.945878,2.3372595
111001129,13977,증산2교,16.86331,11.439041,9.075735
111001130,12900,구파발(가상),33.722805,2.870889,2.2777631
111001131,12242,응암2동주민센터,46.80911,25.336334,20.101849
111001132,12241,응암2동주민센터,50.269005,25.433708,20.179104
111001133,12451,은평성모병원,46.14792,15.091289,11.973429
111001134,12101,신사1동주민센터,24.888346,10.024721,7.9536138
111001135,14516,디지털미디어시티역9번출구,15.992096,7.5124645,5.9603896
111001136,12325,DMC파인시티자이,20.140156,0.68329126,0.5421233
111001137,12326,DMC파인시티자이,21.359537,2.5578334,2.029385
111001138,12136,은평마을예술창작소,32.824,5.9210315,4.6977463
111900001,12810,삼성래미안아파트,46.614098,8.973404,7.1194987
111900002,12809,현대힐스테이트1차정문,64.9692,10.743768,8.524106
111900003,12808,현대힐스테이트1차후문,59.913715,14.618278,11.598142
111900004,12807,현대홈타운아파트,37.222214,19.608892,15.557696
111900006,12804,현대홈타운아파트,37.222214,19.608892,15.557696
111900007,12795,현대힐스테이트1차후문,64.567986,11.588796,9.1945505
111900008,12794,현대힐스테이트1차정문,62.338036,14.552947,11.5463085
111900009,12792,삼성래미안아파트,49.998512,13.166751,10.4465
111900010,12750,연갈현공판장후문,36.295288,0.54513717,0.43251184
111900012,12733,청구성심병원후문,32.68709,4.924223,3.9068785
111900013,12727,상신초교.두산.한신아파트,41.58268,2.3830247,1.8906919
111900014,12725,연신내역6번출구,27.688221,2.2684808,1.7998126
111900015,12714,신사1동경로당,38.93577,11.741143,9.315423
111900016,12713,라이프씨티아파트후문.광성교회,48.082554,16.466587,13.06459
111900017,12706,역촌센트레빌,46.902798,14.22714,11.287813
111900018,12528,천사원입구.서북병원,39.188583,8.272907,6.5637245
111900019,12705,천사원입구,39.188583,8.272907,6.5637245
111900020,12685,GS편의점.제일영광교회,32.639366,7.8714914,6.245241
111900021,12684,역촌노인복지관,26.158281,3.2999647,2.618192
111900022,12682,역촌초등학교후문,22.514288,1.9543219,1.5505589
111900023,12679,우리들약국,19.793325,1.3261486,1.0521663
111900024,12627,대동슈퍼,46.099617,17.373873,13.7844305
111900025,12623,은평마을,45.60841,20.312244,16.115734
111900026,12615,구산근린공원.GS편의점,36.431133,18.47156,14.655335
111900027,12603,구산마트,31.562925,7.575818,6.010654
111900028,12600,양지빌라,79.9914,11.46247,9.094324
111900029,12599,엔에스아파트,24.118708,2.4409647,1.9366615
111900030,12598,시립은평병원.파크자이아파트,43.337498,14.94877,11.860353
111900032,12596,미곡빌라,87.63774,18.464094,14.649413
111900033,12595,미주아트빌,22.637825,1.6928617,1.3431164
111900034,12594,신비로마트,32.38427,7.497918,5.9488482
111900035,12593,선일여고.빅데이터고,40.831627,11.055865,8.771723
111900036,12592,일진빌라,80.34212,19.867184,15.762623
111900038,12590,응암시장입구,23.125149,1.3397721,1.0629752
111900039,12589,미미아파트,38.484337,2.4318287,1.929413
111900040,12588,영진빌라,73.045425,18.766077,14.889006
111900042,12585,갈현초교.로데오거리,32.426258,2.4132204,1.9146491
111900043,12584,금원빌라,62.265896,14.038082,11.1378145
111900044,12582,서강스카이빌,23.533588,4.357427,3.4571826
111900046,12577,한일탕,43.00744,4.47018,3.5466409
111900049,12572,갈현노인복지센터,43.729374,5.075687,4.02705
111900050,12569,불광보건소,34.15976,5.1493006,4.085455
111900052,12567,갈현1동주민센터,40.029285,8.781831,6.967505
111900053,12566,불광전철역,31.073847,1.6617126,1.3184029
111900054,12564,금강골드,39.250294,8.714007,6.9136934
111900056,12561,대조동우체국,34.417496,7.844158,6.223555
111900057,12504,상신초교.두산.한신아파트,38.622967,11.395395,9.041106
111900058,12503,12번지건영아파트,94.21115,21.13897,16.771658
111900059,12560,녹번전철역,38.643135,7.0163603,5.5667806
111900060,12559,불광중학교,41.803364,2.722576,2.1600919
111900062,12556,동명여고후문,45.35327,6.232277,4.944689
111900063,12554,불광동팀수양관,46.167164,5.4365516,4.31336
111900065,12551,동명탕,29.994436,4.76334,3.779234
111900066,12550,삼거리,36.212578,18.5159,14.690515
111900067,12549,불광중학교,42.81287,6.4305086,5.1019654
111900068,12548,우리들약국,21.22026,2.995223,2.3764098
111900069,12547,삼성아파트후문,33.08808,6.059964,4.807976
111900070,12546,현대아파트,37.802155,7.722746,6.127227
111900071,12545,금강골드,39.250294,8.714007,6.9136934
111900072,12544,역촌초등학교후문,22.720568,1.9677538,1.5612159
111900073,12543,갈현1동주민센터,42.991776,9.848896,7.8141136
111900074,12540,불광보건소,36.684856,13.394875,10.627494
111900075,12539,역촌노인복지관,26.158281,3.2999647,2.618192
111900076,12538,동아문구,44.20835,4.9013753,3.888751
111900077,12534,GS편의점.제일영광교회,32.639366,7.8714914,6.245241
111900078,12533,한일탕,43.277103,6.31299,5.008726
111900079,12532,미주아트빌,23.668161,4.172234,3.3102505
111900080,12531,서부경찰서후문,22.845638,3.5887172,2.8472881
111900083,12527,대한슈퍼,49.36936,5.7646313,4.5736585
111900084,12526,엔에스아파트,24.118708,2.4409647,1.9366615
111900085,12525,금호아파트,30.125252,9.876769,7.8362284
111900087,12522,역촌센트레빌,46.902798,14.22714,11.287813
111900088,12521,신창슈퍼,63.52678,10.345035,8.20775
111900089,12520,구산마트,36.476215,14.447974,11.463023
111900090,12518,갈현초교.로데오거리,32.426258,2.4132204,1.9146491
111900092,12516,라이프씨티후문.광성교회,44.65439,6.937449,5.504172
111900093,12515,충남슈퍼,72.93788,9.440232,7.48988
111900094,12514,구산근린공원.GS편의점,50.7556,49.39595,39.190746
111900095,12512,미미아파트,38.056126,5.8214607,4.6187468
111900097,12510,신사1동경로당,37.961113,12.384762,9.82607
111900098,12509,미미슈퍼,81.92212,14.143079,11.221118
111900099,12508,대동슈퍼,42.87893,3.4450698,2.7333183
111900100,12506,선일여고.빅데이터고,42.443893,25.13358,19.94098
111900101,12501,시립은평병원.파크자이아파트,35.737545,7.2676573,5.7661595
111900102,12500,대성중.고등학교,52.663628,14.5986395,11.582561
111900103,12536,응암지구대,25.054623,3.0456192,2.4163945
111900104,12541,은평문화예술회관,28.82431,6.720872,5.33234
111900105,12555,서울혁신파크,34.89809,2.8818884,2.2864904
111900106,12806,불광역9번출구,28.864922,4.0244374,3.1929886
111900110,12581,연신내역.물빛공원,28.242481,4.786831,3.7978716
111900111,12502,경향파크아파트,48.022587,14.383922,11.412204
111900112,12524,연신내역.물빛공원,31.297298,10.949633,8.687438
111900113,12571,양광교회앞,30.442776,2.8274455,2.2432952
111900118,12507,신비로마트,33.698357,6.3206296,5.0147877
111900119,12513,응암시장입구,21.680286,0.044696845,0.035462476
111900122,12542,구산전철역,28.292513,9.852417,7.816908
111900123,12562,하나은행역촌지점,31.003643,1.7719265,1.4058465
111900124,12612,하나은행역촌지점,30.00891,5.187323,4.1156225
111900125,12814,힐스테이트1단지정문앞,76.52027,26.035732,20.65675
111900126,12813,서울연은초등학교,72.681984,23.590351,18.716585
111900127,12818,힐스테이트212동앞,89.99285,34.51134,27.3813
111900128,12817,서울연은초등학교,74.75581,20.990778,16.654083
111900129,12811,힐스테이트302동앞,105.420105,39.281208,31.16571
111900130,12815,힐스테이트상가앞,52.634743,18.045609,14.317386
111900131,12812,힐스테이트116동앞,86.76981,26.040873,20.660828
111900132,12816,힐스테이트2단지후문앞,69.661865,19.625147,15.570591
111900133,12819,힐스테이트302동앞,101.84983,34.70591,27.53567
111900134,12991,6번지입구,52.90269,8.875436,7.0417705
111900135,12820,태평양약국,21.90519,4.6293817,3.6729515
111900136,12821,국민은행,17.5791,4.900405,3.8879814
111900137,12832,풍림아그네스앞,20.854954,1.9012307,1.5084364
111900138,12831,역촌유치원입구,21.456856,1.3218989,1.0487946
111900139,12830,새생명약국앞,21.171005,0.18686381,0.14825775
111900140,12829,새생명약국앞,22.105152,4.9295764,3.911126
111900141,12828,역촌유치원입구,21.456856,1.3218989,1.0487946
111900142,12827,풍림아그네스앞,20.677149,4.9157467,3.9001534
111900143,12852,대림e편한세상1단지,49.24274,8.482649,6.7301335
111900144,12851,대림e편한세상2단지,45.385475,3.476533,2.7582812
111900145,12850,현대아파트입구,44.47265,5.2654877,4.177638
111900146,12849,임창빌라,37.26569,4.10077,3.253551
111900147,12848,온누리약국,32.468376,3.2612228,2.5874543
111900148,12847,한솔아파트입구,31.045498,0.7716736,0.61224586
111900149,12846,G캐슬아파트,29.889278,2.2143207,1.756842
111900150,12845,길마어린이공원,26.396908,3.7745829,2.994754
111900151,12844,아름다운교회,25.722925,1.1296564,0.8962694
111900152,12843,청구성심병원,30.247225,3.7213001,2.9524796
111900153,12842,연서시장,29.462019,8.664667,6.874547
111900154,12841,대림모터스,25.9648,4.2792444,3.3951523
111900155,12840,길천사우나,26.014318,3.9238496,3.1131823
111900156,12839,길마어린이공원,26.11366,5.540626,4.3959327
111900157,12838,G캐슬아파트,29.083702,1.5023075,1.1919308
111900158,12837,온누리약국,32.468376,3.2612228,2.5874543
111900159,12836,임창빌라,37.896393,3.9574103,3.1398094
111900160,12835,현대아파트입구,45.659542,2.352755,1.8666757
111900161,12834,대림e편한세상2단지,46.293587,5.7569036,4.5675273
111900162,12853,와산교,17.706009,3.6732936,2.914391
111900163,12855,벧엘블래스빌,20.683918,5.3286753,4.227771
111900164,12854,서울정형외과,20.683918,5.3286753,4.227771
111901113,12833,대림e편한세상1단지,49.24274,8.482649,6.7301335
111901114,12856,숭실고등학교,55.225002,35.038044,27.799183
111901115,12857,숭실고등학교입구,35.6816,11.39117,9.037754
111901116,12858,서신초교.내를건너서숲으로도서관,27.432854,4.513023,3.5806324
111901117,12859,삼거리.명진아파트,23.228113,13.35826,10.598444
111901118,12860,안디옥교회.새절역,17.962906,1.5819776,1.255141
111901119,12861,신사초등학교.새절역,19.098574,2.8433962,2.2559507
111901121,12863,상신초등학교입구,32.988823,2.8317344,2.2466981
111901122,12864,행운슈퍼,58.861732,12.96935,10.289883
111901123,12865,상신초교후문.산새마을종점,62.68445,14.265807,11.318491
111901124,12866,행운슈퍼,62.039158,17.526344,13.905402
111901125,12867,상신초등학교입구,31.071346,7.535933,5.979009
111901127,12869,새절역,16.892385,6.630786,5.2608657
111901128,12870,삼거리.명진아파트,29.260283,33.00964,26.189848
111901129,12871,서신초교.내를건너서숲으로도서관,29.5715,10.933946,8.674993
111901130,12872,숭실고등학교입구,39.726067,25.01987,19.850767
111901131,12873,경남아너스빌.서북병원,54.420975,9.115203,7.232002
111901132,12874,힐스테이트상가,68.09215,27.493395,21.813261
111901133,12875,서부중앙교회,45.925095,14.401687,11.426298
111901134,12876,응암초등학교,35.089584,11.5547285,9.167521
111901135,12877,성암문구사거리,24.25009,7.318172,5.8062377
111901138,12880,응암감리교회대림시장앞,22.505527,0.8274704,0.65651506
111901139,12881,응암동성당,25.535032,6.494674,5.1528745
111901140,12882,성암문구사거리,26.019516,8.317643,6.599218
111901141,12883,응암초등학교,35.089584,11.5547285,9.167521
111901142,12884,백련산힐스테이트2차앞,50.161514,8.672077,6.8804264
111901143,12885,백련산힐스테이트2차상가앞,58.70475,13.834564,10.976343
111901144,12886,은평세무서음식문화거리,26.097046,4.280084,3.3958187
111901145,12887,은평여성인력개발센터,34.368,4.6197066,3.665275
111901146,12888,대조시장.NC백화점,31.091806,8.018597,6.3619547
111901147,13956,증산역(증산2교),20.512554,3.9238033,3.1131456
111901148,13975,해담는다리앞,15.714272,11.965844,9.493701
111901149,12890,파크자이105동앞,58.70475,13.834564,10.976343
111901150,14613,상암고등학교,22.960539,6.5907226,5.2290792
111901151,14616,월드컵파크6단지상가,18.477886,14.274712,11.325556
111901152,12891,브라운스톤빌앞,19.258726,4.256434,3.377055
111901153,12557,은평성모병원,49.039505,11.086302,8.795872
112000001,13001,북가좌동삼거리,16.415014,3.3504372,2.6582367
112000002,13002,북가좌동삼거리,17.70731,1.8058419,1.432755
112000003,13003,DMC래미안e편한세상.요진아파트,21.609531,12.924679,10.25444
112000004,13004,DMC래미안e편한세상.요진아파트,18.14811,7.221328,5.729401
112000005,13005,모래내시장.가좌역,19.048376,4.502652,3.5724044
112000006,13006,모래내시장.가좌역,19.164688,7.373203,5.849899
112000007,13007,사천교,23.891897,4.1754227,3.3127806
112000008,13008,연희104고지앞.궁동근린공원,24.70891,1.679459,1.3324827
112000009,13009,연희104고지앞.궁동근린공원,24.596987,6.1154685,4.8520126
112000010,13010,서대문우체국,39.752224,19.257238,15.278692
112000011,13011,서대문우체국,32.697834,4.2841725,3.3990626
112000012,13012,연세대앞,29.780722,6.5518093,5.1982055
112000013,13013,연세대앞,28.885975,6.017034,4.773915
112000014,13014,세브란스병원앞,31.935421,10.429087,8.274438
112000015,13015,세브란스병원앞,30.503773,6.9388065,5.505249
112000016,13016,이대후문,37.327637,9.591843,7.6101685
112000017,13017,이대후문,36.662567,6.5224133,5.1748824
112000024,13107,모래내시장.가좌역,21.525747,9.900529,7.85508
112000026,13109,사천교,23.556446,15.666635,12.429908
112000027,13110,연희104고지앞.궁동근린공원,26.354883,3.6905112,2.9280517
112000028,13111,연희104고지앞.궁동근린공원,24.732384,6.975481,5.5343466
112000029,13112,서대문우체국,29.446829,8.234274,6.533073
112000030,13113,서대문우체국,35.232292,21.470669,17.034828
112000031,13114,연세대학교앞,29.780722,6.5518093,5.1982055
112000032,13115,연대앞,32.68303,10.231202,8.117435
112000033,13116,세브란스병원,28.309366,14.43658,11.453982
112000034,13117,세브란스병원,33.299473,13.563828,10.761541
112000035,13118,이대부중,36.46104,15.699706,12.456147
112000036,13119,이대부중,44.25252,7.3267217,5.813021
112000037,13120,이대부고,54.66957,10.020854,7.9505453
112000038,13121,이대부고,58.06153,9.59737,7.6145535
112000039,13122,홍은동동부센트레빌,59.349514,2.6970577,2.1398456
112000040,13123,산골고개.e편한세상서대문,51.69869,26.931456,21.367416
112000041,13124,홍은사거리.북한산더샵아파트앞,46.152153,16.94826,13.44675
112000042,13125,홍제우체국,44.494175,19.136854,15.18318
112000050,13133,영천시장,44.44113,5.7292514,4.545588
112000051,13134,금화초등학교.서울시교육청,41.96878,4.070515,3.2295465
112000054,13137,충정로역2번출구,48.212696,4.726626,3.7501051
112000057,13140,이대역4번출구,54.163345,10.002256,7.9357905
112000058,13141,신촌기차역입구,48.542248,8.365259,6.6369967
112000059,13142,신촌역2호선,35.859703,32.10496,25.472075
112000061,13144,동교동삼거리연희동방면,24.29024,26.279543,20.85019
112000062,13145,연세로.명물거리,25.210127,4.10633,3.257962
112000063,13146,연세로.스타광장,28.0459,4.3754196,3.471458
112000064,13147,연희동대우아파트,22.092972,2.8985882,2.2997398
112000065,13148,연희교차로,24.45408,6.9684544,5.5287714
112000066,13149,연희교차로,23.93486,1.5007384,1.1906857
112000067,13150,연희3거리,28.444118,7.955313,6.3117456
112000068,13151,연희3거리,27.144444,3.7212996,2.9524791
112000069,13152,한성화교중고교.서대문소방서,36.925526,6.4340806,5.1047997
112000070,13153,한성화교중고교.서대문소방서,35.963757,5.9766984,4.741913
112000071,13154,서대문자연사박물관입구,51.16449,9.70653,7.7011604
112000072,13155,서대문자연사박물관입구,52.877266,6.0049486,4.764326
112000073,13156,서대문구청.보건소.구의회,41.835163,16.280052,12.916594
112000074,13157,서대문구청.서대문구의회,38.775696,12.684071,10.063541
112000075,13158,동신병원.홍제폭포,35.731205,3.3105261,2.6265714
112000076,13159,서대문보건소별관.홍제폭포,36.763218,12.292541,9.752902
112000077,13160,정원여중,40.70759,11.136319,8.835556
112000078,13161,정원여중.스위스그랜드호텔,41.756332,18.344007,14.554136
112000079,13162,홍은현대아파트.스위스그랜드호텔,39.6782,4.229766,3.3558962
112000080,13163,홍은현대아파트,38.186543,17.777828,14.104929
112000081,13164,유진상가,50.490036,6.446632,5.1147575
112000082,13165,유진상가,46.155,17.544838,13.920075
112000083,13166,문화촌현대아파트,42.5779,2.1226382,1.6841011
112000084,13167,문화촌현대아파트,42.129864,3.4732676,2.7556906
112000085,13168,서울여자간호대학교.홍은초등학교,44.464886,5.6428204,4.4770136
112000086,13169,서울여자간호대학교.홍은초등학교,42.33506,1.1109772,0.88144934
112000087,13170,유원하나아파트,61.1476,13.306666,10.557509
112000088,13171,유원하나아파트,59.146034,10.317399,8.185824
112000089,13172,홍지문.옥천암,62.23243,35.689445,28.316006
112000090,13173,홍지문,54.167778,4.762859,3.7788522
112000091,13174,북가좌오거리,17.246506,2.9480357,2.3389716
112000092,13175,북가좌오거리,18.131914,1.5040306,1.1932979
112000093,13176,북가좌2동주민센터,18.107672,0.7298449,0.57905895
112000094,13177,북가좌2동주민센터,18.955687,1.9428899,1.5414889
112000095,13178,동도하이츠아파트,26.788324,17.970207,14.257562
112000096,13179,동도하이츠아파트,21.266579,7.925927,6.2884307
112000097,13180,DMC파크뷰자이,24.2066,7.496812,5.947971
112000098,13181,삼성래미안2차아파트,20.883291,3.970851,3.150473
112000099,13182,모래내삼거리,19.210096,7.3908596,5.863908
112000100,13183,DMC래미안e편한세상2.4단지,21.573145,5.777263,4.5836806
112000101,13184,모래내우체국.증가교회,22.73929,15.184331,12.047248
112000102,13185,북가좌삼호.DMC아이파크아파트,22.38836,10.862929,8.618648
112000103,13186,북가좌삼호.DMC아이파크아파트,23.07544,15.866193,12.588238
112000105,13188,DMC센트레빌아파트,30.903559,17.061064,13.536248
112000106,13189,DMC파크뷰자이.별동상가,30.184116,13.354253,10.595264
112000107,13190,래미안루센티아.DMC쌍용,32.819454,16.516474,13.10417
112000108,13191,명지대사거리,32.511845,11.380739,9.029479
112000109,13192,DMC에코자이아파트,32.543377,12.033291,9.547214
112000110,13193,DMC센트럴아이파크아파트,30.902294,9.218071,7.313617
112000111,13194,명지대,29.130442,6.2841244,4.9858246
112000112,13195,명지대,29.554605,6.7723145,5.373154
112000113,13196,명지대삼거리,30.327269,2.9668643,2.3539102
112000114,13197,명지대삼거리,32.076485,6.552075,5.198416
112000115,13198,고은초등학교.홍제센트럴아이파크,60.8446,12.882098,10.220657
112000116,13199,신연중학교서대문도서관,58.064972,18.37543,14.579066
112000117,13200,백련교.홍제폭포,31.731102,3.4618514,2.746633
112000118,13201,서대문문화체육회관입구,33.881268,4.564766,3.6216853
112000119,13202,홍연2교.두산아파트앞,27.444878,5.6382155,4.47336
112000120,13203,홍남교,25.296242,1.3647897,1.0828242
112000121,13204,연가교,24.060139,13.435092,10.659402
112000122,13205,연희파크푸르지오앞,28.781223,1.9807768,1.5715483
112000123,13206,홍연시장,28.854542,0.6108432,0.484643
112000124,13207,연희홍연아파트,31.705656,5.4471,4.321729
112000125,13208,서대문구청,32.44667,3.3107104,2.6267178
112000126,13209,남가좌현대아파트,25.234087,2.7540553,2.1850674
112000127,13210,신촌기차역,35.956276,6.405232,5.081911
112000128,13211,신촌기차역,42.35584,6.2358055,4.9474883
112000129,13212,증산교앞,15.928871,11.01767,8.741419
112000130,13213,연희지하차도,29.807055,1.3255734,1.0517099
112000131,13214,연희지하차도,30.013266,2.9151165,2.3128533
112000132,13215,홍연2교.현대교통종점,29.006756,11.269806,8.941463
112000133,13216,홍연2교.현대교통종점,29.006756,11.269806,8.941463
112000134,13217,명지대입구.서울무용센터,41.05404,19.932873,15.814742
112000135,13218,명지중고등학교,35.747875,2.7389534,2.1730857
112000136,13219,명지중고등학교,38.66411,6.477279,5.1390734
112000137,13220,명지전문대.충암중고등학교,43.348377,10.037229,7.9635367
112000138,13221,명지전문대.충암중고등학교,45.07529,8.848513,7.0204096
112000139,13222,연희동자치회관,25.112669,11.245142,8.921895
112000140,13223,연희동자치회관,29.272995,10.970218,8.703771
112000141,13224,서대문구보훈회관,38.76914,9.2163515,7.3122535
112000142,13225,서대문구보훈회관,38.76914,9.2163515,7.3122535
112000143,13226,홍남교.서대문구행복그린센터,26.531357,10.55728,8.376145
112000144,13227,홍남교.서대문구행복그린센터,28.249222,8.1435585,6.461099
112000145,13228,백련시장,23.953485,4.514332,3.581671
112000146,13229,백련시장,26.165434,4.6890097,3.7202601
112000147,13230,명지대사거리.백련시장,24.66536,2.3159215,1.837452
112000148,13231,명지대사거리.국민은행앞,26.07297,6.0972266,4.8375397
112000149,13232,연가초교.DMC래미안클라시스,55.616077,2.9405243,2.333012
112000150,13233,연가초.연희중.래미안클라시스,60.958405,17.56617,13.936999
112000151,13234,북가좌사거리,26.130787,6.1204643,4.8559766
112000152,13235,북가좌사거리,24.232632,12.122065,9.617646
112000153,13236,북가좌119안전센터,19.393007,1.647578,1.3071884
112000154,13237,북가좌119안전센터,17.653408,4.3799877,3.4750822
112000155,13238,충정로역9번출구,49.101185,11.792422,9.356108
112000157,13240,미동초등학교,46.76823,9.605312,7.6208544
112000158,13241,DMC한양아파트,28.656599,11.880182,9.425736
112000159,13242,북가좌초교?DMC현대아파트,34.248444,5.492306,4.357596
112000167,13250,독립문역?서대문형무소역사관,53.534554,2.7875576,2.2116482
112000169,13252,경찰청,38.360504,5.896563,4.6783333
112000170,13253,충정로역2호선,48.212696,4.726626,3.7501051
112000173,13256,연가교,20.611897,11.312718,8.975511
112000175,13258,명지대입구.신원지벤스타,44.399998,14.02185,11.124936
112000176,13259,창서초등학교.현대백화점,22.35754,8.285504,6.573719
112000177,13260,서대문종합사회복지관,21.519548,6.186841,4.9086394
112000178,13261,서대문종합사회복지관,24.903149,10.870805,8.624896
112000179,13262,홍남교.백련시장입구,25.082603,1.5905576,1.2619483
112000180,13263,북가좌초교사거리,17.232191,2.3354979,1.8529841
112000181,13264,북가좌초교사거리,18.326582,7.8980045,6.266277
112000182,13265,은가어린이공원.구150번종점,42.727467,1.9976143,1.5849072
112000183,13266,증산교앞,13.103626,12.059949,9.568364
112000184,13267,DMC두산위브아파트,32.981964,8.387245,6.6544404
112000185,13268,DMC두산위브아파트,39.107243,12.50809,9.923919
112000187,13270,서대문독립공원?극동아파트,40.34434,15.105955,11.985065
112000195,13278,봉원동사거리,60.549213,11.638873,9.234282
112000196,13279,봉원사,98.02017,26.125242,20.727766
112000197,13280,봉원사,98.02017,26.125242,20.727766
112000198,13281,봉원동사거리,57.78558,4.3190875,3.426764
112000199,13282,서대문독립공원.삼호아파트,45.03803,24.902102,19.757326
112000202,13285,서부운수기점,13.515715,0.75124633,0.5960388
112000216,13299,중소기업은행,19.423841,2.4018316,1.9056132
112000230,13313,봉원사길,75.629036,7.8682876,6.242699
112000231,13314,봉원사길,76.453995,22.612608,17.940844
112000256,13626,서대문문화체육회관,33.51158,5.759744,4.569781
112000313,13326,독립공원사거리,63.110275,9.736425,7.7248797
112000314,13325,독립공원사거리,63.110275,9.736425,7.7248797
112000337,13731,연희초등학교,29.400612,11.437129,9.074218
112000352,13749,연희초등학교,27.484003,1.4750462,1.1703016
112000365,13766,충정로역,48.829914,7.557465,5.996093
112000372,13773,연희삼거리,33.806812,5.107837,4.0525584
112000373,13774,연희삼거리,28.028614,15.293255,12.133669
112000374,13775,서대문구청,38.928852,9.94585,7.891038
112000375,13776,서대문구청,41.160213,19.628761,15.57346
112000376,13777,그랜드힐튼호텔,40.18297,17.324839,13.745527
112000377,13778,그랜드힐튼호텔,49.976124,30.358213,24.086206
112000392,13324,연세로.문학의거리,29.94183,10.901009,8.64886
112000394,92613,연희IC(가상),20.170708,15.541834,12.330891
112000395,92612,홍은IC(가상),50.534214,8.622431,6.841037
112000398,13031,무악재역,52.80694,13.317905,10.566426
112000399,13039,경찰청.동북아역사재단,34.65533,4.1881666,3.3228915
112000400,13032,무악재역,58.921852,5.6539626,4.485854
112000401,13035,독립문역.한성과학고,53.534554,2.7875576,2.2116482
112000402,13034,독립문역.한성과학고,51.917816,6.4375405,5.1075444
112000403,13038,서대문역,38.24369,3.5692887,2.8318737
112000404,13033,안산초등학교,64.78376,9.014491,7.152097
112000405,13026,산골고개.e편한세상서대문,49.0444,5.119025,4.0614343
112000406,13027,산골고개.e편한세상서대문,47.429153,5.258936,4.17244
112000407,13028,홍제역.서대문세무서,40.048374,3.2701592,2.5945444
112000408,13029,홍제역.서대문세무서,42.59988,4.3374557,3.4413373
112000409,13040,인왕산.홍제원아파트,48.781265,11.339836,8.997026
112000410,13596,아현역1번출구,39.426582,8.12413,6.445685
112000411,13917,홍제역1번출구,42.294292,6.6414337,5.2693133
112000412,13918,유진상가.인왕시장,41.03225,3.8539855,3.0577521
112000413,13911,홍제역3번출구,40.964264,0.581808,0.4616064
112000414,13328,가재울초등학교,23.130583,7.58322,6.0165267
112000415,13327,가재울초등학교,19.864647,3.457101,2.742864
112000416,13030,홍제삼거리.인왕산한신휴플러스,58.093777,35.748474,28.36284
112000417,13329,산골고개.e편한세상서대문,48.08305,8.1523285,6.468057
112000421,13332,연흥교회,20.099302,3.3124123,2.628068
112000422,13331,DMC래미안e-편한세상3단지,25.204147,14.111712,11.196233
112000424,13334,홍제역4번출구,40.71119,2.206078,1.7503023
112000425,13335,남가좌동새마을금고,25.092772,4.100056,3.2529848
112000426,13330,DMC래미안e-편한세상3단지,22.266905,11.591803,9.196937
112000427,13336,국립대한민국임시정부기념관,80.77116,22.257622,17.659197
112000428,13337,독립문파크빌.한성과학고,107.99607,27.190016,21.57256
112000429,13046,충정로역,51.96453,8.219903,6.5216713
112000430,13045,충정로역,40.566357,5.452426,4.325955
112000431,13338,두산아파트,31.482035,3.03295,2.4063425
112000432,13339,DMC파크뷰자이,24.404955,9.452655,7.499737
112000433,13143,신촌아트레온,35.914707,10.434957,8.279095
112000434,13997,홍은IC(가상),52.338444,8.520093,6.7598414
112000435,13996,연희IC(가상),26.320967,4.045363,3.2095912
112000437,13340,아현가구단지,52.550358,17.304659,13.729517
112000438,13499,독립문(가상),39.046856,12.893945,10.230056
112000439,13341,DMC쌍용.래미안루센티아,31.744646,12.216823,9.692827
112000440,13243,DMC파크뷰자이1단지입구,18.39685,2.9608955,2.3491745
112900001,13514,명진아트빌라,85.26538,18.351395,14.559997
112900002,13510,삼성빌라,107.82492,19.556705,15.51629
112900003,13509,뜨란채아파트101동,101.06113,3.9091654,3.1015317
112900004,13508,궁동근린공원입구,59.714096,27.425478,21.759375
112900005,13506,두산아파트,90.32979,16.787891,13.319512
112900007,13503,풍진베이스타운.안산자락길입구,88.85743,19.880247,15.772988
112900008,13852,팔각정,100.440704,19.61635,15.563612
112900009,13850,사천교,29.345448,11.979218,9.504311
112900010,13849,극동아파트119동,78.68419,6.812827,5.405297
112900011,13846,종근당후문,47.37954,7.253234,5.7547154
112900012,13845,버드나무가게,101.61231,22.47328,17.8303
112900013,13844,서대문문화체육회관,69.70298,19.007643,15.080664
112900014,13841,이진아기념도서관,68.60089,15.639145,12.408097
112900015,13840,하나은행연희동지점,23.648373,9.504146,7.540589
112900016,13839,금강빌라.인왕중학교,77.43913,13.847776,10.986826
112900017,13838,서대문내품애센터,33.344795,8.37275,6.6429396
112900018,13837,삼성그린빌,94.63165,24.540457,19.470398
112900019,13835,3호선독립문역,58.402405,14.823251,11.760767
112900020,13834,연희브라운스톤,24.45408,6.9684544,5.5287714
112900021,13833,오동나무,62.484764,10.344663,8.207456
112900022,13832,홍은2동주민센터,33.696926,2.6322412,2.0884202
112900023,13831,동원빌라,74.885315,20.86968,16.558004
112900024,13827,동성교회,47.250782,7.972588,6.3254514
112900025,13826,동신병원사거리,34.392303,7.356449,5.836607
112900026,13824,싸이버아파트,63.76207,21.450506,17.018831
112900027,13822,미성아파트,87.6644,17.797167,14.120272
112900028,13819,문화공원입구,43.207676,0.17115818,0.1357969
112900029,13818,명진아트빌라,83.94716,14.773,11.720899
112900030,13816,정원여중입구,48.96084,28.440004,22.5643
112900031,13814,홍은중학교,71.7614,11.049515,8.766685
112900032,13813,영천시장입구,48.13803,3.6177692,2.8703382
112900034,13808,고은초교삼거리,60.564213,15.938353,12.645489
112900035,13805,차고앞,64.06298,3.4002373,2.6977484
112900036,13804,동명여중,46.371964,6.1394377,4.87103
112900037,13801,서대문역7번출구,39.58667,2.4624586,1.9537146
112900038,13798,벽산아파트정문,43.052532,2.1515992,1.7070788
112900039,13796,삼거리,47.6995,9.007081,7.1462183
112900040,13794,경기대후문,67.82883,30.81441,24.448153
112900041,13793,CGV신촌아트레온,29.859528,5.9232335,4.6994934
112900042,13754,간호대입구올해피장애인복지센터,44.464886,5.6428204,4.4770136
112900043,13751,홍은성당,45.75477,15.09517,11.976508
112900044,13747,모래내시장,21.556946,6.445535,5.113888
112900045,13740,스위스그랜드호텔.현대아파트,37.9202,5.914066,4.6922197
112900046,13737,광산사우나,49.196102,9.82585,7.7958293
112900047,13726,인창중고,49.341427,9.872455,7.832805
112900049,13716,벽산아파트후문,52.79931,10.079543,7.9971094
112900050,13715,사천교,23.390882,7.3320537,5.817251
112900051,13669,문화촌현대아파트입구,42.91025,5.5790663,4.426431
112900052,13667,홍은유원아파트,64.955765,16.163153,12.823845
112900053,13665,인창중고,52.178474,5.0061207,3.971856
112900054,13664,서대문전철역,42.37069,8.947575,7.099005
112900056,13617,웨딩타운,54.8715,9.443715,7.492644
112900057,13659,팔각정,71.85251,31.512554,25.00206
112900059,13656,경기대사회교육원,52.20342,7.5629373,6.0004344
112900060,13599,풍림1차아파트,69.13987,37.61946,29.847279
112900061,13598,광염교회,51.853,18.932665,15.021176
112900062,13592,나이스신용정보.(구)한국예술원,61.871075,16.99464,13.483548
112900063,13591,영천시장입구,42.28633,6.3385587,5.029012
112900064,13847,사러가쇼핑,23.97845,2.575953,2.043761
112900065,13590,사러가쇼핑,24.315142,4.703612,3.7318456
112900066,13587,홍은초등학교.간호대입구,45.24393,2.445261,1.94007
112900067,13586,산골고개,51.69869,26.931456,21.367416
112900069,13583,충정로역7번출구,51.103806,15.563934,12.348425
112900071,13578,문화공원입구,43.472626,4.1338267,3.279778
112900072,13577,인왕초등학교,39.6163,5.878418,4.6639366
112900073,13574,간호대정문,45.299175,1.461987,1.1599405
112900074,13572,스위스그랜드호텔앞,37.54228,3.6906252,2.9281418
112900075,13571,충정로역8번출구,42.10209,13.625773,10.810689
112900076,13570,현대그린마트,47.845394,0.81069076,0.643202
112900078,13567,한성고교,36.948277,7.3733683,5.8500304
112900079,13566,중앙여고,45.783333,3.6690805,2.9110484
112900080,13565,동성교회,47.250782,7.972588,6.3254514
112900081,13564,홍제역해링턴플레이스,40.92063,0.9833171,0.78016376
112900082,13562,호박골다리,44.85898,12.835391,10.183599
112900083,13561,정원여중입구,48.96084,28.440004,22.5643
112900084,13560,삼거리,47.6995,9.007081,7.1462183
112900086,13554,오동나무앞,69.43716,16.005806,12.699007
112900087,13553,문화촌현대아파트,44.874523,7.1173277,5.646888
112900088,13551,서대문내품애센터,32.23847,10.324034,8.191089
112900089,13550,포방시장,46.605736,2.362107,1.8740958
112900090,13549,싸이버아파트,63.76207,21.450506,17.018831
112900091,13548,차고앞,66.07649,2.4917145,1.9769263
112900092,13547,미동초교,41.866886,8.580508,6.807775
112900093,13544,중앙여고,45.690403,5.021099,3.98374
112900095,13542,금강빌라.인왕중학교,86.84573,10.974261,8.706979
112900096,13541,홍은사회복지관별관,43.031975,3.3048053,2.6220324
112900097,13540,성원아파트,65.866234,17.244097,13.681467
112900098,13539,서대문문화체육회관,69.860146,22.67701,17.99194
112900099,13538,포방공영주차장,52.616936,8.446842,6.7017245
112900100,13537,동원빌라,74.885315,20.86968,16.558004
112900101,13536,홍은중학교,68.16127,7.537459,5.98022
112900102,13535,경기대후문,68.87708,30.927786,24.538105
112900103,13531,새마을금고,49.95801,6.498609,5.1559963
112900104,13530,신촌푸르지오1단지후문.힐스테이트신촌,72.85637,32.29068,25.619425
112900105,13529,버드나무가게,105.44156,40.719387,32.306763
112900106,13528,문화촌주유소,42.79911,11.472189,9.102035
112900107,13527,고은초교삼거리,61.219963,17.902128,14.2035475
112900108,13526,팔각정,96.6676,14.506127,11.509162
112900109,13524,삼성그린빌,86.59124,25.756348,20.435085
112900110,13523,미성아파트,81.108696,17.151232,13.607787
112900111,13518,추계초등학교,53.919426,1.7265939,1.3698796
112900112,13517,초원약국,97.69613,9.793212,7.7699347
112900113,13902,홍은동국민주택,91.81954,10.069412,7.989072
112900114,13515,홍은초등학교,46.443836,7.2083797,5.719128
112900115,13512,풍림.극동아파트,82.614,17.520054,13.90041
112900116,13501,홍은동국민주택,102.75011,26.623152,21.122808
112900118,13855,민속식당,20.963211,2.1182573,1.6806253
112900119,13857,이진아기념도서관,68.60089,15.639145,12.408097
112900120,13858,유진상가,47.717377,13.198844,10.471963
112900121,13861,아현전철역,40.414474,3.2854455,2.6066725
112900122,13862,서연중학교,23.438066,2.868117,2.275564
112900123,13864,3호선독립문역,59.552593,17.660389,14.011752
112900124,13867,평화교회,37.566734,17.70422,14.046528
112900125,13870,신촌아트레온,35.914707,10.434957,8.279095
112900126,13871,북아현동주민센터,42.21155,16.093437,12.768534
112900127,13874,삼호아파트.천연동주민센터,54.396687,12.848258,10.193809
112900128,13875,홍은초등학교.간호대입구,44.45169,3.1726136,2.5171516
112900129,13877,홍제폭포.동신병원,31.972307,12.781667,10.140974
112900130,13878,영천시장입구,50.615425,12.805606,10.159967
112900131,13879,간호대정문,47.85707,10.367016,8.225191
112900132,13880,중앙여고,46.250496,7.715049,6.12112
112900133,13881,중앙여고,45.238476,2.133143,1.6924356
112900134,13882,홍은2동어린이집앞,33.095387,7.2964764,5.7890244
112900135,13883,감리신학대학교,50.582836,17.678474,14.026101
112900137,13885,추계초등학교,53.919426,1.7265939,1.3698796
112900138,13886,두산아파트,31.482035,3.03295,2.4063425
112900139,13888,포방시장,46.23577,3.215192,2.5509334
112900141,13891,홍은2동주민센터,34.83418,8.145446,6.462597
112900142,13892,광산사우나,49.196102,9.82585,7.7958293
112900143,13893,포방공영주차장,51.060345,3.7455616,2.9717286
112900144,13894,힐스테이트신촌.신촌푸르지오1단지후문,72.85637,32.29068,25.619425
112900145,13897,호박골다리,44.85898,12.835391,10.183599
112900146,13898,초원약국,97.80377,8.237258,6.53544
112900147,13905,풍림.극동아파트,77.91511,17.43499,13.832921
112900148,13913,홍제2동주민센터,59.68874,4.849109,3.8472834
112900149,13916,삼호아파트.천연동주민센터,55.03751,10.247936,8.1307125
112900151,13923,인왕산현대아파트입구,53.146343,10.423066,8.269661
112900152,13926,북아현로입구,36.467113,6.9783273,5.536605
112900153,13929,유진상가,40.895073,1.2677498,1.0058327
112900154,13930,인왕산현대아파트101동,61.273865,8.1872,6.495724
112900155,13933,홍은2동주민센터,35.697746,4.4725294,3.5485048
112900156,13935,뜨란채아파트101동,98.961716,7.3855925,5.8597293
112900157,13934,뜨란채아파트101동,101.0739,7.63307,6.0560775
112900158,13937,옥천교앞,61.132668,15.872929,12.593581
112900159,13940,창덕에버빌,23.363838,8.931076,7.0859156
112900160,13941,영천동,51.634167,7.23344,5.7390113
112900161,13943,영천동,52.627827,9.478791,7.520473
112900162,13699,미동초등학교,41.866886,8.580508,6.807775
112900163,13654,서대문사거리,41.052868,16.00666,12.699684
112900164,13695,종근당,47.071182,12.518982,9.93256
112900165,13700,인창중고,49.341427,9.872455,7.832805
112900166,13764,미동초등학교,45.51141,5.9231625,4.699437
112900167,13895,인창중고,53.310844,10.711961,8.49887
112900168,13534,산경아파트,54.99432,9.878273,7.837422
112900169,13546,천연동마을금고,50.323048,8.770978,6.958894
112900170,13521,뜨란채아파트.노인복지관,76.48862,12.442039,9.871513
112900172,13597,육교앞,42.881332,3.8962147,3.0912569
112900173,13795,서대문성당,44.234444,5.9625425,4.7306814
112900174,13869,극동아파트입구,60.50489,20.279402,16.089678
112900175,13887,서대문센트레빌,45.018986,1.9965335,1.5840497
112900176,13942,독립문,45.03803,24.902102,19.757326
112900177,13556,경남아파트.북아현119안전센터,38.97153,4.50442,3.5738065
112900178,13595,북아현로입구,35.76438,7.4612536,5.919759
112900179,13876,경남아파트.북아현119안전센터,38.507557,1.1761013,0.9331188
112900180,13507,북아현삼거리,64.40454,5.6763997,4.5036554
112900181,13522,금화장오거리,76.73856,2.70051,2.1425846
112900182,13803,금화장오거리,78.64985,18.347734,14.557093
112900183,13698,이대농협,49.052643,5.189424,4.117289
112900184,13725,신촌자이엘라,40.21049,6.5662284,5.2096457
112900185,13865,이대입구,54.94945,5.89358,4.6759663
112900186,13922,신촌기차역,34.155018,6.1173334,4.8534923
112900187,13928,이대전철역,56.172657,9.585661,7.605263
112900188,13821,연대앞.세브란스병원,31.260883,20.661007,16.392443
112900189,13519,궁동근린공원회관,62.8673,31.984007,25.37611
112900190,13532,서대문지역자활센터,70.36517,38.320744,30.403679
112900193,13919,연희브라운스톤,23.93486,1.5007384,1.1906857
112900194,13557,행복하우스,58.011204,17.689009,14.034459
112900196,13828,연희성당,30.962904,12.615346,10.009015
112900197,13848,국민은행,28.444118,7.955313,6.3117456
112900199,13589,가산빌라,33.73735,6.6820164,5.301512
112900200,13600,스위스그랜드호텔,37.992622,5.57372,4.422189
112900201,13660,남양아파트,44.564472,37.544537,29.787834
112900202,13563,송죽원,44.89601,31.910492,25.317783
112900203,13594,평화슈퍼,36.59192,9.431147,7.4826717
112900204,13912,홍제우체국,43.911217,7.9770103,6.32896
112900205,13505,개미마을,130.15012,28.287008,22.442913
112900206,13860,개미마을,130.15012,28.287008,22.442913
112900207,13516,삼거리연탄가게,112.242744,20.964619,16.63333
112900208,13668,유진상가다리앞,40.937344,7.272257,5.769809
112900209,13755,우리은행홍제동지점,42.205452,6.4279737,5.0999546
112900210,13853,삼거리연탄.약수터입구,112.242744,20.964619,16.63333
112900211,13936,홍지문35통,54.741337,5.775383,4.582189
112900212,13924,인왕산현대아파트117동,68.98619,19.571012,15.527641
112900213,13927,인왕산현대아파트117동,65.0785,11.436025,9.073341
112900214,13915,인왕산현대아파트입구,46.219845,8.719378,6.917955
112900215,13593,반석블레스아파트,60.34646,37.264496,29.56565
112900216,13575,홍은사거리,46.152153,16.94826,13.44675
112900217,13907,홍은동국민주택,99.99331,18.329788,14.542854
112900218,13502,백련사,106.762726,35.19389,27.922832
112900219,13511,소공원,102.83674,27.866047,22.108921
112900220,13513,명지고후문,105.76348,31.28796,24.823868
112900221,13866,백련사,106.762726,35.19389,27.922832
112900222,13859,명지고후문,105.76348,31.28796,24.823868
112900223,13520,서서울농협홍은지점.동신병원,34.49236,5.757478,4.567983
112900224,13823,남가좌동아이파크후문,24.214262,3.3894334,2.6891763
112900225,13830,남가좌동아이파크정문,23.50517,7.833736,6.2152863
112900226,13724,아트레온,31.267843,18.793375,14.910664
112900227,13500,정원슈퍼,108.371826,24.256195,19.244865
112900228,13947,홍은사회복지관별관,43.84994,4.366344,3.4642572
112900229,13952,서강아파트1차정문앞,98.18136,13.770277,10.925338
112900230,13802,신촌전철역,21.25008,9.400201,7.4581194
112900232,13545,홍제초등학교,45.158855,14.351062,11.386132
112900233,13820,가재울초등학교,24.65141,9.18252,7.2854114
112900234,13938,대명빌라,57.642796,23.621088,18.74097
112900235,13939,인왕시장,43.08392,5.2787414,4.1881533
112900236,13945,홍은유원아파트입구,67.89994,13.542963,10.7449875
112900237,13944,동원베네스트아파트입구,74.870705,33.211678,26.350145
112900238,13953,연희상가아파트,54.369045,5.014817,3.978756
112900239,13955,봉원사입구,57.999172,10.474768,8.31068
112900240,13957,행운부동산앞,38.56143,14.747449,11.700625
112900241,13958,은가경로당앞,43.822437,12.309786,9.766584
112900242,13959,우리동네키움센터.삼성유치원,44.68685,10.523115,8.34904
112900243,13960,두란노어린이집앞,50.075855,12.00953,9.528361
112900244,13961,은혜감사어린이집,45.91922,8.7241335,6.921727
112900245,13962,백련어린이공원(공영주차장),37.086098,6.045173,4.7962403
112900246,13963,상록운수,37.89591,9.965365,7.9065213
112900247,13964,명지대학교교회,38.269447,5.2968054,4.202485
112900248,13965,명지대후문(세븐일레븐),33.778625,4.17692,3.3139684
112900249,13966,백련어린이공원,33.989803,3.6066654,2.8615284
112900250,13967,은혜감사어린이집앞,45.91922,8.7241335,6.921727
112900251,13968,두란노어린이집,47.462044,7.12967,5.6566806
112900252,13969,우리동네키움센터.삼성유치원,40.73663,9.526352,7.5582075
112900254,13971,행운부동산앞,38.56143,14.747449,11.700625
112900255,13972,북가좌사거리,20.364517,5.093846,4.041457
112900256,13973,북가좌오거리,16.902245,5.2202654,4.1417584
112900257,13974,북가좌파출소,17.388172,6.167543,4.8933287
112900258,13976,이마트24앞,51.132957,4.0196323,3.1891763
112900259,13978,홍제천입구,31.482035,3.03295,2.4063425
112900260,13720,현대백화점,25.210714,13.938543,11.05884
112900261,13946,동원베네스트주차장.두산위브입구,72.20172,13.579056,10.7736225
113000001,14001,마포역,13.837771,20.041403,15.900848
113000002,14002,마포역,12.784774,6.391178,5.0707607
113000003,14003,공덕역,12.376737,1.8182536,1.4426024
113000004,14004,공덕역,9.845226,9.787886,7.765709
113000005,14005,아현동주민센터,18.72897,5.010054,3.9749768
113000006,14006,아현동주민센터,17.435575,8.74753,6.9402905
113000007,14007,마포경찰서,23.736717,3.5169473,2.790346
113000008,14008,마포경찰서,20.429487,6.485154,5.1453214
113000009,14009,아현초등학교,26.294046,3.922438,3.1120622
113000010,14010,아현초등학교,26.610193,5.1372404,4.0758867
113000011,14101,마포구청.성산자동차검사소,21.858517,15.260126,12.107384
113000012,14102,마포구청,18.219412,10.075999,7.994298
113000013,14103,마포농수산물시장.월드컵공원,16.85282,3.5706704,2.83297
113000014,14104,월드컵경기장남측.월드컵공원,14.734095,15.046622,11.93799
113000015,14105,월드컵경기장서측.문화비축기지,17.98678,2.6400762,2.0946364
113000016,14106,월드컵경기장서측.문화비축기지,19.655447,14.037698,11.137509
113000017,14107,월드컵파크3단지.난지천공원,14.551231,3.4223752,2.7153125
113000018,14108,월드컵파크3단지.난지천공원,15.704516,7.367848,5.84565
113000019,14109,서부면허시험장,14.085349,5.309632,4.2126617
113000020,14110,서부면허시험장,13.733576,3.862153,3.0642323
113000021,14111,DMC첨단산업센터,16.446283,13.228584,10.495559
113000022,14112,DMC첨단산업센터,20.999731,10.983568,8.714363
113000025,14115,월드컵공원입구.문화비축기지입구,21.398685,21.223274,16.838545
113000026,14116,월드컵파크3단지정문,18.469812,14.374476,11.404709
113000027,14117,월드컵파크2단지.에스플렉스센터,26.784061,17.070347,13.543613
113000028,14118,월드컵파크2단지.에스플렉스센터,17.423443,9.26472,7.3506293
113000029,14119,합정역7번출구,19.84975,1.405053,1.1147691
113000030,14120,합정역6번출구,20.6482,2.8514717,2.2623575
113000031,14121,성산중학교,16.650406,4.579845,3.6336489
113000032,14122,성산중학교,18.943443,7.895039,6.263924
113000033,14123,상수역,17.739998,3.8388822,3.0457692
113000034,14124,상수역,17.374485,1.6054429,1.2737584
113000035,14125,서강초등학교,26.09024,15.974674,12.674307
113000036,14126,서강초등학교,25.806194,17.32321,13.744235
113000037,14127,광흥창역,16.6149,7.0330734,5.5800405
113000038,14128,광흥창역,15.484692,6.859825,5.442585
113000039,14129,광흥창역4번출구,16.866165,6.1584215,4.8860917
113000040,14130,마포세무서,16.75077,4.5271454,3.591837
113000042,14132,마포역,10.080836,15.270793,12.115848
113000051,14141,공덕역.공덕시장,16.255272,7.326606,5.812929
113000052,14142,공덕시장,15.721067,12.470135,9.893805
113000053,14143,신덕성결교회,33.83567,26.721897,21.201153
113000054,14144,신덕성결교회,28.416117,11.582554,9.189598
113000055,14145,한겨레신문사,33.344894,10.112403,8.023181
113000056,14146,한겨레신문사,33.344894,10.112403,8.023181
113000058,14149,공덕역6번출구,13.340942,16.248053,12.891205
113000059,14150,공덕역7번출구,11.974676,13.330686,10.576566
113000060,14151,용마루고개.신공덕삼성아파트,36.307476,13.635973,10.818781
113000061,14152,서울대동창회관,11.613461,7.641788,6.0629945
113000062,14153,공덕역8번출구,10.689031,9.173217,7.27803
113000063,14154,도화동현대아파트,45.062508,15.952568,12.656767
113000064,14155,도화동현대아파트,36.76158,7.2763743,5.7730756
113000065,14156,중동초등학교,25.884638,14.81709,11.755879
113000066,14157,중동초등학교,21.507273,12.447035,9.875478
113000067,14158,성산2동주민센터,35.428646,8.498202,6.7424736
113000068,14159,성산2동주민센터,35.29653,7.024225,5.57302
113000069,14160,성산119안전센터,16.081848,5.431574,4.309411
113000070,14161,성산119안전센터,13.278628,2.4843645,1.9710948
113000071,14162,성산아파트,17.752283,8.52916,6.767035
113000072,14163,성산아파트,18.640476,8.258425,6.552234
113000073,14164,DMC상암센트럴파크,25.481304,6.6861773,5.304813
113000074,14165,DMC상암센트럴파크,31.220201,13.297067,10.549892
113000075,14166,상암초등학교,24.238913,10.465704,8.30349
113000076,14167,상암초등학교,23.734383,3.2954967,2.6146472
113000077,14168,신촌로터리,30.524086,2.4936118,1.9784317
113000078,14169,신촌로터리,32.184063,5.7464247,4.559213
113000079,14170,서강대학교,28.260098,8.417204,6.6782093
113000080,14171,서강대학교,27.922176,8.907029,7.066837
113000081,14172,광성중고등학교,15.9827795,4.972011,3.9447937
113000082,14173,광성중고등학교,25.648272,10.565367,8.382562
113000083,14174,대흥역,18.853395,2.3567612,1.8698545
113000084,14175,대흥역,17.127254,4.037705,3.203515
113000085,14176,용강초등학교,17.574753,9.089117,7.2113056
113000086,14177,동도중학교.서울디자인고등학교,16.266136,1.9282247,1.5298535
113000087,14178,동도중학교.서울디자인고등학교,13.574971,3.0492773,2.4192965
113000088,14179,공덕역2번출구,15.819509,11.080251,8.791071
113000089,14180,공덕역1번출구,13.798616,5.9128795,4.6912785
113000090,14181,서서울농협홍대역점,15.047854,8.385075,6.652718
113000091,14182,동교로사거리,12.644096,4.8540273,3.8511853
113000094,14185,성산2교,15.48598,6.559932,5.20465
113000095,14186,성산2교,12.695183,3.1526759,2.501333
113000096,14187,성미약수터,20.944319,12.740634,10.108419
113000097,14188,성미약수터,20.6305,32.50676,25.790865
113000098,14189,경성중고.홍대부속여중고입구,22.338554,16.008545,12.70118
113000099,14190,경성중고.홍대부속여중고입구,12.937433,3.7006347,2.9360836
113000100,14191,경성중고.홍대부속여중고입구,13.943218,2.4550135,1.9478077
113000101,14192,아만티호텔서울,13.496475,0.8101176,0.6427473
113000102,14193,아만티호텔서울,13.495546,4.14362,3.2875483
113000103,14194,마포구청역,16.070555,9.421042,7.4746556
113000104,14195,마포구청역,15.799756,6.9195156,5.489944
113000105,14196,마포중앙도서관,15.930085,5.4908133,4.356411
113000106,14197,마포중앙도서관,23.690113,6.381387,5.0629926
113000107,14198,성산2교,18.818737,9.544938,7.5729537
113000108,14199,성산2교,24.25408,8.669609,6.878468
113000109,14200,광흥창역.서강동주민센터,14.709692,8.7278805,6.9247003
113000110,14201,광흥창역.서강동주민센터,15.9847555,7.0309024,5.5783176
113000111,14202,창전현대홈타운,14.824512,1.6750273,1.3289666
113000112,14203,창전현대홈타운,13.137561,15.758745,12.502988
113000113,14204,신촌로터리,15.145743,14.146871,11.224127
113000114,14205,신촌로터리,20.679983,30.591948,24.271652
113000116,14207,이대역6번출구,49.552135,15.701997,12.457965
113000117,14208,이화여대입구,58.67206,6.108434,4.8464317
113000118,14209,이대역5번출구,55.751453,10.514875,8.342502
113000119,14210,대흥교회,45.250828,11.961923,9.49059
113000120,14211,대흥교회,39.57413,11.899252,9.440866
113000121,14212,서강대후문.마포아트센터,20.64091,9.536876,7.5665574
113000124,14215,굴레방다리.아현역,39.610672,6.8689065,5.4497905
113000125,14216,양화진성지공원입구,16.976593,7.699342,6.108658
113000127,14218,홀트아동복지회,15.4219475,5.8374634,4.6314435
113000128,14219,합정역2번출구,23.766367,8.004969,6.351142
113000129,14220,합정역4번출구,30.052973,10.834815,8.596342
113000133,14224,홍대입구역1번출구,15.737189,16.851452,13.369942
113000134,14225,홍대입구역,11.592147,7.249929,5.752094
113000135,14226,연남동,21.548712,1.4322938,1.1363819
113000137,14228,신촌역8번출구,21.811508,8.770887,6.958822
113000139,14230,극동방송,18.4053,3.2530098,2.5809379
113000140,14231,극동방송,18.4053,3.2530098,2.5809379
113000141,14232,홍익대학교,27.40441,14.267274,11.319655
113000142,14233,홍익대학교,29.20978,7.0734997,5.612115
113000143,14234,산울림소극장,33.396584,13.370236,10.607945
113000144,14235,산울림소극장,28.425606,3.021701,2.3974175
113000145,14236,신수중학교,18.485357,5.731989,4.54776
113000146,14237,신수중학교,17.794134,6.666295,5.289038
113000147,14238,래미안웰스트림아파트,13.120456,7.0188847,5.568783
113000148,14239,한국출판콘텐츠센터,12.909255,2.8518717,2.262675
113000149,14240,용강동주민센터,13.520687,0.4722172,0.37465712
113000150,14241,용강동주민센터,7.50088,10.190263,8.084954
113000151,14242,용강동입구,14.656578,12.346967,9.796083
113000153,14244,메세나폴리스,18.562157,9.511032,7.5460534
113000154,14245,마포한강푸르지오,20.724386,2.884981,2.2889438
113000155,14246,성산초등학교입구,13.44745,1.6681381,1.3235008
113000156,14247,성산초등학교입구,14.224357,2.7551594,2.1859434
113000157,14248,기업은행서교동지점(최규하대통령가옥),15.231025,2.156053,1.7106125
113000158,14249,기업은행서교동지점(최규하대통령가옥),15.523001,3.3747456,2.6775231
113000159,14250,망원시장.망원동월드컵시장입구,11.860146,0.72728884,0.57703096
113000160,14251,망원시장.망원동월드컵시장입구,13.430131,2.8614833,2.2703009
113000161,14252,망원동방울내길입구,12.923659,6.1804047,4.903533
113000162,14253,망원동방울내길입구,13.003379,3.6710546,2.9126146
113000163,14254,성서초등학교,16.379766,5.5728073,4.4214654
113000164,14255,성서초등학교,14.2819195,5.299442,4.204577
113000166,14257,미원아파트입구,17.494028,7.714649,6.1208024
113000167,14258,미원아파트입구,19.337551,1.2416782,0.98514754
113000168,14259,망원2동주민센터,12.766014,5.352214,4.2464466
113000169,14260,망원2동주민센터,12.228554,1.146476,0.90961415
113000170,14261,청기와빌라,9.769604,4.151808,3.2940445
113000171,14262,청기와빌라,10.372431,2.7765896,2.2029462
113000172,14263,망원정입구,13.042483,2.5011165,1.9843857
113000173,14264,성산초등학교,13.047638,0.8252142,0.65472496
113000174,14265,서서울농협,12.698716,1.1464847,0.90962094
113000175,14266,서서울농협,12.230924,2.3296757,1.8483646
113000176,14267,망원1동주민센터,12.100238,1.5844469,1.2571002
113000177,14268,망원1동주민센터,12.680718,3.0019064,2.3817127
113000178,14269,동교초등학교,15.26742,1.8381213,1.4583654
113000179,14270,동교초등학교,13.851755,3.342042,2.651576
113000180,14271,월드컵파크7단지,13.657909,6.9989862,5.5529957
113000181,14272,월드컵파크7단지,13.315005,5.587168,4.4328594
113000182,14273,월드컵경기장북측,14.689746,5.369779,4.2603827
113000183,14274,월드컵경기장북측,14.488806,3.3567584,2.663252
113000184,14275,경성중고.홍대부속여중고입구,14.287688,1.4374521,1.1404744
113000189,14283,삼진제약,29.459219,17.938143,14.232122
113000190,14284,홍대입구역사거리,19.27701,6.876772,5.456031
113000192,14286,상암DMC홍보관.YTN,14.840893,7.9726753,6.3255205
113000193,14287,상암DMC홍보관.YTN,21.704939,15.742957,12.490462
113000194,14288,월드컵파크5단지.상암중고등학교입구,13.766108,9.276569,7.36003
113000195,14289,월드컵파크5단지,14.189861,21.978941,17.438093
113000196,14290,구룡근린공원,13.527565,2.1385872,1.696755
113000197,14291,상암고등학교,14.321643,6.585881,5.2252383
113000198,14292,월드컵파크3단지후문,17.51903,13.333803,10.57904
113000199,14293,서강대후문.마포아트센터,17.117527,3.293159,2.6127923
113000201,14295,월드컵파크4단지후문.JTBC,15.634227,10.064247,7.9849734
113000202,14296,디지털미디어시티역2번출구,13.979323,1.7481956,1.3870184
113000203,14306,월드컵파크4단지후문.JTBC,18.49999,7.693742,6.1042147
113000204,14307,누리꿈스퀘어.MBC,17.29836,11.940649,9.473711
113000205,14308,월드메르디앙아파트,22.300896,11.087136,8.796534
113000206,14309,월드메르디앙아파트,15.873946,12.599666,9.996574
113000207,14310,한강밤섬자이아파트,14.518996,2.5629344,2.0334322
113000208,14311,한강밤섬자이아파트,14.628449,0.98244166,0.7794692
113000209,14312,서강해모로아파트,15.705699,6.4248357,5.0974646
113000210,14313,서강해모로아파트,14.170371,1.7773931,1.4101837
113000211,14314,서교동주민센터.마포신문사,20.544413,8.668155,6.877314
113000212,14315,동교로사거리,15.020677,5.215371,4.1378756
113000213,14316,월드컵경기장북측,16.613958,7.997295,6.3450537
113000214,14317,강변한신코아,12.660244,3.0864286,2.4487724
113000234,14256,합정한강아파트,11.973451,4.6918035,3.7224767
113000383,14803,마포역서울가든호텔,12.367215,9.793612,7.7702518
113000395,14815,마포구청역,15.134731,6.337713,5.0283413
113000396,14816,마포구청역,14.387025,3.37933,2.6811604
113000397,14817,월드컵파크7단지,15.2382,5.2692165,4.1805964
113000398,14818,월드컵파크7단지,12.515985,5.356672,4.249984
113000406,14826,상암동입구,15.785922,1.5572726,1.23554
113000407,14827,상암동입구,13.98172,2.9934542,2.3750067
113000408,14828,상암월드컵파크5단지,13.766108,9.276569,7.36003
113000409,14829,상암월드컵파크5단지,17.146212,18.39355,14.593443
113000410,14332,월드컵공원입구.문화비축기지입구,16.349583,4.3649187,3.4631264
113000411,13025,이대역,58.420063,11.371245,9.021946
113000412,14012,합정역,19.647768,3.1240823,2.478647
113000413,14014,서교동,15.262896,7.6935415,6.104056
113000414,14016,홍대입구역,13.825174,7.8722086,6.24581
113000415,13019,동교동삼거리,26.151024,13.611782,10.799588
113000416,13021,신촌오거리.현대백화점,20.324924,7.4431434,5.90539
113000417,13023,신촌오거리.2호선신촌역,29.859528,5.9232335,4.6994934
113000418,14064,이대역,48.67062,6.3062925,5.0034122
113000419,14063,신촌오거리.2호선신촌역,31.267843,18.793375,14.910664
113000420,14062,신촌오거리.현대백화점,19.165457,5.5792856,4.426605
113000421,14061,동교동삼거리,21.610218,6.9396687,5.505933
113000422,14015,홍대입구역,20.149012,19.692415,15.623962
113000423,14013,서교동,18.392332,7.0670395,5.6069894
113000424,14011,합정역,17.613737,4.8307915,3.83275
113000425,14333,디지털미디어시티역,13.858586,7.651405,6.070625
113000427,14831,홍은IC(가상),13.2692585,8.792592,6.9760423
113000428,14331,난지한강공원,11.25955,2.467928,1.958054
113000429,14830,성산대교북단(가상),17.801096,9.152861,7.26188
113000430,14330,난지한강공원,22.302982,18.822802,14.9340105
113000432,14335,월드컵파크9.10.11.12단지,11.826983,0.76388156,0.6060636
113000433,14334,월드컵파크9.10.11.12단지,11.242341,3.4167101,2.7108178
113000434,14341,수색교,12.323469,3.125134,2.4794815
113000435,14338,월드컵파크10단지,13.854443,3.068895,2.4348614
113000436,14337,하늘초등학교,11.9167185,8.806754,6.987279
113000437,14339,월드컵파크11.12단지,12.652431,6.443354,5.1121573
113000438,14340,수색교,12.323469,3.125134,2.4794815
113000439,14353,월드컵아이파크,22.637352,12.805715,10.160053
113000440,14352,월드컵아이파크,17.671225,8.304354,6.588674
113000441,14351,가좌행복주택.건영월드컵아파트,22.530361,6.9223714,5.4922094
113000442,14350,가좌행복주택.건영월드컵아파트,17.235107,4.48491,3.5583277
113000443,14349,중동현대아파트,25.958235,14.08328,11.173674
113000444,14348,중동현대아파트,25.958235,14.08328,11.173674
113000445,14347,청구아파트.참누리아파트,16.680122,3.3453796,2.6542242
113000446,14346,청구아파트.참누리아파트,17.17062,5.0735874,4.025384
113000448,14344,디지털미디어시티역3번출구A,15.35437,0.40830943,0.3239527
113000449,14360,디지털미디어시티역3번출구,14.872335,4.414231,3.5022507
113000450,14359,공항철도디지털미디어시티역,12.821247,7.1077404,5.6392813
113000451,14358,공항철도디지털미디어시티역,15.911651,0.94125235,0.74678963
113000452,14357,SBS.YTN,17.740574,21.923878,17.394403
113000453,14356,SBS.YTN,11.5261135,9.293477,7.3734446
113000454,14355,DMC첨단산업센터,6.64388,6.1390324,4.8707085
113000455,14354,DMC첨단산업센터,12.757827,4.7225676,3.746885
113000456,14867,신촌역,24.641697,10.7216835,8.506583
113000460,14682,마포대교북단(가상),13.945873,9.238521,7.3298426
113000462,14609,양화대교북단(가상),18.13292,5.9279265,4.703217
113000463,14768,성산대교북단(가상),13.152921,19.190697,15.225899
113000464,14861,난지한강공원(가상),12.149384,7.173881,5.691757
113000465,14854,난지한강공원(가상),20.562496,21.385546,16.967293
113000466,14615,스탠포드호텔,14.861573,7.930234,6.2918477
113000467,14614,스탠포드호텔,11.590921,7.5416055,5.98351
113000468,14895,합정역1번출구,29.722334,2.036295,1.6155964
113000469,14361,상암동주민센터앞,11.600613,4.157363,3.2984517
113000470,14135,공덕역10번출구,17.880901,12.211552,9.688645
113000471,14134,공덕역10번출구,14.053045,19.986559,15.857336
113000472,14213,마포자이2차아파트.대흥역,18.30208,5.5060067,4.3684654
113000474,14100,아현동가구단지,48.133106,2.4177175,1.9182171
113000475,13042,웨딩타운,47.06963,5.2139797,4.136771
113000476,14067,웨딩타운,52.365376,5.26418,4.176601
113000477,14068,아현역,42.179344,4.685428,3.7174187
113000478,13044,아현역,38.16826,4.730322,3.7530372
113000479,14184,성산동,19.42333,8.493194,6.7384996
113000481,14664,서강대교북단(가상),17.440746,0.84427506,0.66984785
113000482,14665,양화대교북단(가상),13.634218,5.02103,3.9836853
113000483,14998,서강대교북단(가상),3.0,2.2372324,1.7750202
113000484,14995,양화대교북단(가상),10.445925,15.470991,12.274684
113000485,14131,중앙잔디광장,11.978682,5.161646,4.0952497
113000486,14133,노을공원입구(난지미술창작스튜디오),41.02687,31.012512,24.605326
113000487,14137,난지천공원,13.196511,8.063944,6.3979335
113000488,14140,난지천공원다목적구장,12.529626,5.5732903,4.4218483
113000489,14147,노을공원입구(난지미술창작스튜디오),36.482773,16.725378,13.269915
113000491,14138,월드컵경기장역,12.776467,11.28164,8.950853
113000492,14139,마포구청.농수산물시장,12.9967985,5.0995812,4.0460076
113000493,14136,난지천공원다목적구장,14.446424,7.64736,6.067415
113000494,14217,홍대입구,14.524593,9.741865,7.7291956
113000495,14342,가좌역1번출구,16.193615,1.7519221,1.389975
113000496,14343,가좌역,17.579483,0.9714491,0.7707477
113000497,19600,마포대교(가상),3.503166,3.4720743,2.7547438
113000498,19601,마포대교(가상),14.913743,4.943356,3.9220588
113000499,14364,성산대교북단(가상),19.744991,11.547861,9.162073
113000500,14365,성산대교(가상),23.779434,9.959552,7.9019084
113000505,14096,홍대입구역(가상),10.468442,23.21576,18.419384
113000506,14097,홍대입구역(가상),15.355267,15.973784,12.673601
113000508,14098,합정역(가상),16.30093,2.6793795,2.1258197
113000509,14099,합정역(가상),29.666964,5.5126805,4.3737607
113000510,14974,상암고등학교,14.825665,12.429477,9.8615465
113000511,14973,상암고등학교,13.723349,8.494791,6.739767
113000513,00006,한강버스.망원선착장,2.5,1.1132705,0.8832689
113000514,14633,R2(홍대걷고싶은거리),17.132761,4.328498,3.43423
113000515,14634,경의선숲길공원(홍대입구역3번출구),16.733007,8.034823,6.374829
113000516,14635,경의선숲길공원(연남동),13.00285,1.531585,1.2151595
113000517,14636,망원&월드컵시장(망리단길),12.467834,2.3730154,1.8827504
113000518,14637,망원한강공원(서울함공원),12.015591,4.348079,3.449766
113000519,14638,서울월드컵경기장(마포농수산물시장),17.673233,17.000242,13.487991
113000520,14639,하늘공원,15.41765,2.91884,2.3158076
113000521,14640,난지천공원(박정희대통령기념관),17.258974,12.109714,9.607847
113000522,14641,난지캠핑장,11.25955,2.467928,1.958054
113000523,14642,마포반려동물캠핑장(난지물놀이장),11.904914,7.602005,6.0314307
113000524,14643,서울양화나루와잠두봉유적(하늘길),16.57891,2.8971944,2.298634
113000525,14644,마포새빛문화숲,12.779675,1.9721851,1.5647317
113000526,14645,마포용강맛길,18.61557,9.725737,7.7163997
113000527,14646,도화꽃길.갈매기골목(공덕역9번출구),12.899825,11.170099,8.862356
113000528,14647,경의선숲길공원(염리동),11.317711,12.184416,9.667115
113000529,14648,R6(레드로드광장.상수역),15.151779,2.4156513,1.9165778
113000530,14649,R4(홍대축제거리),25.289345,8.2322235,6.531446
113000531,14276,한강버스망원선착장,11.221241,5.976456,4.74172
113000532,13257,가좌역3번출구,18.957409,4.182141,3.3181107
113000533,14650,마포365구민센터(마포365천문대),19.87351,6.841651,5.428166
113900001,14601,MBC,16.66196,1.1954571,0.94847566
113900002,14602,월드컵파크4단지,20.92054,4.0359554,3.2021272
113900003,14603,상암중학교,21.044428,1.3361082,1.0600682
113900004,14604,서울산업진흥원.국악방송,11.899044,7.5875783,6.0199847
113900005,14605,우리기술사옥.한국지역정보개발원,13.888554,0.27651507,0.21938704
113900006,14606,DMC빌,14.49319,4.361433,3.4603608
113900007,14607,우리금융상암센터.DMC빌,15.302568,9.115898,7.232554
113900008,14623,스탠포드호텔,13.016512,5.0272975,3.9886577
113900009,14624,우리기술사옥.한국지역정보개발원,14.488199,2.246739,1.7825626
113900010,14625,전자회관,9.612726,2.0620747,1.6360501
113900011,14626,상암중학교,21.938623,3.8092527,3.0222611
113900012,14627,월드컵파크6단지,23.184025,13.991641,11.100967
113900013,14628,YTN뉴스퀘어.CJE&M,17.531376,7.5716033,6.00731
113900014,14508,태양빌딩,12.015591,4.348079,3.449766
113900015,14969,다운교회,14.97003,4.099494,3.2525384
113900016,14510,다운교회,14.97003,4.099494,3.2525384
113900017,14512,코오롱아파트106동앞,16.176949,7.0638537,5.6044617
113900018,14513,가든호텔.삼성프라자,20.89038,12.105304,9.604348
113900019,14514,우성아파트3동,35.49262,13.621372,10.807197
113900020,14515,대상아파트,11.056191,2.4044268,1.9076723
113900022,14517,창전삼성아파트107동,30.537085,12.677945,10.058682
113900023,14518,서강유치원,69.64492,40.39046,32.04579
113900024,14519,삼익아파트입구.신촌숲아이파크,18.705639,4.3135953,3.4224064
113900025,14520,용약국,23.538675,22.157894,17.580072
113900026,14522,한이맨션,21.787996,6.6421027,5.2698445
113900027,14524,코오롱아파트104동앞,15.411317,2.479909,1.9675597
113900028,14525,돼지슈퍼,65.41359,14.887199,11.811503
113900029,14527,하나님의교회,66.67743,4.9857774,3.9557157
113900030,14528,신부파스카아파트,13.427058,7.9864264,6.3364305
113900031,14530,창전삼성아파트104동,30.759405,20.995197,16.657589
113900032,14531,육완순무용원,62.472103,27.244923,21.616121
113900033,14532,신수경남아파트,18.642109,16.780815,13.313899
113900035,14536,서일빌딩,15.320619,1.5139911,1.2012005
113900036,14538,코오롱아파트사거리,18.479437,9.057472,7.186198
113900037,14539,신일약국,74.901825,6.800116,5.395212
113900038,14541,S마트,16.7938,5.1501675,4.086143
113900039,14542,동교초등학교,11.8317375,3.128454,2.4821153
113900040,14544,창전삼성아파트입구,17.914467,15.413974,12.229447
113900041,14545,와우공원입구,48.636013,28.633972,22.718193
113900042,14546,마포소방서,14.790986,1.7866607,1.4175366
113900043,14547,광흥창역.서강동주민센터,12.316169,5.0942163,4.0417514
113900044,14550,마포농수산물시장.월드컵경기장,17.376791,0.922981,0.7322931
113900045,14551,마포새빛문화숲,14.298428,1.1384662,0.90325916
113900046,14552,경성고교입구,14.532315,4.4645095,3.542142
113900047,14553,대룡빌딩,17.576939,7.766341,6.161815
113900048,14878,공덕역입구,14.2234335,2.0022144,1.588557
113900049,14554,공덕역입구,15.260649,4.7373953,3.7586493
113900050,14557,금호태영아파트,27.359995,4.180413,3.3167393
113900051,14560,서강수협.신수중학교,18.260954,1.5882292,1.2601011
113900052,14561,용강초등학교,16.7938,5.1501675,4.086143
113900053,14563,마포구청.마포구청역,14.815163,2.959998,2.3484623
113900054,14564,마포새빛문화숲후문,17.910254,5.7879124,4.5921297
113900055,14565,마포FM,15.991068,3.727565,2.9574502
113900056,14566,연남동주민센터,15.639886,6.190851,4.9118214
113900057,14567,도화현대1차아파트111동앞,29.504326,18.617048,14.770766
113900058,14569,성원아파트,24.039997,9.168849,7.2745647
113900059,14570,한국출판콘텐츠센터,13.071403,5.8482466,4.639999
113900060,14571,서울여자중고등학교,24.025995,3.0954978,2.455968
113900061,14573,월드컵경기장역,15.101952,7.9355016,6.296027
113900062,14574,상수동,23.070677,4.0219455,3.1910114
113900063,14576,에덴지우아파트,19.830452,5.3095574,4.212603
113900064,14577,도화현대1차아파트,41.85144,14.80234,11.744176
113900065,14579,망원유수지.마포구민체육센터,11.923964,1.235121,0.979945
113900066,14583,신수현대아파트.래미안웰스트림,12.8853035,4.8648114,3.8597412
113900067,14584,염리삼성아파트,34.55246,8.747004,6.9398727
113900068,14585,구)망원우체국사거리,12.913678,2.4389641,1.9350741
113900069,14586,상수역,25.615515,4.0765734,3.234353
113900070,14587,코오롱아파트사거리,16.63447,1.4093001,1.1181387
113900071,14588,에덴맨션,16.820255,3.9301572,3.1181867
113900072,14592,굴다리시장,14.739301,0.59461784,0.4717698
113900073,14593,신석초등학교,13.058306,4.625926,3.6702096
113900074,14594,일성여자중고등학교,44.182426,19.957024,15.833902
113900075,14595,망원전철역,16.202013,5.788508,4.5926023
113900076,14596,상수두산아파트,24.409216,8.014699,6.3588624
113900077,14597,경성중고후문,14.344902,6.0825706,4.8259115
113900078,14598,하모니마트사거리,17.05743,2.4601278,1.9518654
113900079,14600,하나님의교회,59.87258,7.981042,6.3321586
113900080,14661,중동초등학교,27.456615,15.552213,12.339126
113900081,14662,대흥태영아파트,22.139738,2.6940262,2.1374404
113900082,14663,용강동주민센터,12.265453,4.5438333,3.6050773
113900083,14667,마포현대아파트,51.51121,12.914935,10.24671
113900084,14669,성산초등학교,13.856612,5.060417,4.014935
113900085,14671,경의선숲길공원입구,16.876467,3.5687284,2.8314292
113900086,14672,대명아파트,15.950153,2.691465,2.1354084
113900087,14674,환일고등학교,71.88739,16.799595,13.328798
113900088,14676,가구단지,48.133106,2.4177175,1.9182171
113900089,14677,하모니마트,14.36971,4.1887712,3.3233712
113900090,14678,성모병원사거리,15.48598,6.559932,5.20465
113900091,14693,창전삼성아파트입구,20.606302,23.165472,18.379486
113900092,14694,대흥세양아파트,17.050413,13.915209,11.040327
113900093,14712,마포전철역,13.158232,9.554189,7.580293
113900094,14713,공덕삼성3차아파트후문,32.199074,11.213899,8.897107
113900095,14714,고니빌딩,15.295802,2.5907583,2.0555077
113900096,14715,서강쌍용아파트.광흥창역,20.206758,5.813554,4.6124735
113900097,14718,원효초등학교,66.45615,9.686294,7.6851053
113900098,14727,새서울의원,14.278124,6.2507915,4.959378
113900099,14738,창전삼성아파트104동,34.42199,26.740997,21.216307
113900100,14743,산울림포스트극장,31.225237,6.324452,5.0178204
113900101,14744,마포자이아파트,14.120737,12.134359,9.627401
113900102,14745,성지빌딩,13.837634,4.7676497,3.7826533
113900103,14746,엘지빌딩,18.042498,10.593153,8.404608
113900104,14747,서교동주민센터,12.585914,3.9174817,3.10813
113900105,14750,한강타운.우성아파트16동앞,58.4532,16.295425,12.928791
113900106,14755,창전삼성아파트107동,31.543028,12.937084,10.264283
113900107,14756,와우공원입구,49.498455,28.611622,22.70046
113900108,14757,염리초등학교,14.528876,2.5510712,2.02402
113900109,14758,염리초등학교,13.441182,10.45,8.29103
113900110,14763,마포노인복지관,13.839356,1.1674414,0.926248
113900111,14764,공덕동주민센터,33.269344,16.415777,13.024278
113900112,14765,청암대,41.777977,5.9338493,4.7079163
113900113,14799,성서초등학교,14.966573,3.7174857,2.949453
113900114,14808,창전삼성아파트109동,33.645493,16.790812,13.32183
113900115,14809,육완순무용원,52.554996,31.461943,24.961905
113900116,14810,중부여성발전센터,12.044822,0.92238,0.73181623
113900117,14812,재화스퀘어,9.878497,7.39798,5.8695574
113900118,14814,공덕전철역,13.055906,20.550566,16.30482
113900119,14832,홍대입구역사거리,12.697043,19.291595,15.305951
113900120,14833,창전현대홈타운,14.824512,1.6750273,1.3289666
113900121,14834,삼우빌딩,22.08021,2.989127,2.3715732
113900122,14835,합정역,25.219105,13.937619,11.058107
113900123,14836,희성교회,14.553507,1.8411273,1.4607503
113900124,14837,서강유치원,69.64492,40.39046,32.04579
113900125,14838,마포전철역,14.656578,12.346967,9.796083
113900126,14839,한국컴퓨터,19.647457,8.26978,6.561244
113900127,14842,신촌연세병원.기업은행,16.574606,10.447842,8.289318
113900128,14843,공덕동성당,21.320251,7.1671176,5.686391
113900129,14844,우리은행서교동지점,22.31723,6.2436194,4.9536877
113900130,14846,홍대후문,86.37184,35.892765,28.47732
113900131,14848,대흥태영아파트,21.948591,5.1963716,4.1228013
113900132,14851,서울서부지방법원,20.217716,2.110865,1.6747603
113900133,14852,세븐일레븐,40.330708,18.168814,14.415136
113900135,14855,신석초등학교,12.633006,1.3931915,1.1053581
113900136,14856,굴다리시장,13.460743,4.5641665,3.6212096
113900137,14858,서교동주민센터,18.664759,8.644754,6.8587484
113900139,14893,샛별문방구.마포전철역,14.503932,6.408509,5.084511
113900140,14862,서교푸르지오아파트,24.346073,3.0531626,2.4223793
113900141,14864,신수현대아파트.래미안웰스트림,13.555218,8.144478,6.4618287
113900142,14865,마포세무서,16.42724,1.8902212,1.4997015
113900143,14870,도화현대1차아파트111동앞,25.760038,10.178547,8.075659
113900144,14871,홍대정문,29.556278,3.7219818,2.9530203
113900145,14873,한국출판콘텐츠센터,12.78571,3.4906857,2.76951
113900146,14874,신수세양아파트,20.382343,6.852389,5.436685
113900148,14876,서교동교회,29.30232,5.080001,4.0304728
113900149,14877,애오개역,27.73625,6.758906,5.362516
113900150,14879,레드로드입구,23.296146,4.167213,3.3062668
113900151,14881,서강수협.신수중학교,16.497383,4.984047,3.9543426
113900152,14883,숭문중고등학교후문,30.696922,11.846944,9.399365
113900153,14884,레드로드입구,25.289345,8.2322235,6.531446
113900155,14886,가든호텔.삼성프라자,20.89038,12.105304,9.604348
113900156,14887,희성교회,15.945427,7.8724046,6.245966
113900157,14889,마포프레스티지자이아파트,36.903175,8.603586,6.826085
113900158,14890,홍대정문,27.211514,7.9650264,6.3194523
113900160,14896,성서초등학교,13.549988,3.506868,2.782349
113900161,14897,마포소방서,20.870455,5.9517517,4.72212
113900162,14899,홍대정문,30.850342,8.502549,6.7459226
113900163,14900,라사라패션직업전문학교,35.429432,14.572153,11.561546
113900164,14901,사천고가앞,18.056242,3.2639792,2.589641
113900165,14905,경성중고사거리,17.821533,13.600794,10.79087
113900166,14906,서교푸르지오아파트,25.24035,5.179922,4.1097503
113900167,14907,경의선숲길공원입구,14.428003,2.3521328,1.8661822
113900168,14908,우성아파트입구,17.117718,10.648561,8.448568
113900169,14910,성미약수터,15.556419,6.8744154,5.454161
113900171,14913,경성중고후문,17.010891,6.7552433,5.35961
113900172,14914,우성아파트3동,33.828613,12.192096,9.673209
113900173,14915,하모니마트,12.887726,1.1556519,0.9168942
113900174,14916,성모병원사거리,16.23578,3.932569,3.1201003
113900175,14917,코오롱아파트사거리,15.836635,1.8896666,1.4992615
113900176,14920,중동초등학교,21.356937,7.6009674,6.0306077
113900177,14921,신한은행서교동금융센터점,13.154703,6.060608,4.8084865
113900178,14922,경성중고.홍익디자인고,18.11144,6.322187,5.016023
113900179,14923,망원파출소.롯데장학관,13.3702545,3.779353,2.9985385
113900180,14924,대우미래사랑아파트,16.51745,6.7940598,5.390407
113900181,14925,효성약국,15.991068,3.727565,2.9574502
113900182,14927,성산시영아파트,15.274537,5.558653,4.4102354
113900183,14928,한국해양전략연구소,15.51972,3.6594193,2.9033833
113900184,14930,망원유수지.마포구민체육센터,11.923964,1.235121,0.979945
113900185,14932,서교동주민센터,19.259954,9.635728,7.644986
113900186,14933,창전삼성아파트,17.914467,15.413974,12.229447
113900187,14936,새화빌딩,13.564602,1.4276273,1.1326796
113900188,14937,신촌이랜드청년주택,15.613649,2.493588,1.9784127
113900189,14934,임오빌딩,16.257088,5.750048,4.5620885
113900190,14941,우리은행서교동지점,22.702608,4.924116,3.9067938
113900191,14942,서강쌍용아파트.광흥창역,22.173462,1.1070803,0.8783576
113900192,14943,동교로사거리,13.064796,2.847636,2.2593143
113900193,14944,동교초등학교,11.315088,2.2860067,1.8137177
113900194,14946,망원전철역,16.868511,2.5642917,2.034509
113900195,14947,서교동주민센터,17.697155,2.3952305,1.9003758
113900196,14948,서강초등학교,30.614025,19.126232,15.174753
113900197,14950,신부파스카아파트,13.427058,7.9864264,6.3364305
113900198,14951,KBS미디어센터,17.820627,10.391674,8.244754
113900199,14952,구)망원우체국사거리,13.615127,3.2229323,2.5570743
113900200,14953,홍대후문,26.09024,15.974674,12.674307
113900201,14954,대상아파트,12.635566,10.961518,8.696868
113900202,14957,상수역,19.556414,2.898087,2.2993422
113900203,14958,동원데자뷰아파트,9.91368,3.0413864,2.413036
113900204,14959,망원동사거리,13.280171,2.0057633,1.5913726
113900205,14960,레드로드입구,14.9705305,2.1648958,1.7176284
113900206,14964,합정동,18.588055,3.5743346,2.8358772
113900207,14965,마포새빛문화숲,13.659545,1.8075789,1.4341332
113900208,14966,서일빌딩,15.320619,1.5139911,1.2012005
113900209,14968,성우맨션,19.047363,4.4041004,3.494213
113900210,14971,월드컵경기장역,12.776467,11.28164,8.950853
113900211,14976,우성아파트입구,17.117718,10.648561,8.448568
113900212,14978,망원교회,14.211507,6.047914,4.798415
113900214,14983,한국영화아카데미,32.479816,12.480468,9.902003
113900215,14987,월드컵파크7단지,15.229143,3.070867,2.436426
113900216,14675,용산성당.현대홈타운,70.9135,5.046722,4.0040693
113900217,14599,만물사부동산,68.53582,22.613726,17.94173
113900218,14622,아현전철역,38.287228,5.260787,4.173908
113900219,14502,한겨레신문사,48.298058,25.285486,20.061504
113900220,14869,마포경찰서,21.975864,5.672519,4.500577
113900221,14760,아현동주민센터,18.416609,10.945822,8.684415
113900222,14753,공덕전철역,20.324654,2.160226,1.7139235
113900223,14608,도화현대1차아파트단지내,54.484814,13.34104,10.584781
113900224,14902,S마트,19.079208,5.792106,4.595457
113900225,14548,대흥역,18.853395,2.3567612,1.8698545
113900226,14866,대흥역사거리,18.387777,4.9718814,3.9446907
113900227,14849,동도중학교.서울디지인고등학교,16.266136,1.9282247,1.5298535
113900229,14898,이대전철역,58.968056,6.48955,5.148809
113900230,14989,신촌역,23.434855,23.096409,18.32469
113900231,14559,신수동성당.신수동주민센터,16.866165,6.1584215,4.8860917
113900232,14582,마포세무서,15.62255,3.3227472,2.6362677
113900233,14882,신수동성당.신수동주민센터,20.13646,8.425096,6.684471
113900234,14888,광흥창역.서강동주민센터,11.061601,3.9307451,3.1186533
113900235,14748,이랜드,17.080542,4.339755,3.4431615
113900236,14988,창전삼성아파트110동,54.163166,27.33528,21.68781
113900237,14670,서강초등학교,25.806194,17.32321,13.744235
113900238,14761,우리은행서교동지점,19.752562,3.0558074,2.4244776
113900239,14845,서교동주민센터.마포신문사,20.544413,8.668155,6.877314
113900240,14853,동교로사거리,15.020677,5.215371,4.1378756
113900241,14872,동교로사거리,15.124773,1.1507725,0.9130229
113900242,14880,서교동주민센터.마포신문사,12.382199,11.610068,9.211428
113900243,14940,성산초등학교,12.017104,2.8044863,2.2250793
113900244,14984,서교동교회,29.401436,6.2185426,4.9337916
113900245,14511,동교로사거리,12.644096,4.8540273,3.8511853
113900246,14558,경의선책거리.산울림소극장,29.49662,5.959358,4.7281547
113900247,14591,신촌역,22.553188,8.651163,6.863833
113900248,14863,홍대입구역,20.149012,19.692415,15.623962
113900249,14979,신촌역,20.243324,6.0225296,4.778275
113900250,14754,남경장,14.614437,1.2753457,1.0118592
113900251,14534,성원아파트,10.531844,3.4102337,2.7056794
113900252,14549,동교초등학교,12.340932,1.245691,0.9883312
113900253,14562,망원동사거리,13.783506,1.3845167,1.0984756
113900254,14572,망원시장,12.467834,2.3730154,1.8827504
113900255,14590,화평교회,15.194577,4.212165,3.3419318
113900256,14659,마포한강아이파크아파트,11.649765,3.1315649,2.4845836
113900257,14919,마포한강아이파크아파트,13.586999,0.35867456,0.2845724
113900258,14926,화평교회,15.922821,1.3100804,1.0394179
113900259,14977,망원교회,13.673003,2.8101208,2.22955
113900260,14492,마포16번종점,13.306562,6.7072716,5.3215494
113900261,14961,마포16번종점,13.306562,6.7072716,5.3215494
113900262,14555,성원아파트,10.531844,3.4102337,2.7056794
113900263,14956,망원동월드컵시장,12.467834,2.3730154,1.8827504
113900264,14963,동교초등학교,12.340932,1.245691,0.9883312
113900265,14575,경성중고.홍익디자인고,17.690224,4.459092,3.5378437
113900266,14716,사천고가앞,19.032759,2.346727,1.8618932
113900267,14537,청원빌딩,10.618312,3.3116677,2.6274772
113900268,14981,경성중고사거리,22.338554,16.008545,12.70118
113900269,14935,월드컵경기장역,13.98172,2.9934542,2.3750067
113900270,14972,마포구청.마포구청역,12.9967985,5.0995812,4.0460076
113900271,14985,성산2동주민센터,35.29653,7.024225,5.57302
113900273,14509,난지천공원.박정희대통령기념관,13.196511,8.063944,6.3979335
113900274,14521,월드컵파크3단지,14.236173,4.638562,3.6802351
113900275,14955,월드컵파크2단지,20.891907,17.71569,14.055629
113900276,14997,백합아파트,14.831371,3.3498726,2.6577888
113900277,14996,백합아파트,14.831371,3.3498726,2.6577888
113900278,14994,아현고개,57.319595,12.391122,9.831116
113900279,14993,세븐일레븐,44.237175,18.765068,14.888205
113900280,14992,기업은행.신촌연세병원,13.961856,9.308732,7.385548
113900281,14991,신촌농협.하나로마트,22.925571,12.018574,9.535537
113900282,14990,신촌역,16.66607,7.796425,6.1856837
113900283,14749,만리동고개,60.30663,6.2258143,4.9395614
113900284,14495,망원유수지.마포구민체육센터,10.350864,2.5185242,1.9981971
113900285,14496,양화진성지,16.57891,2.8971944,2.298634
113900286,14589,서부수도사업소,48.26326,24.65037,19.557602
113900287,14918,도화현대1차아파트,41.85144,14.80234,11.744176
113900288,14490,난지천공원.박정희대통령기념관,14.716364,7.5007544,5.9510984
113900289,14618,공덕역10번출구,17.880901,12.211552,9.688645
113900290,14617,공덕역10번출구,17.880901,12.211552,9.688645
113900291,14619,웨딩타운,52.538242,4.236096,3.3609185
113900292,14894,상지초등학교,12.5987625,4.474735,3.5502546
113900293,14620,상지초등학교,13.474839,8.187618,6.496056
113900294,14929,망원파출소.롯데장학관,14.411023,4.1359935,3.2814975
113900295,14982,삼진제약,35.744293,19.189772,15.225164
113900296,14491,공덕시장,15.721067,12.470135,9.893805
113900297,14493,서부면허시험장.월드컵파크8단지,13.531797,14.495894,11.501042
113900298,14962,서부면허시험장.월드컵파크8단지,12.444111,2.5603268,2.0313632
113900299,14494,창전중앙하이츠아파트,74.50974,21.893831,17.370565
113900300,14497,홍대입구역,14.529138,6.8897877,5.4663577
113900301,14498,홍대입구역,16.96251,5.8064127,4.6068077
113900302,14499,아현전철역,34.500256,3.3105328,2.626577
113900303,14500,샛별문방구.마포전철역,15.951608,6.003944,4.7635293
113900304,14501,청암대,42.493103,6.859129,5.442033
113900305,14503,동원데자뷰아파트,10.868737,4.3911114,3.4839077
113900306,14505,창전삼성아파트109동,29.947906,16.044044,12.729344
113900307,14506,홍대후문,86.37184,35.892765,28.47732
113900308,14507,신촌수정탕,23.112267,8.759568,6.9498415
113900309,14556,한강공원입구,12.015591,4.348079,3.449766
113900310,14804,창전어린이공원,42.871513,34.62047,27.46788
113900311,14805,창전어린이공원,38.766525,17.508282,13.891071
113900312,14892,아현초등학교,36.57422,7.688354,6.0999403
113900313,14742,와우산로오거리,33.475742,10.035293,7.9620013
113900314,14611,상암월드컵파크6.7단지,23.78686,21.433737,17.005527
113900315,14612,상암월드컵파크6.7단지,19.05628,16.484327,13.078665
114000001,15101,홍익병원목동관,16.033577,3.940469,3.126368
114000002,15102,금호어울림.대원칸타빌아파트,27.712027,5.4815993,4.349101
114000003,15103,목동3단지후문,28.18858,16.430075,13.035622
114000004,15104,영도초등학교,13.816047,6.806361,5.400167
114000005,15105,신목중학교.목동2단지후문,15.783902,14.655075,11.6273365
114000006,15106,목동2단지,10.206045,4.490344,3.562639
114000007,15107,목동3단지,12.307672,10.16354,8.063752
114000008,15108,목동4단지상가.목동종합운동장,9.691147,4.191934,3.3258805
114000009,15109,목동3.4단지사잇길,10.734996,5.6242847,4.4623075
114000011,15111,목동사거리,14.729699,6.9887624,5.544884
114000012,15112,영도중.강서고입구.기아양서대리점,21.752756,2.4844291,1.971146
114000013,15113,목동시장.대일고교.배광교회,32.640694,12.836473,10.184458
114000014,15114,신목중학교,18.368433,14.755752,11.707213
114000015,15115,목동스카이아파트.목동3단지,31.034296,5.5273848,4.385427
114000016,15116,금호어울림.대원칸타빌아파트,26.01792,7.6115932,6.039038
114000017,15117,신목동역2번출구,15.722882,8.992212,7.1344213
114000018,15118,신목동역1번출구,23.355286,40.76588,32.343647
114000026,15126,목동2차성원아파트,22.077566,1.4149086,1.1225885
114000027,15127,목3동주민센터.현대아이파크.실로암안과,34.928223,19.437515,15.421725
114000028,15128,등촌역6번출구.목동깨비시장,14.952169,3.169001,2.5142856
114000038,15140,월촌초등학교,15.119113,2.6458728,2.0992355
114000039,15141,월촌초등학교.우성아파트,16.868784,12.192851,9.673808
114000040,15142,목원초등학교.서울지방식품의약품안전청,14.252664,10.249147,8.131673
114000042,15144,한국전파진흥협회,12.771723,9.9115505,7.863824
114000043,15145,목동한신청구아파트,10.816267,3.8824685,3.0803504
114000044,15146,목동한신청구아파트,11.922785,5.2740984,4.1844697
114000045,15147,목동1.2단지사잇길,12.9803295,0.8630514,0.68474495
114000046,15148,월촌중학교.목동1단지,9.406236,2.379468,1.8878698
114000047,15149,양천YMCA.서울에너지공사,18.882856,11.105262,8.810914
114000048,15150,양천YMCA.서울에너지공사,15.872813,8.694425,6.8981566
114000049,15151,목동5단지C상가.목동운동장북문,14.530905,13.082742,10.379847
114000050,15152,파리공원,12.260229,1.3851359,1.0989668
114000051,15153,목동5단지B상가.목5동주민센터,12.857695,8.206286,6.5108676
114000052,15154,이대목동병원.목동6단지앞,9.694944,4.9955153,3.963442
114000053,15155,목동아파트601동앞.이대병원,13.152207,5.182645,4.1119103
114000054,15156,목동아파트5.6단지사잇길.경인초교,10.505498,10.861125,8.617216
114000055,15158,양정고등학교,14.409238,2.4696984,1.9594588
114000056,15159,목1동주민센터.양천소방서,16.120958,24.614758,19.529348
114000057,15160,목동역3번출구.홍익병원,14.731133,3.4384716,2.7280834
114000058,15161,CBS방송국,8.545286,8.986376,7.1297903
114000059,15162,목운초등학교.목운중학교,9.20846,6.188004,4.9095626
114000060,15163,목동7단지동문,8.280641,2.9366517,2.3299394
114000061,15164,목운초등학교.목운중학교,8.058315,7.6823063,6.095142
114000062,15165,목동운동장남문.아이스링크,6.6681485,14.816427,11.755353
114000063,15166,목동7단지.종로학원,10.718302,13.126531,10.41459
114000064,15167,오목교역1번출구.대학빌딩,10.52418,4.1539965,3.295781
114000065,15168,오목교역.동신한방병원,4.0987716,4.361331,3.46028
114000066,15169,갈산초등학교정문,13.142476,4.0965824,3.2502284
114000067,15170,오목교역6번출구.청학빌딩,11.444058,4.924592,3.9071715
114000068,15171,신목동새마을금고,11.224409,2.0161755,1.5996336
114000069,15172,서울출입국외국인청사거리,11.82829,9.360386,7.42653
114000070,15173,오목교역.동신한방병원,11.982901,11.116531,8.819856
114000071,15174,신목초등학교입구,11.339325,1.8912923,1.5005513
114000072,15175,목동14단지상가,10.379967,2.5624826,2.0330737
114000073,15176,현대아파트정문,9.6185465,4.522313,3.5880032
114000074,15177,현대아파트정문,13.913795,2.4236617,1.9229333
114000075,15178,삼성아파트정문,13.220682,6.3165994,5.01159
114000076,15179,현대아파트109동앞,12.862592,2.2783616,1.8076521
114000077,15180,현대아파트후문,12.067963,3.2098534,2.5466976
114000078,15181,목동14단지C상가앞,13.160163,4.89016,3.8798528
114000079,15182,목일중학교,12.982631,4.3918147,3.4844658
114000080,15183,목동13단지,10.952989,4.1816845,3.3177485
114000081,15184,목동14단지,9.952403,1.2263501,0.97298616
114000082,15185,신트리공원,14.358646,2.0161324,1.5995994
114000083,15186,목동12.13단지사잇길,16.201431,5.595445,4.439426
114000084,15187,목동12.13단지사잇길,17.197042,3.9595845,3.1415343
114000085,15188,신목초등학교입구,12.247678,0.91855025,0.72877777
114000086,15189,목동14단지관리사무소앞,12.941746,5.7469945,4.559665
114000087,15190,목동11단지,20.508419,3.574296,2.8358464
114000088,15191,목동14단지관리사무소앞,10.493015,1.7042592,1.3521593
114000089,15192,양천구청역,14.995119,6.4830937,5.143687
114000090,15193,양천공원,14.007741,5.312249,4.2147384
114000091,15194,양천구청,10.508645,3.8528008,3.056812
114000092,15195,양천구민체육센터.양천일자리센터,12.064058,3.0351155,2.4080608
114000093,15196,목동12단지,12.872594,8.610739,6.8317604
114000094,15197,갈산초등학교정문,11.5268,2.0419102,1.6200515
114000095,15198,갈산초등학교후문,14.650165,3.7529545,2.9775941
114000096,15199,갈산초등학교후문,16.191967,6.4892693,5.1485863
114000097,15200,은정초등학교,14.932853,1.6578418,1.3153317
114000098,15201,은정초등학교,14.872521,3.6546645,2.899611
114000099,15202,목동우성아파트,24.749699,2.712832,2.152361
114000100,15203,목동우성아파트입구,12.258013,7.1646137,5.684405
114000101,15204,양천아파트,20.468954,14.7416525,11.696027
114000102,15205,봉영여중.목동고,15.342162,4.099244,3.2523403
114000103,15206,봉영여중.목동고,16.22507,6.0856867,4.828384
114000104,15207,봉영여중.목동고,20.11532,3.6230445,2.8745234
114000105,15208,양천노인종합복지관,23.175598,7.1469383,5.670381
114000106,15209,양천구청역,13.960994,7.293452,5.7866244
114000107,15210,양천아파트,24.793447,8.466446,6.7172785
114000108,15211,신정네거리해누리분수광장,20.24907,6.5741305,5.215915
114000109,15212,신정네거리.신정119안전센터,24.123032,15.282224,12.124916
114000110,15213,동방아파트,17.920397,9.690808,7.688687
114000111,15214,동방아파트.신월종합사회복지관,24.548683,10.078818,7.996535
114000112,15215,신곡시장.금빛새마을금고,26.331696,7.0111985,5.5626845
114000113,15216,신곡시장.금빛새마을금고,27.833002,15.767484,12.509921
114000114,15217,신한은행신월동지점,17.733286,8.5462,6.780555
114000115,15218,신한은행신월동지점,21.95225,4.2245355,3.3517463
114000116,15219,양강중학교,34.71597,6.0767646,4.821305
114000117,15220,신월2동주민센터입구,17.077852,6.048192,4.7986355
114000118,15221,강서초등학교.신월4동주민센터,15.505244,4.3295684,3.4350798
114000119,15222,한빛종합사회복지관,20.261343,3.468702,2.7520683
114000120,15223,신월동남부주유소,21.94719,5.4897566,4.355573
114000121,15224,신월2동우체국,25.84942,6.2432256,4.9533753
114000122,15225,신트리공원앞교차로,15.292717,4.5486135,3.60887
114000123,15226,신트리아파트,23.574028,5.3859534,4.2732153
114000124,15227,정랑고개.양천벤처타운,40.23804,7.5887265,6.0208955
114000125,15228,신정학마을아파트,22.857092,8.004497,6.3507676
114000126,15229,양천고등학교,30.510546,14.873428,11.800578
114000127,15230,계남초등학교,24.555891,2.7450185,2.1778977
114000128,15231,목동아파트11단지(1117동),15.081356,2.710805,2.1507528
114000130,15233,양명초교.신서중,16.843073,6.2549706,4.9626937
114000131,15234,신트리공원.목동아파트11단지,18.27641,4.1987123,3.3312583
114000132,15235,목동10단지상가,13.834438,7.3533688,5.8341627
114000133,15236,양천문화회관.양천일자리센터,12.833923,3.2958045,2.6148913
114000134,15237,목동10단지농협,15.484308,3.375692,2.678274
114000138,15241,신서초등학교,14.082959,2.4396765,1.9356395
114000139,15242,신정1동우체국,12.966567,2.5009804,1.9842778
114000144,15247,우리은행신정동지점,15.0292015,5.1856346,4.1142826
114000145,15248,목동프라자,13.524156,9.600807,7.6172805
114000146,15249,목동10단지,16.016243,1.6748308,1.3288108
114000147,15250,신정네거리역,15.747582,3.9490085,3.1331432
114000148,15251,신정네거리역4번출구,16.106325,4.0087976,3.18058
114000149,15252,길훈로즈빌아파트,15.0969,6.1920333,4.9127593
114000150,15253,미래탐구초중학원.종로학원,16.519352,4.4209123,3.5075517
114000151,15254,목동역5번출구,11.57561,1.1291203,0.8958441
114000152,15255,목동8단지.등촌지하차도,9.725115,10.236747,8.121835
114000153,15256,양천구청.양천보건소,13.165239,5.463892,4.335052
114000154,15257,목동8단지.한전,6.3938274,1.3416617,1.0644743
114000155,15258,진명여고,9.927049,4.266974,3.3854172
114000156,15259,남부법원.검찰청교차로,9.510201,2.083202,1.6528125
114000157,15260,남부법원.검찰청교차로,9.316483,4.1382146,3.2832594
114000158,15261,오목교역7번출구.청학빌딩,12.631856,9.9609785,7.90304
114000159,15262,현대아이파크아파트,11.846615,3.4897103,2.7687361
114000160,15263,목동중학교.서울출입국.외국인청,11.729423,2.5282526,2.0059156
114000161,15264,오목교역8번출구.대학빌딩,10.844748,5.5379686,4.393824
114000162,15265,목동7단지,9.114116,4.210357,3.3404975
114000163,15266,제일은행앞,15.192392,7.0421953,5.587278
114000165,15268,서울남부지방법원.서울남부지방검찰청,9.766886,2.4189007,1.9191558
114000166,15269,목동중학교,11.066997,4.3037367,3.4145849
114000167,15270,목동역7번출구.진명여고,14.787709,3.752326,2.9770954
114000168,15271,우리은행신정동지점,11.655173,1.1649276,0.9242535
114000169,15272,목동역8번출구.목동오거리,13.75779,4.0490236,3.2124953
114000170,15273,신서고등학교.영상고등학교입구,14.180134,0.43691456,0.346648
114000171,15274,신정역(은행정).신정4동주민센터,34.649914,0.79743254,0.632683
114000174,15277,신정1동우체국,12.768599,6.9295087,5.4978724
114000176,15279,서울남부지방법원.서울남부지방검찰청,11.953822,5.865075,4.653351
114000177,15280,신정네거리역,18.602436,8.159545,6.473783
114000270,15377,신월동기점,13.998016,6.9089084,5.481528
114000178,15281,신서고등학교.영상고등학교앞,16.19029,2.2507515,1.7857463
114000179,15282,목동제일여성병원,19.94167,6.952485,5.516102
114000180,15283,신정4동경서농협,14.45139,4.448382,3.529346
114000181,15284,목동역.홍익병원,11.145499,1.3728262,1.0892004
114000182,15285,목동역.목동오거리,14.498483,1.3498038,1.0709343
114000183,15286,신서고교.영상고교입구,16.1952,4.984393,3.9546173
114000184,15287,신정역(은행정).신정4동주민센터,34.480473,2.841813,2.2546945
114000185,15288,양강중학교,39.16137,12.16953,9.655305
114000189,15292,신월문화체육센터,35.878708,7.292006,5.7854776
114000190,15293,신월동우성상가,26.6315,2.0683036,1.640992
114000191,15294,중부운수앞,34.32865,17.337854,13.755854
114000192,15295,신월문화체육센터,31.73217,7.855963,6.232921
114000193,15296,신월동우성상가,26.871883,3.8264532,3.035908
114000194,15298,서울과학수사연구소입구,16.998499,3.0787222,2.4426584
114000195,15299,신안파크아파트후문,41.8115,22.564156,17.902401
114000196,15300,신안파크아파트후문,35.27227,21.822908,17.314297
114000197,15301,서울과학수사연구소.고강동종점,47.549202,4.3853803,3.4793608
114000198,15302,신정1동주민센터.신오새마을금고,16.010262,10.246549,8.129611
114000199,15303,신정네거리역,18.206425,5.257791,4.1715317
114000200,15304,신트리아파트,23.79228,0.5003529,0.39698002
114000201,15305,정랑고개.양천벤처타운,40.25912,23.770256,18.859322
114000202,15306,서부트럭터미널.신정동일하이빌아파트,21.598164,3.7514756,2.9764206
114000203,15307,강신중학교,20.394625,3.1693382,2.5145528
114000204,15308,남명초교.신정3동주민센터,23.840384,4.100352,3.2532191
114000205,15309,금옥중.금옥여고.백암고등학교,26.291786,0.7917777,0.6281964
114000206,15310,양강중학교,39.6236,5.097938,4.0447044
114000207,15311,양강중학교,34.493183,1.7239913,1.3678147
114000208,15312,신월2동주민센터입구.경창전통시장,17.966105,7.6409335,6.0623164
114000209,15313,강서초등학교.신월4동주민센터,16.85102,3.040587,2.4124017
114000210,15314,한빛종합사회복지관,21.518372,2.1580832,1.7122232
114000211,15315,서울과학수사연구소입구,22.485014,19.672554,15.608205
114000212,15316,서부트럭터미널.신정동일하이빌아파트,23.489338,2.500776,1.9841158
114000213,15317,신정현대아파트.서부트럭터미널,26.541523,22.67289,17.98867
114000214,15318,넓은들공원,26.93655,7.954583,6.3111663
114000215,15319,넓은들공원,25.317923,6.2860117,4.987322
114000216,15320,신정현대아파트,28.969315,14.821567,11.759431
114000217,15321,신정숲속마을아파트,37.78657,6.2758813,4.9792843
114000218,15322,신정숲속마을아파트.댓골마을입구,36.223396,13.139346,10.424757
114000219,15323,양천중앙도서관.푸른마을2단지,37.64602,19.94511,15.824451
114000220,15324,양천중앙도서관.푸른마을2단지,34.1306,11.7954,9.35847
114000221,15325,신월시영아파트.강월초등학교,47.40773,27.220978,21.597124
114000222,15326,신월시영아파트.강월초등학교,39.759705,11.644326,9.238608
114000223,15327,강월초교입구사거리,26.624348,2.9949148,2.3761654
114000224,15328,강월초교입구사거리,25.60261,6.176117,4.900131
114000225,15329,금실어린이공원,28.572948,4.6330905,3.675894
114000226,15330,금실어린이공원,27.880909,10.411696,8.26064
114000227,15331,강신중학교,19.51909,3.3420126,2.6515527
114000228,15332,양서중학교,23.09753,11.72508,9.302678
114000229,15333,신월1동주민센터.신월보건지소,26.622189,3.324034,2.6372886
114000230,15334,신월3동주민센터.신월3동우체국,22.15609,12.269163,9.734354
114000231,15335,서부여성발전센터,18.707222,3.027949,2.402375
114000232,15336,가로공원공영주차장.신영시장,16.576736,4.0124445,3.1834733
114000233,15337,신월사거리.국민은행신월동지점,18.38658,4.286128,3.400614
114000234,15338,서서울호수공원,21.15476,7.97813,6.3298483
114000235,15339,서서울호수공원,23.281761,4.8100686,3.8163085
114000236,15340,하나은행신월동지점,15.070743,0.44173557,0.350473
114000237,15341,가로공원공영주차장,16.03535,1.6196253,1.2850107
114000238,15342,양원초교.광영여고,28.83396,11.509116,9.131332
114000239,15343,국민은행신월동지점,16.268383,7.3698173,5.847213
114000240,15344,메디힐병원.서울금융고등학교,25.869465,2.5573497,2.0290012
114000241,15345,신화중학교,25.326107,2.05165,1.6277791
114000242,15346,신월5동주민센터.신월중학교,21.150312,3.9371924,3.1237686
114000243,15347,신월5동주민센터.신월중학교,21.403603,3.7575562,2.9812453
114000244,15348,신월중학교입구,24.245121,6.7989078,5.3942533
114000245,15349,신월중학교입구,23.971888,2.4576352,1.9498876
114000246,15350,광영고.신동아파밀리에아파트,26.383072,3.7929509,3.0093272
114000247,15351,서울금융고등학교,29.972893,6.05842,4.806751
114000248,15352,신화중학교,20.851345,4.497634,3.5684228
114000249,15353,경창빌딩,26.224207,7.688823,6.100312
114000250,15354,신월시영아파트중문,34.204704,12.518999,9.932574
114000251,15355,신월시영아파트중문,34.204704,12.518999,9.932574
114000252,15356,목원초등학교.서울지방식품의약품안전청,17.44052,28.355528,22.497276
114000253,15357,양천노인종합복지관,24.271807,6.8777676,5.456821
114000254,15359,양명초등학교,18.044575,10.92429,8.667332
114000255,15360,신목동역.서울지방식품의약품안전청,15.257435,21.118067,16.755074
114000256,15361,목동파라곤,10.007624,3.4446542,2.7329886
114000257,15362,신정현대아파트.서부트럭터미널,23.595306,9.126198,7.240725
114000258,15363,대일관광고.푸른마을3단지,25.367094,1.9381409,1.5377209
114000259,15364,대일관광고.푸른마을3단지,26.339718,2.6970754,2.1398597
114000260,15365,신정현대아파트,26.284605,9.19524,7.295503
114000261,15366,신월문화체육센터,24.244228,10.491557,8.324001
114000262,15367,목동아파트1102동앞,23.851465,5.891797,4.6745515
114000263,15368,트럭터미널주유소앞,23.643688,1.7248731,1.3685143
114000264,15369,목동아파트1434동앞,10.794246,4.2929883,3.4060571
114000265,15371,신월동기점,9.584903,4.868289,3.8625004
114000267,15373,양천공영차고지,28.624397,0.8207791,0.65120614
114000268,15374,서울과학수사연구소.고강동종점,48.705936,10.033774,7.960797
114000271,15378,양천공영차고지,28.535543,1.6929442,1.3431818
114000283,15399,푸른마을1단지아파트,29.610388,19.979177,15.851479
114000285,15402,중부운수앞,28.813108,19.044266,15.109721
114000288,15405,서남병원.이든채아파트,28.108593,5.953047,4.7231474
114000289,15408,신정교입구,13.761594,8.528535,6.7665396
114000292,15411,신월청소년문화센터,24.66434,4.5291476,3.593426
114000293,15412,계남초등학교,27.6048,13.603685,10.793163
114000294,15413,신목동역.서울지방식품의약품안전청,12.269076,19.795366,15.705645
114000368,15691,목동역,10.060769,3.087034,2.4492528
114000369,15692,목동역,9.620908,1.2521857,0.9934841
114000370,15693,갈산초등학교,11.738104,6.4574313,5.123326
114000371,15694,갈산초등학교,12.973646,5.2876797,4.195245
114000372,15695,화곡입구,24.12325,6.223122,4.937425
114000373,15696,화곡입구,24.849726,3.3489883,2.6570873
114000377,15700,국립과학수사연구소,17.852905,4.6665516,3.702442
114000379,15702,서부트럭터미널,20.51181,11.0911,8.799679
114000380,15703,대일고등학교,27.111345,10.259388,8.139798
114000395,15718,양천공영차고지,28.624397,0.8207791,0.65120614
114000396,15119,경서농협,15.443193,2.4493864,1.9433432
114000401,15996,신월사거리,22.905474,7.067085,5.607025
114000402,15414,신월6차보람아파트,16.626444,4.2322893,3.3578985
114000403,15415,신월6차보람아파트,18.18365,3.217579,2.5528271
114000404,15380,신정이펜하우스3단지,40.462257,7.5533576,5.9928336
114000405,15416,신정이펜하우스2단지,39.681026,3.1930175,2.53334
114000408,15806,오목교역,11.444058,4.924592,3.9071715
114000409,15801,오목교역,11.692445,7.886024,6.2567716
114000411,15909,목동현대백화점,7.906369,5.782137,4.5875473
114000423,15419,이펜하우스1단지.어르신요양센터,43.220253,22.602905,17.933146
114000424,15423,신정이펜하우스5단지.서남병원,33.101555,7.4727054,5.9288445
114000425,15421,신정이펜하우스3.4단지,41.943073,14.7143135,11.674336
114000426,15232,신정1동주민센터.신오새마을금고,19.929695,3.3925812,2.6916738
114000427,15238,목동13단지,10.4963255,4.2342386,3.3594449
114000428,15157,오목교역3번출구,9.069612,15.260057,12.107329
114000429,15239,목동13단지,16.82336,16.76936,13.30481
114000430,15420,양천어르신요양센터,43.07652,24.591175,19.51064
114000431,15418,신정이펜하우스1단지아파트,40.12954,5.259836,4.173154
114000432,15358,양서중학교,24.933804,11.655054,9.24712
114000434,15143,용왕산,17.118204,28.942633,22.963085
114000435,15639,신정이펜하우스1단지.새금성교회,39.580566,4.041526,3.2065468
114000438,15370,목동아파트1216동앞,19.051685,0.97614795,0.7744758
114000439,15372,목동아파트1218동앞,12.002477,8.849354,7.021077
114000440,15994,신원중학교,32.25749,8.728363,6.925083
114900001,15509,우신웨스트빌.목동보건지소,23.001266,4.5111833,3.5791728
114900002,15508,한성교회.금옥여고.백암고,23.347933,5.1862955,4.1148067
114900003,15507,목동문화체육센터.건영아파트,31.12195,11.389223,9.03621
114900004,15506,신정현대아파트.서부트럭터미널,30.202013,10.913456,8.658735
114900005,15505,팔복부동산.목동교회,25.3412,4.605669,3.6541378
114900006,15504,동일하이빌아파트,25.383236,3.547745,2.8147807
114900007,15500,푸른마을아파트3단지,28.045967,1.520853,1.2066448
114900008,15545,신서초교,15.535353,1.7395817,1.3801842
114900010,15540,오목교역.대학학원,11.046893,7.7898693,6.1804824
114900011,15539,목동10단지,14.053265,5.00084,3.9676666
114900013,15536,신정1동주민센터,19.257584,0.696887,0.55291015
114900018,15526,학마을2단지아파트,22.718649,4.013179,3.1840563
114900020,15524,한신청구아파트,13.770487,1.4959922,1.1869202
114900022,15522,학마을2단지아파트,24.082064,9.26949,7.3544135
114900025,15518,농협.영도초등학교,13.803152,4.0813375,3.2381332
114900026,15516,목동센트럴1단지,20.528399,6.127694,4.8617125
114900029,15513,목동센트럴2단지,22.186153,9.194236,7.294707
114900030,15512,성원.극동아파트,8.982398,15.240306,12.091659
114900031,15511,벽산.대주아파트,31.322023,11.711846,9.292179
114900032,15510,대림.수정아파트,34.929768,3.7522762,2.977056
114900034,15553,한신청구아파트정문,12.434184,6.5269804,5.1785064
114900035,15554,목동8단지.목동성당,10.199856,6.416663,5.0909805
114900036,15556,목동3.4단지사잇길,8.854322,4.056098,3.2181082
114900039,15564,성원.극동아파트,8.982398,15.240306,12.091659
114900040,15565,목동9단지B상가,13.95899,4.3217406,3.428869
114900041,15566,현대아파트.월드메르디앙아파트,19.535429,8.881212,7.0463533
114900042,15568,우신웨스트빌.목동보건지소,23.163874,8.320867,6.6017756
114900044,15579,거산아파트,23.691015,3.187287,2.5287936
114900047,15574,목2동주민센터,14.958961,6.893551,5.469343
114900048,15582,신곡시장,17.793667,1.5155364,1.2024266
114900049,15585,목동센트럴2단지.이마트24,21.938042,3.707484,2.9415178
114900050,15586,벽산.대주아파트,25.24502,12.831214,10.1802845
114900051,15587,대림.수정아파트,35.124344,5.9876056,4.7505665
114900052,15588,한성교회.백암고,28.028261,14.934719,11.849206
114900053,15589,금옥여고.대우미래사랑아파트,21.853125,13.1252,10.413534
114900054,15591,동일하이빌아파트,23.87045,6.492655,5.1512723
114900057,15600,신은초등학교,33.53592,3.4104261,2.705832
114900058,15638,양천어르신요양센터,43.220253,22.602905,17.933146
114900059,15547,서울남부지법,16.013552,7.7701116,6.1648064
114900063,15561,용왕산입구,14.983601,5.853924,4.644503
114900064,15570,목동문화체육센터.건영아파트,31.607086,7.0670133,5.6069684
114900065,15572,팔복부동산.목동교회,25.3412,4.605669,3.6541378
114900067,15576,양동중학교,27.629091,9.789299,7.76683
114900068,15584,목동센트럴1단지,19.952908,3.829075,3.0379882
114900069,15567,목동프라자,16.777603,1.8095138,1.4356683
114900070,15593,현대아파트.월드메르디앙아파트,16.022388,8.51069,6.7523813
114900072,15614,신은초등학교,32.922348,3.159474,2.5067265
114900073,15637,이펜하우스3.4단지,42.96569,11.8050995,9.366166
114900074,15577,수명산입구,34.209694,23.157171,18.3729
114900075,15599,서남병원,35.28594,11.665628,9.255509
114900076,15635,서남병원,35.28594,11.665628,9.255509
114900080,15503,목2동주민센터,16.267944,4.978514,3.9499533
114900082,15501,강서보건소.9호선등촌역,23.743948,5.3126383,4.2150474
114900083,15594,롯데캐슬아파트.목3동시장,22.42501,5.6294394,4.4663973
114900090,15542,목동프라자,16.777603,1.8095138,1.4356683
114900091,15571,신정1동주민센터,16.37004,6.514442,5.168558
114900097,15596,신정이펜하우스1단지,41.160347,6.2095237,4.926636
114900098,15995,거산아파트,25.03626,7.2347274,5.7400327
114900099,15992,강서양천교육지원청,30.607082,9.105662,7.224433
115000001,16001,염창역.서울도시가스,15.225114,1.9441198,1.5424646
115000002,16002,염창역.서울도시가스,15.255339,0.8164175,0.6477456
115000003,16003,등촌역.강서보건소,23.685839,5.2132444,4.136188
115000004,16004,등촌역.강서보건소,28.24319,9.425266,7.478006
115000005,16005,등촌중학교.백석초등학교,21.885885,3.192227,2.5327127
115000006,16006,등촌중학교.백석초등학교,20.058403,4.7241282,3.7481234
115000007,16103,백석초등학교.한국임업진흥원,24.632345,7.5254107,5.970661
115000008,16104,등촌중학교.한국임업진흥원,20.08072,2.7169304,2.1556125
115000009,16105,강서대학교.강서LG베스트샵,20.004425,3.2982092,2.616799
115000010,16106,하이웨이주유소.강서대학교,20.083965,10.70866,8.496251
115000013,16109,강서송도병원,20.479216,11.452088,9.086087
115000015,16111,발산역4번출구,10.833015,6.817382,5.4089108
115000016,16112,발산역5번출구,13.012861,8.079385,6.410184
115000019,16115,공항중학교.송정역,12.948639,9.685542,7.684509
115000020,16116,송정역4번출구,16.415024,3.3784282,2.680445
115000021,16117,송정역,14.855979,4.9558797,3.931995
115000022,16118,공항시장,14.798299,5.812656,4.611761
115000023,16119,공항시장,16.58052,3.0941758,2.454919
115000024,16120,공항시장역3번출구,14.135067,6.5815988,5.2218404
115000025,16121,공항시장역.공항성산교회,16.410826,2.3462837,1.8615415
115000026,16122,방화주유소,17.369444,6.9941683,5.549173
115000027,16123,방화2동청성아파트앞,12.641126,4.155248,3.296774
115000028,16124,방신전통시장입구,19.278383,3.271478,2.5955906
115000029,16125,마곡우촌아파트,19.04335,7.7851663,6.176751
115000030,16126,방신전통시장정문.방화사거리,16.882233,5.1009855,4.047122
115000031,16127,방신전통시장정문.방화사거리,16.882233,5.1009855,4.047122
115000032,16128,한서고등학교.보람아파트,15.630702,4.6622305,3.6990137
115000033,16129,한서고등학교.보람아파트,17.431759,5.421079,4.301084
115000034,16130,방화역2번출구,20.385225,4.724819,3.7486715
115000035,16131,방화역3번출구,20.22603,5.9868875,4.7499967
115000036,16132,방화3동주민센터.국립국어원,19.650316,3.2026792,2.5410056
115000037,16133,방화7단지.국립국어원,21.00684,9.883391,7.841483
115000038,16134,가양역4번출구.가양8단지아파트,12.195658,5.5043287,4.367134
115000039,16135,가양역7번출구.마포중고교,13.783883,16.487694,13.081337
115000040,16136,가양역8번출구.마포중고교,11.249273,3.5086262,2.783744
115000041,16137,경복비즈니스고등학교,12.720252,3.4659564,2.7498899
115000042,16138,경복비즈니스고등학교,13.360479,4.4441648,3.5260003
115000043,16139,강서구청.한국건강관리협회,17.213173,10.1134,8.023972
115000044,16140,강서구청.한국건강관리협회,16.951065,7.6097317,6.0375614
115000045,16141,우장초등학교,19.95642,2.369406,1.8798866
115000046,16142,우장초등학교,19.022629,6.270277,4.974838
115000047,16143,한국폴리텍1.서울강서대학교,19.858253,3.3708935,2.6744668
115000048,16144,한국폴리텍1.서울강서대학교,27.78297,14.181503,11.251604
115000049,16145,화곡본동시장,28.8301,9.521416,7.5542912
115000050,16146,화곡본동시장,24.37111,1.6480013,1.3075242
115000051,16147,화곡역6번출구,19.64145,13.303243,10.554793
115000052,16148,화곡역7번출구B,17.381117,3.2309034,2.5633988
115000053,16149,강서구청소년상담복지센터,17.427887,5.8120065,4.611246
115000054,16150,화곡푸르지오,18.61809,2.6824765,2.1282768
115000055,16151,외발산신광명마을,16.416115,2.9567785,2.3459082
115000056,16152,외발산신광명마을,16.2782,5.3739347,4.2636795
115000057,16153,강서면허시험장.메이필드호텔,11.983787,1.9797894,1.5707649
115000058,16154,강서면허시험장.메이필드호텔,20.817905,14.275677,11.326322
115000059,16155,강서농수산물도매시장,12.316961,1.9707828,1.563619
115000061,16158,공항동송정중학교,10.130628,7.2902675,5.784098
115000062,16159,공항동송정중학교,12.601395,6.9305186,5.4986734
115000063,16160,국립항공박물관.공항동천주교회,8.801883,2.8775792,2.2830715
115000064,16161,국립항공박물관.공항동천주교회,10.620095,6.326973,5.01982
115000065,16162,공항동지하도입구,12.659647,5.6762047,4.503501
115000066,16493,방화중학교,8.178066,1.688646,1.3397716
115000067,16164,방화중학교,8.358506,2.709333,2.1495848
115000068,16165,서울방화초등학교,5.1162863,6.982709,5.540081
115000069,16166,방화동도시개발11단지,9.745557,4.51731,3.584034
115000070,16167,개화119안전센터,11.766431,3.2936373,2.6131718
115000071,16168,개화119안전센터,10.978933,1.1626132,0.9224173
115000072,16169,개화역1번출구.개화검문소,10.835574,6.6414857,5.2693543
115000073,16170,개화역1번출구.개화검문소,8.290032,2.2933261,1.8195249
115000074,16171,부석마을.상사마을입구,11.422255,4.2738767,3.3908935
115000075,16172,부석마을.상사마을입구,11.338016,2.5603042,2.0313454
115000076,16173,영일고등학교.강서도서관,17.13615,2.902433,2.3027902
115000077,16174,아이파크아파트.백석중학교.실로암안과,28.850462,13.656931,10.835409
115000078,16175,등촌2동주민센터.등촌동대림아파트,25.658873,8.713355,6.913176
115000079,16176,대일고교.임광아파트.배광교회,27.765427,17.937569,14.231667
115000080,16177,용문사.시립화곡청소년센터,21.370064,1.0850422,0.8608725
115000081,16178,목동사거리,14.300924,5.03116,3.991722
115000082,16179,목동사거리,13.016837,2.3820121,1.8898884
115000083,16180,화곡동남부시장,17.31653,2.8320348,2.2469363
115000084,16181,성석교회,18.655527,3.1675594,2.5131416
115000085,16182,서울신정초등학교,15.833032,1.2449421,0.98773706
115000086,16183,서울신정초등학교,20.394669,4.4670205,3.5441341
115000087,16184,화곡8동주민센터,16.643904,2.9812,2.3652842
115000088,16185,화곡8동주민센터.까치산시장,16.963259,2.6612227,2.111414
115000089,16186,KT강서지사,11.745418,2.6198401,2.0785813
115000090,16187,KT강서지사,12.646743,4.426492,3.511979
115000091,16188,화곡동유림아파트,25.263521,6.388352,5.068518
115000092,16189,화곡동유림아파트,27.15821,4.0744753,3.232689
115000093,16190,황외과앞,13.244222,3.1840982,2.5262637
115000094,16191,까치산역2번출구,20.935112,10.960182,8.695808
115000095,16192,까치산역4번출구,19.828382,11.173501,8.865056
115000096,16193,화곡동백구사,30.804096,8.236484,6.5348263
115000097,16194,화곡동백구사,24.679401,5.0011115,3.967882
115000098,16195,화곡대림아파트,18.18179,2.096495,1.663359
115000099,16196,화곡동대림아파트.화곡중앙시장,18.524805,6.616184,5.2492805
115000100,16197,강서문화원.강서K병원,20.164663,2.9359083,2.3293495
115000101,16198,강서문화원.강서K병원,18.100311,6.550831,5.197429
115000102,16199,강서문화원.강서K병원,17.210552,4.292579,3.4057322
115000103,16200,강서문화원.강서K병원,16.355927,5.3112125,4.2139163
115000105,16202,화원중학교,27.697916,6.702183,5.317512
115000106,16203,신월초등학교,22.760183,5.943879,4.7158737
115000107,16204,신월초등학교,22.92458,4.9252844,3.9077206
115000108,16205,화곡역5번출구,30.629822,0.90107,0.7149089
115000109,16206,화곡역4번출구,31.029263,3.3294637,2.6415966
115000110,16207,화곡역1번출구,26.433153,21.265268,16.871864
115000111,16208,화곡역8번출구,29.677475,12.056586,9.565696
115000112,16209,대원시장,29.421764,13.930846,11.052733
115000113,16210,대원시장,21.482504,1.7806427,1.4127619
115000114,16211,화곡중고등학교,23.58169,4.873026,3.8662589
115000116,16213,우장산역1번출구,27.516603,6.3437915,5.033164
115000117,16214,우장산역4번출구,29.062078,7.019623,5.569369
115000118,16215,명덕고등학교.서울스타병원,15.499318,0.8229959,0.65296495
115000119,16216,명덕고등학교.서울스타병원,15.499318,0.8229959,0.65296495
115000120,16217,발산역.우장산힐스테이트,12.478283,1.1664485,0.9254602
115000121,16218,발산역.우장산힐스테이트,14.526352,11.1425905,8.840531
115000122,16219,발산역2번출구,9.447127,8.688408,6.8933825
115000123,16220,발산역3번출구,22.092257,21.368574,16.953827
115000124,16221,서울호서전문학교.등촌주공3단지아파트,9.850841,4.293066,3.4061189
115000125,16222,서울호서전문학교.등촌주공3단지아파트,10.381329,2.9343035,2.3280764
115000126,16223,서울강서우체국,10.784573,11.102154,8.808449
115000127,16224,서울강서우체국,8.809493,4.742375,3.7626004
115000128,16225,양천향교역.휴먼빌아파트,15.812349,11.495347,9.120408
115000129,16226,양천향교입구,17.643139,4.985591,3.955568
115000130,16227,가양한강타운아파트,18.658003,5.014606,3.9785883
115000131,16228,가양한강타운아파트,17.164846,7.162903,5.6830473
115000132,16229,가양2단지성지아파트.동양고등학교,14.35782,2.8216238,2.2386763
115000133,16230,가양2단지성지아파트.동양고등학교,13.540894,0.7969208,0.63227695
115000134,16231,한보구암마을아파트,18.718775,6.3952374,5.0739813
115000135,16232,가양동천주교영등포공업고등학교,16.254004,9.67792,7.6784625
115000136,16233,서울서진학교.우체국앞.허준박물관,13.008739,6.8922997,5.4683504
115000137,16234,탑산초등학교.허준박물관,12.881504,7.0139303,5.564852
115000138,16235,가양4단지아파트,17.422407,10.532315,8.3563385
115000139,16236,대림경동아파트,14.815706,9.537641,7.567164
115000140,16237,가양5단지아파트,15.08708,1.8983577,1.506157
115000141,16238,가양2동강변아파트,14.283359,0.8291867,0.65787673
115000142,16239,가양6단지아파트,17.283121,2.198392,1.7442042
115000143,16240,가양초등학교,11.194925,2.8114598,2.2306123
115000144,16241,강서구청별관,13.208791,6.82361,5.4138517
115000145,16242,가양3동주민센터,12.490704,4.1274757,3.2747393
115000146,16243,가양9단지아파트,12.884829,6.7302585,5.339787
115000147,16244,가양9단지아파트.세현고등학교,10.922406,6.054272,4.803459
115000148,16245,염창동아3차아파트.나이아가라호텔,16.396015,14.81665,11.75553
115000149,16246,염창동아3차아파트,17.361242,3.5513794,2.8176644
115000150,16247,염창동새마을금고,15.133133,7.632178,6.05537
115000151,16248,염창동새마을금고,15.565262,4.286674,3.401047
115000152,16249,염창동한마음.관음삼성아파트,17.967558,10.391829,8.244877
115000153,16250,염창동관음삼성아파트,21.157614,10.807935,8.575015
115000154,16251,태영.삼성한사랑아파트,11.487917,11.850785,9.402412
115000155,16252,금호.한솔아파트,13.546772,2.879939,2.2849436
115000156,16253,블루나인비지니스센터,11.364324,4.022087,3.1911237
115000157,16254,블루나인비지니스센터,10.925069,2.8215182,2.2385926
115000158,16255,증미역1번출구.강서소방서,10.398686,15.004789,11.9048
115000159,16256,증미역3번출구.강서소방서,15.692144,6.172985,4.8976464
115000160,16257,가양역6번출구.현대프린스텔,15.389299,18.368628,14.573669
115000161,16258,가양역5번출구.현대아파트,23.607307,22.471643,17.829002
115000162,16259,가양역9번출구.우성아파트,9.589363,1.4148262,1.1225231
115000163,16260,가양역1번출구.우성아파트,12.172466,5.5283985,4.3862314
115000164,16261,SBS공개홀,16.008085,4.4642158,3.5419087
115000165,16262,SBS공개홀,11.190777,10.126243,8.034162
115000167,16264,서울서진학교,13.051012,9.2607565,7.347484
115000168,16265,등촌동대림아파트,11.772906,14.978517,11.883955
115000169,16266,강서한강자이아파트,9.707316,5.6233997,4.461605
115000170,16267,가양동문화공원,11.551921,3.095543,2.4560037
115000171,16268,가양동문화공원,11.512925,5.4978056,4.361959
115000172,16269,양천향교역1번출구.양천초교,12.441649,9.280237,7.36294
115000173,16270,양천향교역8번출구.양천초교,10.903639,8.775826,6.9627404
115000174,16271,겸재정선미술관.서울식물원,10.41636,4.41034,3.4991636
115000175,16272,겸재정선미술관.서울식물원,9.193118,9.148602,7.2585006
115000176,16273,마곡실내배드민턴장,12.795394,5.2249465,4.1454725
115000177,16274,마곡실내배드민턴장,12.085084,3.1885738,2.5298145
115000178,16275,서남물재생센터,13.119478,0.89979964,0.71390104
115000179,16276,서남물재생센터,13.0134325,4.2101316,3.3403184
115000180,16277,서남환경공원.마곡청구아파트,15.924925,7.528944,5.973464
115000181,16278,서남환경공원.마곡청구아파트,15.097161,8.877977,7.0437875
115000182,16279,방화2단지아파트,16.129177,9.234838,7.32692
115000183,16280,방화2단지아파트,17.5021,5.672517,4.5005746
115000186,16283,방화동동부센트레빌아파트,14.444576,0.44623342,0.35404158
115000187,16284,방화동동부센트레빌아파트,14.199076,0.95073515,0.75431323
115000188,16285,한서고등학교.방화사거리,16.077065,5.400677,4.2848973
115000189,16286,한서고등학교.방화사거리,16.19106,8.652427,6.8648357
115000190,16287,개화산역2번출구,13.948554,2.827321,2.2431965
115000191,16288,개화초교.개화산역2번출구,11.732045,9.094436,7.2155256
115000194,16291,등촌3동천주교회,10.018058,9.027364,7.16231
115000195,16292,등촌3동천주교회,12.184793,10.7520485,8.530676
115000196,16293,등촌3동5단지아파트.등촌고등학교,13.339994,1.879223,1.4909755
115000197,16294,등촌3동5단지아파트.등촌고등학교,13.66054,4.602035,3.6512544
115000198,16295,등촌3동주공4단지아파트,11.216186,5.1991725,4.1250234
115000199,16296,등촌동부영아파트,12.555622,1.9780447,1.5693808
115000200,16297,등촌3동주공10단지아파트,12.092986,5.8869095,4.670674
115000201,16298,등촌3동대림아파트,10.67146,3.9007468,3.0948527
115000206,16303,서울디지털콘텐츠고등학교,19.424202,12.693676,10.071162
115000207,16304,방화1.2단지아파트,17.054667,6.2919264,4.9920144
115000208,16305,서울백영고등학교,8.161321,3.2497241,2.578331
115000209,16306,서울백영고등학교,9.790075,1.8402156,1.460027
115000210,16307,공항중학교.신성교회,9.481017,4.648081,3.6877873
115000211,16308,공항중학교.마곡엠밸리9단지,5.891264,9.114708,7.2316093
115000212,16309,양천향교역7번출구,11.667805,9.941097,7.887266
115000224,16321,방신전통시장입구,19.478817,3.9914536,3.1668193
115000225,16322,방화주유소,19.790741,7.653777,6.072507
115000229,16326,제과점앞,16.388968,2.9877868,2.3705099
115000230,16327,공항동천주교회,13.32004,6.8919306,5.4680576
115000231,16328,강서한방병원,14.651054,3.2842588,2.605731
115000232,16329,강서한방병원,14.400946,1.862101,1.4773909
115000233,16330,강서한강자이아파트,6.5510836,10.085734,8.002022
115000234,16332,강서구청별관,13.208791,6.82361,5.4138517
115000241,16339,우장산동주민센터,41.909977,23.987457,19.031649
115000242,16340,블리스빌,24.462416,7.124941,5.652928
115000243,16341,우장산투웨니퍼스트오피스텔,20.05502,4.737775,3.7589505
115000244,16342,가양7단지상가,9.63226,8.909947,7.069152
115000246,16344,등촌주공9단지,11.709514,3.6626709,2.9059632
115000247,16345,강서구민올림픽체육센터,13.159021,10.783109,8.555319
115000248,16346,등촌주공6단지,11.045753,2.2327464,1.771461
115000249,16347,등현초등학교,10.683708,3.12973,2.4831276
115000250,16348,가양7단지상가앞,11.455264,1.6818943,1.334415
115000251,16350,우장산휴먼빌아파트,26.048468,19.47214,15.449196
115000252,16351,우장산동주민센터,43.765957,10.590442,8.402456
115000253,16352,우장산아이파크이편한세상,23.917276,1.9622643,1.5568606
115000258,16361,우장산파크빌,21.182571,1.4263326,1.1316524
115000259,16364,강서힐스테이트아파트,25.272932,5.4406676,4.3166256
115000261,16366,등촌주공6단지앞,11.146363,2.6466138,2.0998235
115000262,16367,강서구민올림픽체육센터,13.321711,13.441995,10.664879
115000263,16368,등촌주공8단지상가,10.091831,2.8795884,2.2846653
115000264,16369,가양4.5단지상가앞,11.533785,5.674025,4.5017715
115000267,16373,삼정그린코아아파트,18.681223,6.007822,4.766606
115000268,16374,강서농협,19.382597,2.0406551,1.6190559
115000269,16375,강서농협,18.580313,6.556326,5.201789
115000270,16376,서울방화초등학교,6.756136,7.852046,6.229813
115000272,16378,공항동주민센터,17.504517,7.1409264,5.665611
115000273,16379,공항동성당,12.428637,4.502672,3.5724201
115000280,16389,김포공항국내선(6번홈),16.613392,14.538108,11.534535
115000281,16390,김포공항국내선(2번홈),13.752385,5.3105183,4.2133656
115000282,16391,김포공항국제선,17.179674,24.197159,19.198027
115000283,16392,김포공항국제선,11.852871,15.2370205,12.089052
115000284,16393,발산역7번출구,12.681166,3.4168043,2.7108924
115000295,16407,송정역,14.115962,2.919613,2.316421
115000296,16408,외발산동기점,17.929262,8.647626,6.8610263
115000297,16410,한국공항공사,17.15576,0.13269892,0.10528333
115000298,16411,한국공항공사,17.15576,0.13269892,0.10528333
115000300,16413,개화동상사마을종점,11.491739,8.426984,6.685969
115000302,16416,마곡수명산파크7단지,16.598875,12.264892,9.730965
115000303,16417,마곡수명산파크5단지6단지,13.442029,2.6414723,2.0957441
115000304,16418,마곡수명산파크2단지,11.494852,8.031334,6.37206
115000305,16419,마곡수명산파크2단지,9.722804,0.9049595,0.71799487
115000306,16420,마곡수명산파크3단지4단지,12.547588,5.311093,4.2138214
115000307,16421,마곡수명산파크7단지,15.187175,8.66886,6.8778734
115000308,16422,마곡역6번출구,9.487293,3.0778086,2.4419334
115000309,16423,마곡역2번출구,7.910988,2.5464914,2.0203865
115000310,16424,화곡2동주민센터,18.891071,6.7206454,5.33216
115000311,16425,화곡2동주민센터,14.263599,4.5951104,3.6457605
115000313,16427,마곡엠밸리14단지아파트,9.652554,2.014382,1.5982106
115000314,16428,마곡엠밸리15단지아파트,9.055434,2.8457212,2.257795
115000315,16429,발산역9번출구,8.746519,2.4410868,1.9367582
115000316,16430,공항동주민센터,18.292074,5.8777914,4.6634398
115000317,16431,신방화사거리,11.374155,5.7401047,4.554199
115000318,16432,신방화사거리,11.823175,8.590616,6.815795
115000319,16433,마곡우촌아파트,17.900007,6.5339828,5.184062
115000320,16434,개화역광역환승센터,15.369285,10.84374,8.603424
115000321,16435,개화역광역환승센터,11.395995,5.3272543,4.2266436
115000322,16436,방화2동청성아파트,13.936321,4.9744225,3.9467068
115000338,16913,개화동상사마을종점(가상),11.422255,4.2738767,3.3908935
115000449,16745,송정역,14.617682,6.182429,4.905139
115000520,16817,김포공항국내선(15번홈),14.902236,7.870744,6.2446485
115000537,16838,방화대교남단(가상),18.056517,9.0018015,7.142029
115000538,16839,강서면허시험장메이필트호텔,13.049829,15.390918,12.211154
115000540,16841,강서구의회,24.313457,9.691541,7.689268
115000541,16842,강서구의회,25.019701,11.554392,9.167254
115000542,16843,대일고등학교,34.65092,14.097722,11.185132
115000543,16844,목동사거리,12.649416,7.3714542,5.8485117
115000547,16848,김포공항국제선,13.514783,14.618908,11.598641
115000557,16851,염창역2번출구,17.719448,8.224537,6.525347
115000558,16849,강서면허시험장.강서농수산물시장,9.944173,13.532618,10.736778
115000562,16997,김포공항국제선,12.004838,9.507076,7.542915
115000563,16996,대한항공.메이필드호텔,9.539155,1.7305299,1.3730024
115000568,16995,대한항공,9.437126,1.6864891,1.3380604
115000571,16993,김포공항세관.국립항공박물관,14.120011,13.59513,10.786376
115000572,16992,김포공항화물청사,13.595258,0.54024243,0.42862836
115000573,16988,대한항공훈련센터,12.314066,1.4218212,1.128073
115000574,16987,대한항공화물청사,11.767046,3.4971828,2.7746649
115000575,19992,대한항공훈련센터,12.217263,6.822282,5.4127984
115000580,16983,국립항공박물관,12.723115,3.7912228,3.0079563
115000587,16855,태영송화아파트,23.062351,5.4279203,4.306512
115000588,16007,강서구청사거리.서울디지털대학교,17.956621,10.861398,8.617433
115000589,16008,강서구청사거리.서울디지털대학교,10.778996,5.9804254,4.744869
115000590,16009,KBS스포츠월드,12.246498,12.174785,9.659474
115000591,16010,KBS스포츠월드,12.317111,6.4006586,5.0782824
115000592,16011,한국가스기술공사,16.836718,2.6083734,2.0694833
115000593,16012,한국가스기술공사,15.105241,11.312619,8.975431
115000594,16013,발산역,10.833015,6.817382,5.4089108
115000600,16857,김포공항국제선,12.658914,16.436007,13.040327
115000601,16605,김포공항국내선(9번홈),16.531363,18.100428,14.36088
115000602,16781,김포공항국내선(10번홈),14.752374,16.2762,12.913536
115000603,16829,김포공항국내선(5번홈),14.280402,8.389696,6.656385
115000604,16639,화곡역7번출구A,19.400639,6.7436543,5.350415
115000606,16726,오쇠동꽃단지,9.857248,2.5419307,2.0167677
115000607,16725,오쇠동꽃단지,9.415127,1.6443229,1.3046057
115000608,16113,송정역,12.82118,4.8165555,3.8214552
115000609,16450,핑크힐병원,16.880522,4.3895597,3.4826767
115000610,16602,가양역,23.607307,22.471643,17.829002
115000611,16902,나이아가라.골든서울호텔,17.50166,8.163864,6.4772096
115000612,16895,나이아가라.골든서울호텔,17.361242,3.5513794,2.8176644
115000613,16893,염동초교.염창보람더하임아파트,17.543299,11.657236,9.248852
115000614,16891,염동초교.염창보람더하임아파트,22.016638,16.594793,13.166308
115000615,16730,증미역,11.243076,4.2547393,3.37571
115000616,16813,증미역,11.364324,4.022087,3.1911237
115000617,16451,롯데몰.김포공항역,11.236729,0.3582829,0.28426164
115000620,16612,대한항공,7.541356,10.962467,8.697621
115000621,16614,김포공항국내선(13번홈),15.038868,9.0099125,7.1484647
115000624,16453,송정중학교정문,12.296753,5.161727,4.0953145
115000626,16883,가양대교남단(가상),13.164441,17.494268,13.879952
115000627,16881,가양대교남단(가상),13.669828,9.255401,7.343235
115000633,16015,송정역,13.016049,5.406553,4.2895594
115000634,16014,송정역,15.7543335,3.9482474,3.1325395
115000635,16016,"공항중학교.마곡엠밸리9,10단지",11.629843,2.2914133,1.8180073
115000637,16412,이마트(가상),17.049482,1.4918741,1.1836529
115000638,16878,화곡역7번출구,19.400639,6.7436543,5.350415
115000639,16409,김포공항국내선(7번홈),20.242348,17.99925,14.280605
115000640,16800,강서면허시험장,7.6724405,6.696853,5.3132834
115000641,16705,마곡엠밸리4단지,6.430019,4.100588,3.2534063
115000642,16704,신방화역7번출구,14.664269,8.141284,6.459295
115000643,16703,신방화역4번출구.마곡중학교,6.765966,5.9793024,4.7439785
115000644,16702,마곡엠밸리7단지.712동,8.160601,0.8945626,0.70974594
115000646,16212,화곡중고등학교,20.300358,5.051803,4.0081005
115000647,16706,신방화역6번출구.마곡엠밸리5단지,13.273625,5.9699802,4.7365823
115000648,16707,화곡중앙골목시장,16.99231,4.3799825,3.4750783
115000893,16017,발산역,8.858196,3.0483189,2.4185362
115000894,16020,"공항중학교.마곡엠밸리9,10단지",11.260874,6.3948374,5.073664
115000895,16018,마곡역,7.001285,1.8616396,1.4770248
115000896,16019,마곡역,7.920862,2.4754663,1.9640348
115000897,16394,신방화역5번출구,9.053133,2.0584836,1.6332009
115000898,16396,마곡나루역1번출구,8.496249,3.5082765,2.7834666
115000899,16399,마곡나루역1번출구.웰튼병원,8.651981,2.0651598,1.6384978
115000900,16397,마곡역,9.69672,4.126042,3.2736015
115000901,16398,마곡역,8.47156,1.3567976,1.0764831
115000902,16990,가양대교(가상),15.111169,16.047548,12.732124
115000903,16989,가양대교(가상),17.829498,4.350891,3.451997
115000904,16944,마곡철교(가상),11.9467325,17.98061,14.265816
115000905,16942,마곡철교(가상),13.217709,4.100036,3.2529685
115000906,16938,방화대교(가상),8.506713,4.019263,3.188883
115000907,16936,방화대교(가상),10.78605,4.2191377,3.3474638
115000912,16395,마곡엠밸리6.7단지.마곡중학교,8.160043,0.8383184,0.66512185
115000913,16401,마곡엠밸리11.12단지,6.852727,2.2637784,1.7960818
115000915,16157,대한항공.메이필드호텔,9.539155,1.7305299,1.3730024
115000916,16156,영인운수.차고지,13.7649145,1.7925006,1.42217
115000917,16163,영인운수.차고지,13.41891,0.30836174,0.24465421
115000918,16609,마곡나루역,8.715876,1.2785994,1.0144408
115000919,16700,롯데R&D센터,8.56094,1.6690865,1.3242532
115000920,16608,롯데R&D센터,9.164512,2.9249802,2.3206794
115000921,16606,마곡나루역,8.181601,0.34355494,0.27257648
115000922,16022,마곡동로사거리,8.813548,1.9329506,1.5336031
115000923,16021,마곡동로사거리,8.220666,1.2992876,1.0308548
115000924,16618,대한항공.메이필드호텔,10.148393,4.7074685,3.7349055
115000925,16100,화원중학교,33.847775,13.2057905,10.477474
115000927,16263,가양4.5단지상가앞,11.6634245,5.290455,4.197447
115000928,00000,김포공항국내선(11-4번홈),12.079834,5.4541087,4.3272896
115000929,00000,김포공항국내선(12번홈),13.746873,6.50432,5.1605277
115000933,16400,마곡동로사거리,6.461901,2.1365983,1.6951772
115000934,16302,다솔마을.강서농수산물도매시장,12.2895,1.3840736,1.098124
115000935,16301,마곡13단지힐스테이트아파트,9.857972,9.358531,7.4250584
115000936,16385,마곡나루역4번출구.서울식물원,5.0299964,7.306786,5.797204
115000937,16386,마곡나루역5번출구.서울식물원,8.293675,9.851287,7.8160114
115000938,16387,마곡역4번출구,8.911364,1.1354157,0.9008388
115000939,16388,이대서울병원,8.669007,1.889671,1.499265
115000940,16102,서울식물원.식물문화센터,7.644541,2.6458771,2.0992389
115000941,16107,서울식물원.숲문화학교,5.909009,6.3394427,5.029714
115000942,16108,LG사이언스파크,7.5160904,2.650728,2.1030877
115000943,16613,LG사이언스파크,6.0878534,9.637619,7.646487
115000944,16619,서울식물원.숲문화학교,6.407217,8.118521,6.441234
115000945,16201,다운어린이공원.화곡동교회,36.580402,4.5293093,3.5935538
115000946,16024,강서세무서,5.041718,3.690824,2.9282997
115000947,16023,강서세무서,4.642762,1.762476,1.3983485
115000948,16972,김포공항역3번출구,12.532962,5.544937,4.399353
115000949,15502,염창역.골든서울호텔,17.247261,8.900458,7.061624
115000950,16801,염창역.골든서울호텔,17.124449,7.87352,6.246851
115000951,16101,가양동탑산문화공원,10.893073,3.7618017,2.9846137
115000952,00007,한강버스.마곡선착장,2.5,2.599616,2.0625353
115000953,16289,한강버스마곡선착장,12.8771715,2.434445,1.9314885
115000955,16405,김포공항국내선(4번홈),13.134403,4.501391,3.5714035
115507730,16951,김포공항국제선(1경기),11.289336,21.826344,17.317022
115507760,16934,김포공항국내선(11-3번홈),14.577616,7.649036,6.068745
115507770,16930,김포공항국내선(11-2번홈),14.577616,7.649036,6.068745
115900001,16501,명지해드는터아파트,21.424442,3.5120418,2.786454
115900002,16509,동아3차아파트,14.043086,5.731988,4.5477595
115900003,16523,등촌9단지,10.505011,3.5623136,2.8263397
115900004,16527,정곡초교,16.108318,6.7036138,5.3186474
115900005,16525,세븐일레븐강서메인점,24.276438,7.242625,5.746299
115900006,16524,염창중학교,16.754175,11.633551,9.230059
115900008,16520,공작세탁소,34.683323,23.420486,18.581814
115900009,16519,관음삼성.보람더하임아파트,16.81387,3.867607,3.0685596
115900010,16518,등촌6단지,13.988816,13.401834,10.633015
115900011,16516,강서대학교,15.623119,6.7483683,5.354155
115900012,16515,방송인아파트,33.439583,9.54346,7.5717807
115900013,16513,등촌3동성당사거리,14.278295,4.117007,3.2664332
115900014,16511,백연공원,13.930345,5.0082603,3.9735537
115900015,16510,미주아파트,28.275425,2.8938897,2.296012
115900016,16508,등명중학교,14.903976,4.2264113,3.3532348
115900017,16507,정곡초교,19.476034,2.891047,2.2937567
115900018,16506,하나마트,14.210095,3.9656415,3.14634
115900019,16505,대림아파트,15.301107,11.286135,8.954419
115900020,16503,서광아파트,12.867288,8.143987,6.461439
115900021,16502,하이웨이주유소,13.041957,5.811729,4.611026
115900022,16500,염창역1번출구.강서평생학습관,18.044306,2.087077,1.6558869
115900023,16498,생태공원,10.909986,2.7908602,2.2142684
115900025,16558,등촌강변샤르망오피스텔,9.559274,6.837048,5.4245143
115900026,16557,강서구청입구,17.566324,7.150057,5.672855
115900027,16556,금호APT,10.408215,17.64199,13.997156
115900028,16555,본동시장.새마을금고본점,25.099997,6.6866226,5.3051662
115900029,16554,강서구립봉제산어르신복지센터,46.292263,9.771744,7.7529016
115900030,16553,은창아파트,12.6395035,3.2713535,2.595492
115900031,16552,증미역2번출구,10.854796,12.2656555,9.731571
115900032,16551,한국건강관리협회,18.22381,10.80884,8.575734
115900033,16550,겸재정선미술관입구,10.694425,15.582133,12.3628645
115900034,16548,거성빌라,37.10036,9.18254,7.285427
115900035,16547,삼성아파트,12.07264,1.8758537,1.4883022
115900036,16544,볏골어린이공원,37.040283,4.816105,3.8210979
115900037,16543,본동사무소,31.063322,3.4674723,2.7510924
115900038,16542,곰달래아파트,13.922347,4.7708974,3.78523
115900039,16541,한마음아파트,26.470837,7.001565,5.555042
115900041,16538,본동시장,24.119322,6.531696,5.1822476
115900042,16537,화곡중앙하이츠빌라,15.515352,4.557175,3.6156628
115900043,16536,삼천리아파트,13.029307,4.0906825,3.2455475
115900044,16535,등촌7단지아파트,8.905775,12.760712,10.124349
115900046,16530,수정빌딩,21.651037,4.681286,3.7141323
115900047,16529,남부시장,24.253853,5.924117,4.7001944
115900049,16586,내발산복합복지센터,16.17893,5.9395046,4.712403
115900052,16583,GS화곡개나리점,30.8918,9.035556,7.16881
115900053,16581,롯데1차,12.761248,4.349224,3.4506743
115900054,16580,삼거리,49.809906,8.284987,6.5733085
115900055,16579,화곡탑건진선미아파트,27.095476,2.5792108,2.046346
115900056,16578,발산어린이집,14.216718,16.212992,12.863388
115900057,16577,겸재정선미술관입구,6.148099,11.515499,9.136397
115900058,16576,선교교회,21.744606,6.0773163,4.8217425
115900060,16574,강서구민회관,46.032654,10.677779,8.47175
115900061,16573,금호APT,10.408215,17.64199,13.997156
115900062,16572,약수터,73.12492,10.519365,8.346065
115900063,16571,까치산시장,18.642334,3.6026096,2.8583105
115900064,16570,하이웨이주유소,11.988136,0.72004,0.57127976
115900065,16569,롯데3차APT,35.944397,31.375458,24.893288
115900066,16567,화곡초교,22.878948,4.833676,3.8350384
115900067,16566,정은파크빌,72.638596,13.536853,10.740139
115900068,16565,까치산역1번출구,18.581448,4.409675,3.4986362
115900069,16564,등촌현대아파트,9.020079,10.001923,7.9355254
115900070,16563,우장산꿈에그린아파트,24.530138,8.3546295,6.628563
115900071,16562,벽산아파트,10.018114,14.343544,11.380168
115900072,16561,우체국,21.527412,5.1188993,4.0613346
115900073,16859,화곡초교,22.504267,5.594445,4.438633
115900074,16836,로미오이발클럽,58.57015,2.2852862,1.8131461
115900075,16820,발산초등학교,19.549215,9.024994,7.16043
115900076,16818,성우빌딩,23.702143,10.125679,8.033713
115900077,16814,봉제산정상,69.299706,6.329153,5.02155
115900078,16812,덕원여자고등학교.덕원예술고등학교,32.071125,7.5168686,5.9638834
115900079,16778,거성빌라,40.987675,10.868525,8.623088
115900080,16734,남부시장,24.263231,4.75116,3.7695704
115900081,16732,삼거리,50.062904,10.83559,8.596957
115900082,16729,화곡중.고등학교,29.469263,4.407159,3.49664
115900084,16727,강서구립봉제산어르신복지센터,49.135975,12.201794,9.680903
115900085,16722,LG주유소,18.226873,3.4799893,2.7610235
115900086,16718,송화벽화시장,25.684454,4.8939934,3.8828945
115900089,16637,약수터,66.648476,8.578337,6.806052
115900090,16599,정은파크빌,70.951294,14.159286,11.233977
115900091,16598,신정초교,25.330555,15.215701,12.072137
115900092,16597,태창아파트,57.61625,20.5564,16.309448
115900093,16594,강남슈퍼,45.294006,11.813676,9.372971
115900094,16593,삼거리,49.809906,8.284987,6.5733085
115900096,16589,안골공원,58.50326,21.252766,16.861944
115900097,16588,빨래터세탁소,42.062824,14.535582,11.532531
115900098,16900,SK브로드밴드강서방송,19.093004,5.097491,4.044349
115900099,16899,서울신정고등학교,21.471582,1.8382534,1.4584702
115900100,16898,마곡수명산파크7단지정문,23.981539,2.7277858,2.1642253
115900101,16897,수정빌딩,21.651037,4.681286,3.7141323
115900102,16896,한광고,37.015224,12.379873,9.822192
115900103,16894,화곡유치원,19.899336,0.5452778,0.4326234
115900104,16892,에이엔케슬,33.105927,12.632373,10.022525
115900105,16890,푸르지오APT,33.448616,6.1386123,4.8703747
115900106,16888,로미오이발클럽,56.579403,13.737779,10.899553
115900107,16887,화곡보람3차아파트,22.527508,6.348818,5.037152
115900108,16882,청송평화아파트,53.715034,6.6144414,5.2478976
115900109,16879,마곡.수명산파크3단지,10.720889,7.7367406,6.13833
115900110,16876,현대빌라,51.456467,9.537182,7.5668
115900111,16875,아람마트,39.289658,12.420733,9.85461
115900112,16873,마곡.수명산파크2단지,11.7065735,4.6344953,3.6770086
115900113,16870,성심사,45.12867,11.25305,8.928169
115900114,16869,성심사,43.647827,9.047684,7.178432
115900115,16868,새마을금고,15.520608,6.437264,5.1073256
115900116,16867,마곡수명산파크1단지앞,12.61372,6.862378,5.4446106
115900117,16864,아람마트,39.289658,12.420733,9.85461
115900118,16863,청송평화아파트,53.715034,6.6144414,5.2478976
115900119,16862,관음삼성.보람더하임아파트,22.016638,16.594793,13.166308
115900120,16861,수명산근린공원,17.208042,1.983496,1.5737057
115900121,16950,롯데1차,17.160555,5.484544,4.351437
115900124,16941,화곡중.고등학교,32.318253,4.516384,3.5832992
115900125,16937,수명산근린공원,18.196154,4.282092,3.3974116
115900126,16935,수명산파크1단지아파트앞,12.885483,6.359792,5.0458593
115900127,16933,마곡수명산파크5단지아파트,12.352784,1.8230318,1.4463934
115900128,16932,2.8공원,13.185139,8.061968,6.396365
115900129,16931,마곡수명산파크상가,11.604395,1.8960339,1.5043132
115900130,16928,기업은행,12.335149,14.415338,11.437129
115900131,16927,수명중.고등학교,10.874512,15.729174,12.4795265
115900132,16925,마곡수명산파크7단지정문,23.471708,0.30961007,0.24564461
115900134,16923,마곡수명산파크7단지상가,21.86068,14.496616,11.501616
115900135,16922,발산역3번출구,12.157528,5.4481277,4.3225446
115900137,16917,청과시장2,12.340614,0.4837926,0.38384104
115900139,16915,황제참치,16.81838,4.147551,3.290667
115900140,16914,본동사무소,31.063322,3.4674723,2.7510924
115900141,16912,화곡6동주민센터,15.489351,7.7605767,6.157242
115900142,16910,강서구청후문,14.046075,4.964444,3.9387898
115900143,16907,강서대학교,15.752564,3.2188892,2.5538666
115900144,16903,골목시장,20.150784,7.024211,5.573009
115900146,16994,강원슈퍼,17.860737,1.2676653,1.0057657
115900147,16986,등촌주공8단지,12.680841,4.9864135,3.9562204
115900148,16976,강서농수산물도매시장종점,11.609085,0.90632814,0.71908075
115900149,16971,태창아파트,60.060646,16.327654,12.954361
115900150,16970,동우아트빌,21.212145,3.906938,3.0997648
115900151,16967,등촌5단지,15.884496,6.8963747,5.471584
115900152,16965,등촌미주.진로아파트,13.401427,5.858409,4.6480618
115900153,16964,등촌10단지,10.286348,2.6293917,2.0861592
115900154,16963,등촌7단지,8.905775,12.760712,10.124349
115900155,16961,서광아파트,15.831342,12.363111,9.808892
115900156,16960,강서구청입구,17.361288,4.279477,3.3953373
115900157,16958,공영주차장,24.530138,8.3546295,6.628563
115900158,16957,방화동삼익아파트,22.885185,5.955312,4.7249446
115900159,16956,롯데3차APT,29.680769,24.914274,19.766985
115900160,16955,방화3동주민센터,22.57489,8.801419,6.983046
115900161,16954,강서구민회관,44.647026,5.3388424,4.235838
115900163,16952,발산어린이집,14.216718,16.212992,12.863388
115900164,16568,벽산아파트,9.318893,14.1649685,11.238486
115900166,16514,새마을금고,15.133133,7.632178,6.05537
115900168,16721,삼천리아파트,13.029307,4.0906825,3.2455475
115900171,16966,등촌3동성당사거리,14.564705,7.263111,5.7625523
115900172,16977,등촌동주공9단지,13.27763,9.5769415,7.5983453
115900173,16978,등촌주공9단지,12.768672,10.3075075,8.177977
115900174,16979,등촌동주공8단지,11.959733,4.834794,3.8359256
115900175,16533,화곡유치원,19.899336,0.5452778,0.4326234
115900178,16560,대영마트,65.231865,14.2954235,11.3419895
115900179,16677,대영마트,65.231865,14.2954235,11.3419895
115900180,16858,세븐일레븐강서메인점,22.562551,10.781201,8.553805
115900181,16521,골목시장,20.150784,7.024211,5.573009
115900182,16526,SK브로드밴드강서방송,16.284105,6.075155,4.820028
115900183,16918,콘티넨탈호텔,15.717837,6.8148437,5.406897
115900184,16499,NC백화점앞,10.724187,4.8953314,3.883956
115900189,16968,원당근린공원앞,11.504768,2.9832573,2.3669162
115900190,16969,발산역.NC백화점,13.367228,19.38421,15.379434
115900191,16885,마곡수명산파크3단지.4단지,12.547588,5.311093,4.2138214
115900192,16905,서울자동차학원,18.623121,4.3654356,3.4635367
115900193,16939,발산초등학교,24.058008,5.0242095,3.986208
115900194,16929,마곡수명산파크5단지.6단지,13.466797,4.4442363,3.5260572
115900195,16943,송화벽화시장,29.612902,4.1900544,3.3243892
115900198,16591,우장산월드메르디앙아파트,11.906875,2.7956479,2.218067
115900199,16948,내발산복합복지센터,14.850419,5.436457,4.313285
115900200,16946,우장산월드메르디앙아파트,11.425262,0.22285594,0.1768139
115900201,16975,강서농수산물도매시장,12.729169,6.6220374,5.2539244
115900202,16512,방화4단지,21.127483,3.8626428,3.0646207
115900203,16517,방화3동주민센터,19.451786,7.43586,5.8996115
115900204,16962,생태공원,10.909986,2.7908602,2.2142684
115900205,16920,강서면허시험장,13.514833,9.339928,7.410299
115900206,16495,우성아파트앞,17.554214,4.465153,3.5426526
115900207,16497,봉제산정상,69.299706,6.329153,5.02155
115900208,16496,우성아파트,16.87389,5.663591,4.493493
115900209,16490,신광명마을,25.297781,4.332691,3.437557
115900210,16491,수명중고등학교,16.893892,4.1261334,3.2736742
115900211,16492,마곡.수명산파크4단지,10.363321,6.543641,5.191725
115900212,16494,한마음아파트,20.917381,9.704735,7.699737
115900213,16940,2.8공원,13.185139,8.061968,6.396365
115900214,16489,약수터,74.80295,11.71586,9.295363
115900215,16487,국민약국,19.011333,4.567606,3.6239386
115900216,16486,세븐일레븐강서메인점,26.50608,10.921498,8.665116
115900217,16485,주영렉스빌,26.95416,14.222965,11.2845
115900218,16484,공작세탁소,30.614313,10.892155,8.641835
115900219,16488,주영렉스빌,31.651857,20.961746,16.63105
115900220,16483,빨래터세탁소,43.594177,16.50492,13.095002
115900221,16482,GS화곡개나리점,30.435034,7.547725,5.988365
115900222,16481,화곡탑건진선미아파트,27.771364,2.223769,1.7643383
115900223,16480,까치산시장,20.408936,5.355367,4.248948
115900224,16479,까치산역4번출구,20.00081,4.4741735,3.5498095
115900225,16478,화곡전화국,12.795102,4.3212886,3.4285104
115900226,16477,은창아파트,16.55604,8.681121,6.8876014
115900227,16476,삼성아파트,15.850675,5.960688,4.72921
115900228,16475,곰달래아파트,13.108044,2.3109648,1.8335195
115900229,16474,중앙하이츠빌라,15.515352,4.557175,3.6156628
115900230,16473,곰달래약국,17.918242,3.2321863,2.5644166
115900231,16463,세븐일레븐강서메인점,23.186794,6.8890095,5.46574
115900232,16464,강원슈퍼,17.662914,2.0212376,1.60365
115900233,16465,화곡보람3차아파트,21.040136,5.8540635,4.6446137
115900234,16466,에이엔케슬,30.994396,10.264589,8.143926
115900235,16467,한광고,35.15281,15.088256,11.971023
115900236,16468,서울신정고등학교,21.471582,1.8382534,1.4584702
115900237,16469,명지해드는터아파트,21.424442,3.5120418,2.786454
115900238,16470,동우아트빌,20.502573,6.353298,5.0407066
115900239,16471,미주아파트,28.434637,2.3145416,1.8363572
115900240,16472,방송인아파트,33.439583,9.54346,7.5717807
115900241,16462,염창동주민센터,14.6539545,5.021573,3.9841163
115900243,16504,마곡엠밸리7단지앞,5.4234247,8.043506,6.3817177
115900244,16528,강서세무서.공항초교,8.506961,0.6772158,0.53730303
115900245,16532,다솔마을,13.919103,4.79575,3.804948
115900246,16540,한서고등학교.보람아파트,17.431759,5.421079,4.301084
115900247,16545,방신전통시장앞,14.5215435,0.6329175,0.50215673
115900248,16592,방화동동부센트레빌아파트,14.444576,0.44623342,0.35404158
115900249,16595,프라임마트,15.898545,2.6843138,2.1297345
115900250,16601,마곡한솔솔파크,16.091114,10.874704,8.627991
115900251,16603,길훈아파트,14.709247,1.7625508,1.3984078
115900252,16604,마곡중학교,6.903085,5.4457393,4.3206496
115900253,16615,마곡엠밸리1단지,9.561063,2.8686478,2.2759852
115900254,16616,마곡나루역1번출구,8.496249,3.5082765,2.7834666
115900255,16626,마곡역,9.69672,4.126042,3.2736015
115900256,16621,마곡역2번출구,8.707522,2.8503957,2.261504
115900257,16622,강서세무서.공항초교,8.794403,3.9927282,3.1678305
115900258,16623,강서세무서,9.46467,3.2935472,2.6131003
115900259,16624,마곡엠밸리7단지입구,8.517693,3.1095686,2.4671316
115900260,16625,마곡엠밸리7단지,8.160601,0.8945626,0.70974594
115900261,16627,마곡엠밸리3단지입구,6.765966,5.9793024,4.7439785
115900262,16628,마곡중학교후문,7.157243,7.154953,5.6767397
115900263,16629,길훈아파트,14.709247,1.7625508,1.3984078
115900264,16630,마곡한솔솔파크,13.868447,3.5174632,2.7907553
115900265,16631,프라임마트,15.898545,2.6843138,2.1297345
115900266,16632,방화동동부센트레빌아파트,14.199076,0.95073515,0.75431323
115900267,16633,방신전통시장앞,15.619546,0.7610787,0.6038398
115900268,16634,한서고등학교.보람아파트,15.641294,3.5227199,2.794926
115900269,16636,동아1.2차아파트,19.476797,19.356266,15.357262
115900270,16638,동아1.2차아파트,19.476797,19.356266,15.357262
115900271,16402,마곡13단지힐스테이트후문,10.028763,8.027307,6.3688655
115900272,16403,공진초등학교,7.3563514,3.991261,3.1666665
115900273,16534,마곡엠밸리14단지,8.205821,6.3869057,5.067371
115900274,16539,마곡엠밸리14단지,8.373993,5.9042606,4.6844406
115900275,16546,마곡엠밸리11.12단지상가,10.511982,1.9156302,1.519861
115900276,16549,마곡13단지힐스테이트상가,4.383042,3.136143,2.488216
115900277,16559,마곡13단지힐스테이트후문,9.857972,9.358531,7.4250584
115900278,16908,백연공원,14.870038,10.509159,8.337967
115900279,16909,하나마트,14.210095,3.9656415,3.14634
115900280,16911,화곡보람2차아파트,16.267937,5.1261864,4.0671163
115900281,16921,등촌역1번출구,23.566126,8.072308,6.404569
115900282,16617,마곡나루역5번출구,8.293675,9.851287,7.8160114
115900283,16641,마곡우림필유아파트,17.758726,2.9672773,2.3542378
115900284,16640,마곡우림필유아파트,15.1929655,9.8526325,7.8170786
116000001,17001,신도림역,8.738944,10.447573,8.289104
116000002,17002,신도림역,10.231862,13.112653,10.403579
116000003,17003,신도림동.구로역,10.4247875,4.136366,3.2817929
116000004,17004,신도림동.구로역,13.104447,5.6129336,4.4533014
116000005,17005,구일역.중앙유통상가,13.671375,10.436651,8.280438
116000006,17006,구일역.제일제당,19.440296,22.734472,18.03753
116000007,17007,동양미래대학.구로성심병원,15.399513,13.782643,10.935149
116000008,17008,동양미래대학.구로성심병원,13.73716,4.1116924,3.2622168
116000009,17009,개봉역.영화아파트,15.014601,0.49152237,0.38997385
116000010,17010,개봉역.한마을아파트,17.092142,4.562289,3.6197202
116000011,17011,경인중학교.개봉사거리,14.403457,8.539324,6.7750993
116000012,17012,경인중학교.개봉사거리,14.556447,4.111004,3.2616706
116000013,17013,구로디지털단지역,17.459324,1.6243528,1.2887615
116000015,17101,신도림역,14.914814,12.7600155,10.123796
116000016,17102,신도림역,12.861136,4.613579,3.6604135
116000017,17103,서울미래초등학교,15.691254,6.4493613,5.1169233
116000018,17104,서울미래초등학교,15.691254,6.4493613,5.1169233
116000019,17105,한국SGI,17.381248,8.273,6.563798
116000020,17106,거리공원.구로신협본점앞,18.06564,2.3529508,1.8668311
116000021,17107,거리공원,16.26179,14.898171,11.8202095
116000022,17108,구로도서관.대성스카이렉스,21.62893,6.7154794,5.328061
116000023,17109,구로고등학교,7.514331,15.070551,11.956975
116000024,17110,영림중학교,11.710183,17.256119,13.691005
116000025,17111,구로구청,19.210005,6.594238,5.2318683
116000026,17112,구로구청,15.402713,9.789829,7.7672505
116000027,17113,고대구로병원후문,23.656994,0.60944945,0.48353717
116000028,17114,대림역,14.337579,3.3881369,2.6881478
116000029,17115,대림역,16.466288,3.1844904,2.5265746
116000030,17116,영서중학교,13.849766,11.6573515,9.248942
116000031,17117,영서중학교,16.44588,6.136642,4.8688116
116000032,17118,구로두산아파트,20.241642,3.8922148,3.0880833
116000033,17119,구로종합사회복지관,21.487494,6.732041,5.3412013
116000034,17120,남구로역2번출구,29.001633,2.7554147,2.186146
116000035,17121,남구로역5번출구.구로4동자치회관,31.365932,5.889227,4.6725125
116000036,17122,지밸리비즈플라자.이마트구로점,19.604439,5.3428063,4.238982
116000037,17123,고용노동부관악지청.이마트구로점,21.848158,8.426888,6.6858935
116000038,17124,디지털산업1단지,17.497654,17.278542,13.708795
116000039,17125,디지털산업1단지,14.401577,7.519059,5.965622
116000040,17126,하이엔드1차?보건지소?치매센터,25.147036,2.5572467,2.0289195
116000041,17127,지하이시티?보건지소?치매센터,25.463081,1.6112425,1.2783598
116000042,17128,디지털단지오거리,18.508173,6.932867,5.5005364
116000043,17129,디지털단지오거리,16.969473,5.3544197,4.2481966
116000044,17130,퀸즈빌,32.531803,2.3382516,1.8551688
116000045,17131,가리봉시장,14.920351,4.1323495,3.2786062
116000046,17132,가리봉시장,12.95521,2.0962226,1.663143
116000047,17133,남구로역3번출구,24.82408,11.849872,9.401689
116000048,17134,남구로역,24.437433,11.156791,8.851797
116000049,17135,구로시장,22.047125,3.2349114,2.5665786
116000050,17136,구로시장,22.536495,2.1695461,1.721318
116000051,17137,구로4동우체국.고대구로병원정문,19.642033,0.79895955,0.6338945
116000052,17138,구로4동우체국.고대구로병원정문,19.854061,2.6361678,2.0915356
116000053,17139,구로119안전센터,23.754972,4.7145586,3.7405307
116000054,17140,구로119안전센터,22.538748,3.1450036,2.495246
116000055,17141,우리유앤미아파트,20.83379,6.2475004,4.9567666
116000056,17142,구로변전소.구로초등학교,24.559217,5.979878,4.744435
116000057,17143,구로2동성당,19.495846,2.6230717,2.081145
116000058,17144,구로역?NC신구로점,12.977047,15.665376,12.428908
116000059,17145,구로역?NC신구로점,6.14154,16.531136,13.115804
116000060,17146,구로역.구로기계공구상가,11.82696,3.719494,2.9510467
116000061,17147,구로역.구로기계공구상가,12.015735,12.92404,10.253933
116000062,17148,기업은행구로중앙지점,12.75299,17.873703,14.180995
116000063,17149,기업은행구로중앙지점,20.030157,10.379935,8.23544
116000066,17152,신도림중학교,11.968067,4.101602,3.254211
116000067,17153,신도림중학교,10.011005,3.74718,2.9730124
116000068,17154,구로역,13.001721,12.663184,10.04697
116000069,17155,구로역,13.875146,4.6140842,3.6608143
116000078,17164,개봉사거리,17.451494,4.9967613,3.9644306
116000080,17166,경인중학교,18.602869,6.287048,4.9881434
116000082,17168,개봉치안센터,15.575513,3.8473601,3.0524955
116000083,17169,오류1동주민센터.오류문화센터,26.010471,2.8873076,2.2907898
116000084,17170,오류1동주민센터.오류문화센터,18.702744,2.643488,2.0973434
116000085,17171,오류동역,15.175627,2.7554855,2.186202
116000086,17172,오류동역,21.37956,8.266174,6.5583825
116000087,17173,씨티월드,19.750248,16.391096,13.004695
116000088,17174,오류지구대.텃골,20.307838,1.9315047,1.5324559
116000089,17175,서울가든빌라앞,21.732838,5.8724594,4.6592093
116000090,17176,서울가든빌라앞,22.227783,4.284715,3.399493
116000091,17177,성공회대학교.유한공고앞,34.800793,1.339167,1.0624951
116000093,17179,연세중앙교회,17.550106,0.9215006,0.7311186
116000094,17180,궁동청소년문화의집,19.87937,4.609615,3.6572685
116000095,17181,궁동청소년문화의집.구로검사소,18.486965,4.2093005,3.3396592
116000096,17182,우신중고등학교,25.44537,9.465832,7.5101914
116000097,17183,우신중고등학교,21.917713,2.312941,1.8350874
116000098,17184,온수역,31.592947,5.691277,4.5154595
116000099,17185,온수역,31.610292,6.398771,5.0767846
116000100,17186,온수동새마을금고,38.166706,12.669284,10.05181
116000101,17187,정진학교.온수힐스테이트아파트,52.983192,18.454695,14.641954
116000102,17188,수궁동주민센터,30.328287,7.6914806,6.102421
116000103,17189,수궁동주민센터,30.54965,8.522104,6.7614374
116000104,17190,수궁119안전센터,27.471287,2.5829067,2.049278
116000105,17191,수궁119안전센터,27.538889,1.2075974,0.95810777
116000106,17192,예림디자인고.오류고.서울공연예술고,28.261639,2.6467237,2.0999105
116000107,17193,예림디자인고.오류고.서울공연예술고,28.195929,1.8759764,1.4883996
116000108,17194,서서울생활과학고.궁동도서관,33.615295,8.587365,6.8132153
116000111,17201,구로우체국.이펜하우스5단지후문,14.425814,9.527614,7.559209
116000113,17203,오류2동주민센터,24.12357,12.432666,9.864077
116000114,17204,오류2동주민센터,23.379946,6.96719,5.527768
116000115,17205,오류2동새마을금고,19.459242,10.1700735,8.068936
116000116,17206,오류2동새마을금고,19.459242,10.1700735,8.068936
116000117,17207,대원주유소,15.579908,1.7198217,1.3645065
116000118,17208,대원주유소,14.734746,4.267427,3.3857765
116000119,17209,현대아파트.개봉중앙시장,15.300939,1.7791898,1.4116092
116000120,17210,현대아파트.개봉중앙시장,14.42231,2.676728,2.1237159
116000121,17211,덕의초등학교,23.28343,11.235438,8.914197
116000122,17212,덕의초등학교,16.657211,1.8228762,1.44627
116000123,17213,고척근린공원,24.397055,5.2872624,4.194914
116000124,17214,고척근린공원.고척도서관,26.21691,11.933926,9.468376
116000125,17215,세곡초등학교,23.745234,4.3119407,3.4210937
116000126,17216,세곡초등학교,23.176735,3.3227668,2.6362832
116000127,17217,개봉푸르지오아파트,18.003834,4.580674,3.6343071
116000128,17218,개봉푸르지오아파트,18.57729,7.824365,6.2078514
116000129,17219,고척근린시장,17.289991,1.7215323,1.3658638
116000130,17220,용두연립,17.164154,0.7861022,0.62369347
116000133,17223,고척파크푸르지오아파트,17.578316,7.361011,5.840226
116000134,17225,고척시장,24.85931,5.9064164,4.686151
116000135,17226,고척시장,20.778824,6.7001557,5.315903
116000136,17227,고척중학교,15.488192,5.1807504,4.1104074
116000137,17228,고척중학교,18.280426,8.339864,6.6168485
116000138,17229,구로디지털단지역,19.430609,5.7223964,4.540149
116000139,17230,삼부르네상스.효성아파트,28.554173,9.220064,7.315199
116000140,17231,구일우성아파트,11.412144,9.904926,7.8585687
116000141,17232,구일우성아파트,15.298097,7.9003296,6.2681212
116000142,17233,개봉역,13.353657,8.6055765,6.8276644
116000143,17234,개봉역,12.856251,16.946154,13.445079
116000144,17235,개봉1동사거리.개봉푸르지오아파트,19.208763,5.022735,3.9850383
116000145,17236,개봉1동사거리,16.931292,11.395966,9.041559
116000146,17237,구로1동우체국,12.360387,2.2125208,1.755414
116000147,17238,구일우성아파트,10.797312,3.049142,2.4191892
116000148,17239,디지털단지입구,15.827851,14.652201,11.625056
116000149,17240,구로보건소,21.771053,24.639673,19.549118
116000151,17242,구일우성아파트,13.005495,12.280984,9.743732
116000153,17245,남구로역2번출구,32.555534,2.3274975,1.8466365
116000155,17247,구로남초등학교,32.237656,1.7273314,1.3704647
116000156,17248,연세중앙교회,19.022795,6.731768,5.340985
116000157,17251,동양빌라,23.178288,3.673126,2.9142582
116000158,17252,남구로역6번출구,24.368643,8.9882345,7.131265
116000159,17253,궁동입구,22.584627,2.8331406,2.2478137
116000160,17254,신도림현대아파트,14.755485,6.027658,4.782344
116000161,17255,롯데아파트,19.990635,7.249884,5.752058
116000162,17256,구로역1번출구.NC신구로점,10.845476,10.147038,8.05066
116000163,17257,롯데아파트,21.805443,12.681092,10.061179
116000164,17258,제중요양병원,16.989502,7.332056,5.817253
116000177,17195,서서울생활과학고.궁동도서관,30.960293,4.163433,3.303268
116000194,17289,온수동종점,31.09944,3.6637342,2.9068067
116000195,17290,온수동종점,29.56643,0.83373564,0.66148585
116000196,17291,신도림생활체육관.우성3차아파트,10.141048,7.8249927,6.208349
116000197,17292,우성3차아파트,14.973011,7.937323,6.297472
116000198,17293,구로구청,18.698183,5.8537264,4.6443467
116000200,17296,대림역3번출구,14.087036,25.48914,20.223083
116000201,17297,구로중학교,13.866585,0.24965426,0.1980757
116000202,17298,우신중고등학교후문,34.81544,4.3967094,3.4883492
116000203,17299,동양빌라,24.17457,1.0325902,0.819257
116000204,17300,궁동입구,22.049543,4.6823883,3.7150066
116000233,17629,구로보건소.금호새솔아파트,29.655886,29.306032,23.251406
116000235,17631,구로공구상가,20.163452,10.887037,8.637775
116000287,17306,거성푸르뫼아파트,39.694122,5.938323,4.7114654
116000288,17305,거성푸르뫼아파트,40.524643,4.544076,3.60527
116000292,17754,알뜰슈퍼,11.679104,0.9824483,0.7794745
116000296,17365,푸른수목원후문.저수지앞,25.296396,9.294122,7.3739567
116000297,17369,푸른수목원후문.저수지앞,22.039436,6.931692,5.499604
116000304,17368,매화빌라,20.327932,1.4247226,1.1303749
116000305,17366,매화빌라,20.048037,0.7585227,0.6018119
116000346,17819,세븐일레븐,10.401812,2.708692,2.1490762
116000352,17825,하나마트,10.889082,0.59834677,0.47472832
116000354,17827,진흥슈퍼,8.868132,0.69267905,0.5495716
116000357,17830,신도림자동차학원,9.148352,4.68629,3.7181025
116000358,17831,우성아파트,14.939767,6.2161493,4.931893
116000361,17834,신도림역,18.576395,3.4561038,2.7420728
116000381,17855,신도림동아3차아파트,21.146082,4.9692974,3.9426403
116000389,17863,구로보건소,16.17458,13.764498,10.920753
116000390,17865,구로역(NC백화점),18.767876,1.9535651,1.5499586
116000391,17866,구로역(NC백화점),10.070057,18.504307,14.681317
116000392,17867,구로구청,10.441306,17.565498,13.936467
116000393,17868,구로구청,20.111012,7.939976,6.299577
116000394,17869,오류동입구,16.931292,11.395966,9.041559
116000402,17877,개봉역입구,15.230761,2.5610735,2.0319557
116000403,17878,개봉역입구,14.842754,1.0404254,0.82547355
116000404,17879,개봉교,15.702671,3.7117684,2.944917
116000405,17880,개봉교,14.638635,1.6185864,1.2841865
116000406,17881,대림역,24.932375,19.528578,15.493974
116000417,17897,구로공구상가,10.674611,2.5087228,1.9904207
116000439,17727,포포인츠바이쉐라톤서울구로,19.843658,11.759116,9.329683
116000440,17726,포포인츠바이쉐라톤서울구로,22.483742,11.052259,8.768863
116000441,17725,디지털1단지,16.579407,9.767369,7.749431
116000444,17723,디지털단지오거리,18.508173,6.932867,5.5005364
116000445,17304,동부골든아파트,49.070576,13.430045,10.655397
116000446,17309,동부골든.한신플러스타운,45.472504,10.034991,7.9617624
116000447,17308,오류동삼거리,16.331688,2.4321485,1.9296666
116000448,17307,오류동삼거리,18.326586,10.231195,8.11743
116000449,17999,유한공고.성공회대학교,35.239098,2.5148737,1.9953009
116000451,17997,궁동삼거리,47.24292,16.196661,12.8504305
116000453,17241,궁동삼거리,47.335693,5.2023664,4.1275578
116000458,17990,온수남부,29.155794,11.006843,8.732829
116000459,17989,온수남부역,30.284199,12.033222,9.547158
116000563,17310,구로역.신구로자이나인스에비뉴,18.756575,5.8718014,4.658687
116000565,17600,천왕역1번출구,22.745142,14.326314,11.366498
116000568,17700,천왕이펜하우스2단지,32.44514,20.061865,15.917083
116000572,17653,남부교도소,15.259751,4.6378503,3.6796706
116000573,17652,남부교도소,16.398188,2.2196455,1.7610668
116000576,17775,신도림역,8.017146,4.555893,3.6146455
116000577,15808,신도림4차e편한세상,18.724283,4.6410294,3.6821926
116000579,17701,구로우체국.이펜하우스3단지후문,14.425814,9.527614,7.559209
116000580,17648,천왕이펜하우스6단지후문,17.081314,10.325168,8.191988
116000581,17647,천왕이펜하우스6단지후문,13.864662,2.510843,1.9921027
116000583,17410,연지마을,15.441105,2.7009084,2.142901
116000584,17260,구로중앙하이츠아파트.화원복지관,16.449865,14.802495,11.744299
116000585,17261,신동아미래지움아파트,15.736627,5.3236,4.223744
116000586,17259,구로역1번출구,14.663901,8.605691,6.827755
116000587,17899,보성운수기종점,13.283717,4.531417,3.5952263
116000589,17801,금강수목원아파트,23.018255,16.326403,12.953368
116000590,17704,금강수목원아파트,23.018255,16.326403,12.953368
116000591,17315,동부골든아파트후문,47.772762,12.717071,10.089724
116000592,17697,동삼빌라,36.369095,13.871206,11.005415
116000593,17460,천왕이펜하우스6단지후문,15.229749,7.489962,5.942536
116000594,17986,천왕이펜하우스5단지,21.255424,1.9742811,1.5663947
116000595,17987,천왕이펜하우스3.4단지,30.116035,7.7118154,6.118554
116000596,17262,초롱타운아파트,13.236425,6.3262267,5.019228
116000597,17399,연지타운2단지,16.976078,6.919501,5.489932
116000598,17397,연지타운2단지,19.022903,13.654986,10.833866
116000603,17751,롯데시티호텔구로,27.300203,17.41494,13.817014
116000604,17752,롯데시티호텔구로,18.439106,8.405398,6.6688433
116000605,17196,오남중학교.삼미주택,27.057566,7.3332467,5.818198
116000606,17197,오남중학교,25.256306,3.6944067,2.9311423
116000607,17755,성락교회크리스천선교센터,8.674518,6.661964,5.285602
116000609,17243,개봉역,12.855933,13.082676,10.379795
116000611,17314,동부골든아파트후문,47.155663,12.860008,10.203131
116000612,17246,개봉고가,14.763883,4.1123037,3.2627017
116000613,17312,개봉1동사거리,26.238358,7.273442,5.7707486
116000614,17311,개봉1동사거리,25.490444,2.9282813,2.3232985
116000615,18227,스타밸리앞,13.384079,8.613054,6.833597
116000616,17157,솔길공원,10.377729,1.9658623,1.5597152
116000617,17158,GS25,12.739693,4.3080072,3.417973
116000618,17156,초롱타운회전교차로,13.846877,6.6987543,5.3147917
116000619,17150,두암빌라,32.445442,5.4363756,4.3132205
116000620,17515,경북슈퍼마켓,14.454065,2.6166353,2.0760386
116000621,17222,구로2동성당,19.938845,8.967143,7.114531
116000622,17221,우리유엔미아파트,23.317537,3.5709085,2.8331587
116000624,17400,원각사입구,31.265053,6.057292,4.8058558
116000627,17160,항동우남퍼스트빌,24.114754,18.044512,14.316515
116000628,17361,푸른수목원,27.737104,6.3032103,5.000967
116000629,17362,항동복합행정센터,21.029287,5.314509,4.2165313
116000630,17363,푸른수목원,28.280516,11.288526,8.956316
116000631,17364,항동복합행정센터,21.47838,1.8685538,1.4825106
116000632,17712,항동하버라인10단지,36.338703,11.42951,9.068173
116000633,17359,항동하버라인3단지,18.834135,1.8292905,1.4513592
116000634,17360,항동하버라인3단지,20.030949,4.4634123,3.5412714
116000635,17389,디지털단지오거리,13.771771,5.172379,4.1037655
116000636,18151,디지털단지오거리.가산파출소,12.496506,2.4266355,1.9252926
116000637,17371,항동하버라인2단지,18.08385,1.9815717,1.572179
116000638,17370,항동중흥S클래스,17.960976,2.3227756,1.8428901
116000639,17802,항동하버라인4단지,30.308035,7.618741,6.044709
116000640,17804,별장쉐르빌앞,38.6704,28.021093,22.231936
116000641,17806,덕일전자공업고등학교,18.831228,5.643538,4.4775834
116000643,17808,항동하버라인4단지.푸른수목원,28.346588,7.9978676,6.345508
116000644,17809,항동하버라인3단지아파트,31.201326,9.446725,7.4950314
116000645,17161,구로SKV1지식산업센터,36.32994,27.687014,21.966877
116000646,17456,경남아너스빌아파트,19.20898,8.145543,6.462674
116000647,17178,영풍마드레빌아파트.소공원사거리,17.06992,6.1018214,4.841185
116000648,17249,가리봉파출소,22.592112,12.74795,10.1142235
116000649,17162,구로SKV1.제일풍경채포레스트,28.245481,12.641399,10.029686
116000650,17244,웰크론,21.638617,4.168296,3.3071258
116000651,17490,1호선구일역,14.004352,6.2330213,4.945279
116000652,17198,구로2동지하차도입구,13.4405365,2.591104,2.0557818
116000653,17267,한양수자인아파트앞,24.526228,5.0066514,3.9722772
116000654,17163,하늘도서관,13.464229,8.443175,6.6988153
116900001,17694,구로구민회관,6.560015,14.335054,11.373432
116900002,17690,SK허브수.구로우성APT,12.280264,7.3614407,5.840567
116900003,17689,삼성그린빌라,44.869297,19.648191,15.588876
116900004,17686,거성푸르뫼아파트입구,19.529152,10.78123,8.553828
116900005,17684,우성꿈동산.산업인아파트,24.881937,6.5383873,5.1875567
116900006,17682,유한공고.성공회대앞,37.174538,1.8609138,1.476449
116900007,17678,영림중학교,11.870691,2.8715432,2.2782824
116900008,17677,하이츠.영화.우방.한국현대,14.604405,1.8188167,1.4430492
116900009,17673,작은굴다리,19.575758,5.051861,4.0081463
116900010,17619,개봉한진아파트.기점,20.22311,8.85178,7.0230026
116900011,17615,동진빌라.오정초등학교,30.210115,2.6683884,2.1170993
116900012,17598,구로고.구로도서관,13.306013,2.385558,1.8927016
116900013,17597,GS25.한신아파트,13.785531,7.599882,6.0297465
116900014,17596,거성아파트,46.18511,7.524277,5.9697614
116900015,17594,삼원목욕탕,19.004074,1.2479428,0.99011785
116900016,17593,건강약국,22.177254,2.6985798,2.1410532
116900017,17592,개봉3동주민센터,16.047098,2.6212537,2.0797026
116900018,17591,현대2차APT,13.211832,3.5167897,2.790221
116900019,17590,구민체육센터후문,23.75453,12.509846,9.925312
116900020,17588,온수역,30.402735,13.748759,10.908266
116900023,17584,오류고등학교.수궁동복지회관,30.257376,7.1743317,5.692115
116900024,17583,오류중학교,19.380716,2.490181,1.9757096
116900025,17582,개봉중학교,25.732098,3.1338391,2.486388
116900026,17581,개봉전화국,14.638136,4.1979713,3.3306706
116900027,17580,현대IPARK정문,14.898833,3.2264102,2.559834
116900028,17579,진성아파트,23.545336,10.468658,8.305834
116900029,17577,럭비구장,27.030706,12.154248,9.643181
116900031,17573,현대별장맨션타운4차.덕성교회,35.333588,7.29188,5.7853775
116900032,17572,건강약국,22.627668,3.455619,2.7416883
116900033,17570,현대IPARK후문,8.353765,8.2390175,6.536836
116900034,17569,덕의공원,19.038877,7.923545,6.2865405
116900035,17568,리가아파트,12.556302,4.7871985,3.7981634
116900036,17566,오류동교회,33.502224,13.812137,10.9585495
116900038,17563,우신중고후문,33.828247,2.4329088,1.9302698
116900041,17560,철산교앞,13.704313,11.985202,9.509059
116900042,17559,고척2동주민센터.고척지구대,17.445261,4.9249043,3.9074192
116900043,17558,센츄리아파트,17.282349,11.684192,9.270238
116900047,17555,온수역,28.610043,9.4355545,7.486169
116900049,17551,양우아파트,22.728878,6.976912,5.535482
116900050,17550,고척시장,21.355803,3.6402714,2.8881915
116900051,17549,서해그랑블아파트.금강수목원아파트후문,31.66364,6.9554267,5.5184355
116900052,17547,월드아파트,8.696954,10.197294,8.090533
116900055,17544,온수초교후문,45.14804,6.182529,4.9052186
116900057,17541,경남아파트앞,35.104073,6.4531856,5.1199574
116900058,17540,청구아파트후문,15.393434,14.993915,11.896172
116900059,17539,금강수목원아파트정문.동도아트빌,27.707502,10.6319065,8.435355
116900060,17536,한일유엔아이APT.현대로얄APT,9.637406,6.56742,5.2105913
116900062,17533,우신중고후문,34.027496,1.7810844,1.4131124
116900064,17530,대우아파트,39.000877,7.68127,6.09432
116900065,17529,고척1동주민센터.한효아파트,14.183723,4.8880982,3.8782172
116900067,17527,대림3차아파트,12.002065,5.1687393,4.100878
116900068,17526,구로2동지하차도입구,13.963932,4.025149,3.1935532
116900070,17524,현대별장맨션타운4차.덕성교회,37.994473,12.664517,10.048028
116900072,17521,성화단지앞,34.935646,2.532762,2.0094934
116900073,17520,서울가든아파트,13.60299,7.4573803,5.9166856
116900076,17514,오류고등학교.수궁동복지회관,28.847807,3.5735826,2.8352804
116900077,17513,낙원할인마트,16.102142,5.9447856,4.716593
116900078,17512,삼환로즈빌아파트,18.615477,8.80916,6.9891877
116900079,17511,새마을금고사거리,13.647677,5.2096186,4.1333113
116900081,17509,세곡초등학교,22.05042,9.961369,7.9033494
116900082,17507,구로고대병원정문,24.275238,4.1784177,3.3151567
116900083,17506,이마트,15.907229,2.9479802,2.3389275
116900084,17503,보람아파트,12.768165,8.539554,6.775282
116900085,17502,개봉1동주민센터,15.40861,4.616614,3.6628213
116900086,17501,고척초등학교,14.984842,1.0494123,0.8326037
116900088,17499,대림6차.태영프라자,5.5338135,15.89399,12.6102915
116900090,17497,세븐일레븐편의점,15.458622,3.172754,2.5172632
116900091,17483,신도림중학교,10.5294075,10.135224,8.041286
116900092,17491,용두연립,16.577732,1.6889285,1.3399959
116900093,17472,구로디지털단지역,23.185568,9.900045,7.8546963
116900094,17474,대림역4번출구,15.170787,8.08971,6.4183764
116900095,17475,동아1차아파트105동,11.8858,4.569907,3.6257644
116900096,17476,오류동역.시장입구,15.68,6.7127433,5.3258905
116900097,17479,개봉역,16.306532,15.670223,12.432755
116900098,17481,구.사조참치,16.050526,7.072069,5.61098
116900099,17486,123전자타운.2001아울렛,15.187885,3.3754032,2.6780448
116900100,17488,개봉3동주민센터,17.035013,2.7111208,2.1510034
116900101,17489,국민은행.구로구민회관.구로아트밸리,9.646203,16.882463,13.3945465
116900103,17492,남부종합상가,19.58906,4.4555025,3.5349958
116900104,17493,고척공구상가,15.563426,2.3536532,1.8673884
116900105,17494,개봉전화국,14.638136,4.1979713,3.3306706
116900106,17477,개봉한진아파트.기점,20.22311,8.85178,7.0230026
116900107,17478,개봉역,13.366896,2.971531,2.3576126
116900110,17485,우리은행앞,20.525404,8.57596,6.804167
116900111,17985,천왕이펜하우스6단지,21.217138,6.517419,5.17092
116900112,17984,천왕이펜하우스4단지,32.42905,8.851443,7.022735
116900113,17982,천왕역2번출구,23.410248,8.978241,7.1233363
116900116,17974,KEB하나은행,15.021323,1.2928259,1.0257281
116900117,17970,구일초등학교.구일고등학교,11.717903,1.7310194,1.3733908
116900118,17967,구로디지털단지역,17.855597,8.802862,6.984191
116900120,17963,구로1동주민센터.연예인APT,14.731302,4.014792,3.1853359
116900121,17962,구일고교.구일초등학교,13.410264,2.7366483,2.1712568
116900122,17960,구로1동주민센터.연예인APT,14.327747,5.0222797,3.9846766
116900123,17959,구로주공.구일우성APT,12.559722,1.8461349,1.4647235
116900124,17956,고척근린시장,17.805298,0.6515217,0.51691735
116900125,17955,금강수목원아파트정문,26.976414,13.789053,10.940234
116900126,17954,1호선구일역,14.917584,4.690428,3.7213855
116900128,17950,동아1차아파트105동,9.263048,6.7434425,5.3502474
116900129,17948,현대우성아파트,14.259572,7.347041,5.8291426
116900130,17947,신도림역,18.458818,13.116256,10.406437
116900131,17946,대림6차.태영프라자,5.5338135,15.89399,12.6102915
116900132,17945,대림5차아파트.신도림주민센터,10.21714,7.171287,5.689699
116900133,17943,대림1.2차아파트,10.767686,7.347668,5.82964
116900134,17942,미성아파트,6.6066885,8.262435,6.555416
116900136,17938,구로고.구로도서관,13.306013,2.385558,1.8927016
116900137,17937,영림중학교,13.248872,10.291479,8.165259
116900138,17936,강서수도사업소.민원센터,8.294242,6.4224176,5.0955462
116900139,17935,구로구청,17.042604,15.091158,11.973325
116900140,17933,동구로새마을금고,13.820577,6.4398446,5.1093726
116900141,17931,구로시장.남구로시장,15.258617,8.920813,7.0777726
116900143,17929,구로3동주민센터.삼성래미안아파트,15.40946,5.6686144,4.497479
116900145,17927,구로3파출소,17.404846,1.1697527,0.9280818
116900147,17925,에이스테크노타워,23.469902,11.584264,9.190955
116900149,17922,삼환로즈빌아파트,17.950674,6.812047,5.404678
116900151,17920,구로디지털단지입구,18.446146,11.940037,9.473226
116900153,17918,성화단지앞,34.935646,2.532762,2.0094934
116900154,17917,123전자타운.2001아울렛,15.672201,3.574621,2.8361042
116900157,17913,대우아파트,39.000877,7.68127,6.09432
116900158,17912,공구상가,14.236452,4.8409057,3.8407743
116900159,17911,구로3동현대아파트,14.37762,4.864139,3.8592079
116900160,17910,구로고대병원후문,20.117191,8.128853,6.449432
116900161,17909,신도림역2번출구,11.553054,1.8210365,1.4448103
116900162,17908,남부주유소,12.027669,4.230039,3.356113
116900163,17907,경남아파트,35.104073,6.4531856,5.1199574
116900164,17906,고척초등학교,13.971468,3.587779,2.8465438
116900165,17904,대우자동차정비소,17.789299,12.421314,9.855071
116900166,17902,영화APT,13.703059,8.190133,6.498051
116900167,17901,양우아파트,22.905394,6.0747886,4.8197374
116900168,17900,새마을금고사거리,13.462355,2.6390119,2.093792
116900169,17889,에이스테크노타워,24.115438,6.3779182,5.0602403
116900170,17888,구로시장.남구로시장입구,14.6257925,6.451282,5.1184473
116900171,17887,대상APT,10.072016,9.1496525,7.259334
116900172,17886,고척사거리.고척파크푸르지오,14.754547,4.4210997,3.5077002
116900173,17864,서울가든아파트,18.14864,21.514893,17.069916
116900174,17846,동삼빌라,33.857914,3.5746784,2.83615
116900175,17838,구로3파출소,17.20367,5.9478817,4.7190495
116900178,17807,개명초교,13.240135,8.860356,7.0298066
116900179,17803,고척2동주민센터.고척지구대,17.024927,4.9225883,3.9055815
116900180,17792,고척1동주민센터.한효아파트,13.989491,10.365322,8.223846
116900182,17773,구로3동주민센터.삼성래미안아파트,15.40946,5.6686144,4.497479
116900183,17772,구일우성아파트,13.005495,12.280984,9.743732
116900185,17750,개봉1동주민센터,15.40861,4.616614,3.6628213
116900186,17749,한진APT후문,12.068729,11.172509,8.864269
116900187,17748,덕의공원,18.594763,4.840695,3.8406074
116900188,17747,청구아파트.동아한신아파트,16.035223,2.7523515,2.1837158
116900189,17746,푸른수목원후문,23.846615,7.794777,6.184376
116900191,17744,구로시장.남구로시장,20.964907,4.9503255,3.9275882
116900192,17743,구로주공APT,12.559722,1.8461349,1.4647235
116900194,17741,개봉사거리,19.694777,8.516565,6.7570434
116900195,17740,낙원할인마트,15.203923,6.833371,5.4215965
116900196,17739,대원카센터,14.122971,10.163992,8.064111
116900197,17738,진성아파트,23.51686,5.157411,4.09189
116900198,17737,동양미래대학교.구로성심병원,17.216198,8.178915,6.489151
116900200,17733,크로바마트,22.209028,11.8071785,9.367816
116900201,17731,알뜰슈퍼,8.890089,6.6359096,5.2649302
116900202,17730,개봉교입구,12.257325,14.397874,11.423273
116900203,17729,구민체육관후문,21.815437,2.16424,1.717108
116900204,17728,유풍약국,10.52119,14.917,11.835147
116900206,17716,선경아트빌라,40.447853,20.313591,16.116802
116900207,17711,한일한의원,15.998485,10.218511,8.107367
116900208,17367,그린빌라정문,29.32547,13.324008,10.571268
116900209,17709,오류동교회,36.515045,8.806016,6.9866934
116900210,17708,구로구청,16.642323,13.787349,10.938883
116900211,17707,현대상선.구일중학교,15.687986,3.7623706,2.985065
116900212,17706,덕성빌라,42.64526,14.110306,11.195117
116900213,17517,대림5차아파트702동,11.734279,8.789009,6.9731994
116900214,17944,대림5차아파트702동,17.604597,9.858175,7.821476
116900215,17508,대림5차아파트.신도림주민센터,12.429621,11.700578,9.283238
116900216,17537,신도림미성아파트,13.417109,3.6291232,2.8793464
116900218,17949,동아1차아파트102동,10.190272,19.535143,15.499183
116900219,17958,구로시장.남구로시장입구,20.043324,1.1639472,0.92347574
116900220,17575,항아리,19.136934,5.0875363,4.0364513
116900221,17940,항아리,17.938944,4.125381,3.2730772
116900222,17717,구로중학교,12.845491,2.9238446,2.3197782
116900223,17734,동구로새마을금고,12.500068,5.8965206,4.6782994
116900226,17589,경남1차.중앙하이츠아파트,27.432985,1.138506,0.9032907
116900227,17617,마젤란아파트.예인학원앞,30.203281,1.8620077,1.477317
116900228,17578,세양청마루아파트,13.877967,2.914444,2.31232
116900230,17532,개봉1치안센터,17.918022,2.587453,2.052885
116900231,17543,삼원목욕탕,20.008844,1.0827302,0.8590381
116900232,17554,오류중학교,20.863142,3.3956385,2.6940997
116900233,17675,개봉1치안센터,17.827559,1.1749666,0.93221855
116900234,17713,굴다리.호반써밋개봉아파트,20.647413,9.939557,7.8860445
116900235,17552,경북슈퍼마켓,14.454065,2.6166353,2.0760386
116900238,17484,개봉사거리,14.387545,5.2202168,4.14172
116900239,17971,개봉역,13.366896,2.971531,2.3576126
116900240,17972,개봉역,14.568968,15.207706,12.065794
116900242,17473,천왕역3번출구,26.187582,8.627548,6.8450966
116900245,17471,개봉소공원.호반써밋개봉아파트,20.647516,17.925846,14.222365
116900246,17468,그린빌라정문,28.96161,7.268325,5.766689
116900247,17470,고척고교.한일유앤아이.삼익아파트,26.14395,10.215934,8.105322
116900248,17469,경서농협앞,20.683924,9.800713,7.775885
116900249,17961,천왕이펜하우스5단지입구,20.229965,9.4753,7.517703
116900250,17975,천왕이펜하우스3단지입구,33.347527,5.6335406,4.469651
116900251,17903,천왕역,22.218008,2.9572983,2.3463204
116900252,17848,천왕이펜하우스3단지입구,32.61239,7.509231,5.957824
116900255,17464,1호선구일역,14.004352,6.2330213,4.945279
116900256,17465,SK허브수.한신아파트,10.92604,4.9351506,3.9155483
116900257,17404,고척고교.한일유앤아이.삼익아파트,29.813988,11.869302,9.417104
116900258,17405,삼덕마을입구,40.03106,17.290182,13.71803
116900259,17406,삼덕마을입구,47.74449,28.822327,22.867634
116900260,17407,그랜드아파트.홍진연립,40.237007,16.090376,12.766104
116900261,17408,그랜드아파트.홍진연립,40.237007,16.090376,12.766104
116900262,17409,오류중학교,28.553621,12.535735,9.945852
116900263,17461,미래여성병원,20.756273,8.650464,6.8632784
116900264,17458,오류남초등학교후문,21.269081,6.560941,5.2054505
116900265,17459,서울남부교정시설입구,15.152215,2.1454566,1.7022052
116900266,17462,동부그린아파트,37.06837,9.645383,7.6526465
116900267,17463,오류동푸르지오아파트.송기산내과의원,23.501204,2.1422644,1.6996726
116900268,17457,서울남부교정시설,19.6309,6.6791954,5.2992735
116900269,17932,구로구청후문,14.567833,7.4257917,5.891623
116900271,17412,신도림역,18.511417,5.524027,4.382763
116900272,17923,문성골,14.484292,17.60793,13.970131
116900273,17695,KEB하나은행,15.424374,12.263218,9.729637
116900274,17650,연지타운2단지,12.059883,0.4489052,0.3561614
116900275,17651,연지타운2단지,12.439972,3.7658489,2.9878244
116900276,17202,천왕역4번출구,19.04561,11.208186,8.892575
116900277,17601,오류동역2번출구,15.68,6.7127433,5.3258905
116900278,17602,미래빌라,15.391811,2.9765205,2.3615713
116900279,17603,우림필유아파트,15.493309,7.7267666,6.1304164
116900280,17604,동부에이스,14.13374,9.019435,7.1560197
116900281,17504,개봉역.림괄아파트,13.327048,6.5655756,5.2091274
116900282,17605,개봉푸르지오후문,12.624662,7.4004674,5.871531
116900283,17609,개봉푸르지오정문,14.618376,5.883712,4.668137
116900284,17610,개봉1동사거리,24.832767,5.275128,4.1852865
116900285,17612,신도림역.아이파크아파트,12.595457,5.826543,4.622779
116900286,17613,동아2차아파트상가,14.434802,5.4678206,4.338169
116900287,17622,브라운스톤,23.394602,13.05407,10.3571
116900288,17623,개웅어린이공원,20.99578,11.493743,9.119136
116900289,17624,거성슈퍼,28.084326,15.166185,12.032851
116900290,17625,대림그린빌라,35.208088,22.664349,17.981895
116900291,17620,정도주택,16.392853,7.4266257,5.892285
116900292,17621,신세기아파트,13.420411,3.001614,2.3814807
116900293,17626,에덴맨션,33.03562,14.928275,11.844093
116900294,17505,덕의초등학교.고척동성당,17.465897,2.2850106,1.8129274
116900295,17632,한화비즈메트로,29.515993,4.60281,3.6518695
116900296,17633,한국산업기술시험원.디지털탑프라자,33.212086,17.690641,14.035755
116900297,17634,구로디지털단지우체국,29.584665,2.9253266,2.320954
116900298,17635,JNK디지털타워,27.581839,10.702138,8.491076
116900299,17636,에이스하이엔드타워2차.G밸리산업박물관,30.961557,17.366278,13.778405
116900300,17637,대륭포스트타워8차,31.781319,15.246186,12.096324
116900301,17638,에이스하이엔드타워1차,25.449987,4.401188,3.4919026
116900302,18592,이앤씨드림타워7차,4.759218,7.574117,6.0093045
116900305,18798,한국건설생활환경시험연구원,13.091423,5.4290185,4.3073835
116900306,17151,항동우남퍼스트빌,19.115763,8.338529,6.6157885
116900307,17535,항동중학교,18.353931,0.7999879,0.63471043
116900308,17534,항동중학교,19.187038,3.4848192,2.7648554
116900310,17718,항동생활체육관,18.634003,1.9649132,1.5589622
116900311,17516,오류동삼거리,20.7487,10.640122,8.441873
116900312,17715,항동제일풍경채,22.666424,11.843255,9.396439
116900313,17655,지타워.G밸리산업박물관,33.084114,20.3392,16.137121
117000001,18001,문성초등학교,33.43281,3.0476892,2.4180365
117000002,18002,문성초등학교,24.627413,4.1906495,3.3248615
117000003,18003,금천우체국,16.588385,10.763029,8.539388
117000004,18004,금천우체국,17.083529,10.756622,8.534304
117000005,18005,말미고개.금천소방서,26.062996,5.0823293,4.03232
117000006,18006,말미고개.금천소방서,27.855185,2.7116473,2.151421
117000007,18007,금천구청.금천경찰서,28.00478,6.2039304,4.9221983
117000008,18008,금천구청.금천경찰서,30.327724,1.3091623,1.0386894
117000009,18009,시흥사거리,17.408178,2.9074585,2.3067775
117000010,18010,시흥사거리,20.697819,1.7718905,1.405818
117000011,18011,박미삼거리.국립전통예술중고,29.637955,5.1380744,4.076548
117000012,18012,박미삼거리.국립전통예술중고,19.5465,7.1013002,5.6341715
117000013,18013,시흥유통센터,17.617996,5.779503,4.5854573
117000014,18014,시흥유통센터,17.598143,1.5960435,1.2663009
117000016,18102,디지털3단지.롯데이노베이트,16.012398,12.176652,9.660956
117000017,18103,에이스하이엔드타워5차,9.715814,4.4256883,3.5113413
117000018,18104,디지털3단지.영창실업,13.829635,5.6152263,4.4551206
117000019,18105,디지털3단지운동장,12.569262,7.950888,6.3082347
117000020,18106,가산디지털단지역,11.380699,5.9773617,4.742439
117000021,18107,가산디지털단지역,15.790882,8.767062,6.955787
117000022,18108,디지털3단지.월드벤처센터,14.400041,6.2963104,4.995493
117000023,18109,디지털3단지.(주)로옴코리아,11.61402,1.5905701,1.2619584
117000024,18110,디지털3단지사거리,15.222,13.243804,10.507634
117000025,18111,디지털3단지사거리,10.759578,3.0323045,2.4058304
117000026,18112,디지털3단지사거리,10.078228,0.23412429,0.18575421
117000027,18113,금천패션아울렛사거리.마리오,10.30389,4.3583527,3.457917
117000028,18114,금천패션아울렛사거리.W몰,10.063079,4.4091783,3.498242
117000030,18116,디지털단지오거리,15.518151,7.821959,6.205942
117000031,18117,디지털단지오거리,17.714676,5.611639,4.452275
117000032,18118,가산동우체국,23.31537,7.36339,5.8421135
117000033,18119,가산초등학교,32.581615,14.673253,11.641759
117000034,18120,가산동주민센터.금천글로벌센터,21.65104,3.5748968,2.836323
117000035,18121,가산동주민센터.금천글로벌센터,23.593319,8.90859,7.0680757
117000036,18122,구립가산도서관.두산위브아파트,23.70863,7.192902,5.7068486
117000037,18123,구립가산도서관.두산위브아파트,29.356907,13.078409,10.37641
117000038,18124,독산사거리,20.890574,10.829466,8.592098
117000039,18125,독산사거리,19.716047,3.9097748,3.1020153
117000040,18126,독산주공13단지,14.901307,1.1547962,0.91621536
117000041,18127,독산1동한신코아,15.939593,1.8594115,1.475257
117000044,18130,독산근린공원,14.627565,3.2644172,2.5899887
117000045,18131,독산근린공원,16.59111,4.904495,3.8912263
117000046,18132,독산동우시장.금천50플러스센터,31.630415,7.287095,5.7815814
117000047,18133,독산동우시장.금천50플러스센터,31.35895,9.014393,7.1520195
117000048,18134,시흥사거리.시흥대교,20.691856,5.9047794,4.684852
117000049,18135,시흥사거리.금천파출소,20.691856,5.9047794,4.684852
117000050,18136,벽산아파트1단지.호압사입구,131.74203,10.707385,8.495239
117000051,18137,벽산아파트1단지.호압사입구,135.76244,18.469852,14.65398
117000052,18138,벽산아파트5단지,153.78082,37.189983,29.506533
117000053,18139,벽산아파트5단지,156.85875,38.499027,30.545128
117000054,18140,시흥동은행나무.은행나무시장,28.860989,1.8366991,1.4572371
117000055,18141,시흥동은행나무.은행나무시장,29.24242,4.601822,3.6510854
117000056,18142,은행나무입구사거리,25.833414,4.68731,3.718912
117000057,18143,은행나무입구사거리,24.343216,0.9537546,0.7567089
117000060,18146,독산고개,36.075085,6.1253033,4.8598156
117000061,18147,독산고개,27.989735,11.520824,9.140622
117000062,18148,독산사거리.한국전력구로금천지사,18.36814,9.539032,7.568268
117000063,18149,남문시장.청춘삘딩,21.84418,10.037321,7.9636106
117000064,18150,금천우체국.독산1동주민센터,20.439001,10.845737,8.605008
117000066,18152,홈플러스금천점,18.408844,9.576099,7.5976768
117000074,18160,시흥사거리,18.942587,7.271134,5.7689176
117000076,18162,문일고입구,21.25601,11.34246,8.999107
117000077,18163,문일고입구,21.117718,3.4840386,2.7642362
117000078,18164,남서울힐스테이트.국립전통예술고,33.99426,10.823129,8.58707
117000079,18165,금천폭포공원.천주교시흥성당,33.312065,12.703991,10.079347
117000080,18166,박미마을,18.433075,2.2785292,1.8077852
117000081,18167,박미마을.금천고등학교,21.28049,11.187658,8.876288
117000082,18168,기아대교,19.650917,1.5807767,1.2541882
117000083,18169,시흥3동주민센터,17.617996,5.779503,4.5854573
117000084,18170,석수역,17.87647,6.748976,5.3546376
117000085,18171,백산초.금천청소년문화의집,29.319721,0.6300302,0.49986598
117000086,18172,백산초.금천청소년문화의집,30.125359,4.125325,3.273033
117000087,18173,은행나무입구사거리,23.724857,2.33717,1.8543105
117000088,18174,은행나무입구사거리,24.252855,1.931867,1.5327433
117000089,18175,경남아파트,26.756857,0.9685087,0.76841486
117000090,18176,시흥초등학교.금천구보훈회관,31.040255,9.940365,7.8866854
117000091,18177,시흥초등학교.금천구보훈회관,33.301735,0.9804939,0.7779239
117000092,18178,동산교회앞,27.163504,3.6211593,2.8730278
117000093,18179,동산교회앞,27.463844,4.3225017,3.429473
117000094,18180,현대시장.시흥4동주민센터,29.460447,3.1759124,2.519769
117000095,18181,현대시장.시흥4동주민센터,29.576319,2.634954,2.0905724
117000096,18182,남부여성발전센터,47.029064,7.0137696,5.564725
117000097,18183,남부여성발전센터,47.029064,7.0137696,5.564725
117000098,18184,독산동정훈단지,32.71484,4.1756835,3.3129873
117000099,18185,독산동정훈단지,39.657894,10.724052,8.508464
117000100,18186,금천평생학습관.독산초등학교,33.970215,7.614357,6.041231
117000101,18187,금천평생학습관.독산초등학교,34.884964,7.138441,5.663639
117000102,18188,독산4동주민센터,34.338234,9.864297,7.826333
117000103,18189,독산동성당앞,28.408546,2.2388759,1.7763242
117000104,18190,독산동성당앞,31.976133,12.5586815,9.964058
117000105,18191,독산동쌈지공원,36.858833,4.665984,3.701992
117000106,18192,독산동쌈지공원,36.682644,4.592838,3.6439576
117000107,18193,독산3동주민센터,40.39822,7.635265,6.0578194
117000108,18194,독산3동주민센터,41.581024,11.55022,9.163944
117000109,18195,모두의학교.금천문화예술정보학교,35.043354,13.114218,10.40482
117000110,18196,모두의학교.금천문화예술정보학교,35.28303,7.4117923,5.880516
117000111,18197,모두의학교.금천문화예술정보학교,24.284073,6.6951895,5.311963
117000112,18198,관악구보훈회관.신림푸르지오,24.58072,4.2596035,3.3795693
117000113,18199,독산고등학교,32.16497,6.5737114,5.215583
117000114,18200,독산고등학교,32.16497,6.5737114,5.215583
117000115,18201,금천진로진학지원센터독산센터,35.4315,8.606208,6.8281655
117000116,18202,금천진로진학지원센터독산센터,37.979942,9.775933,7.7562256
117000117,18203,금천우체국.독산1동주민센터,17.562405,9.787056,7.76505
117000118,18204,진도아파트,19.254736,8.499132,6.7432117
117000119,18205,퍼블릭가산,12.380782,2.140254,1.6980776
117000120,18206,벽산디지털밸리,19.626633,4.0054,3.1778846
117000121,18207,마리오아울렛,10.792443,1.1442492,0.90784734
117000122,18208,국민연금공단구로금천지사앞,11.716351,8.7734585,6.9608617
117000123,18209,가산디지털단지역,11.094027,3.4160151,2.7102664
117000124,18210,마리오아울렛,8.31091,12.806254,10.160481
117000125,18211,벽산디지털밸리,15.617202,15.764174,12.507296
117000126,18212,퍼블릭가산,12.380782,2.140254,1.6980776
117000127,18213,진도아파트,15.421864,8.592516,6.817302
117000128,18214,현대지식산업센터,18.55084,24.679527,19.580736
117000129,18215,가산디지털단지역입구,11.7699585,5.916043,4.693788
117000130,18216,가산동기점,10.411981,4.1968474,3.3297787
117000131,18217,가산동종점,10.411981,4.1968474,3.3297787
117000132,18219,범일운수종점,35.768875,2.2553372,1.7893846
117000133,18220,삼익아파트앞,44.818127,8.256977,6.5510855
117000134,18222,디지털3단지.영창실업,13.829635,5.6152263,4.4551206
117000135,18223,디지털3단지.가산비즈니스센터,11.277222,1.0046386,0.7970802
117000136,18224,디지털3단지운동장,12.377032,4.9124837,3.8975644
117000137,18225,남문시장입구,30.935175,9.245725,7.335558
117000138,18226,가산디지털단지역,11.796998,6.420649,5.094143
117000140,18228,독산보건지소.별빛남문시장,31.853579,6.955966,5.518863
117000141,18229,독산보건지소.별빛남문시장,35.162884,6.7573752,5.3613014
117000181,18643,독산역2번출구,12.570928,4.7313766,3.753874
117000182,18644,독산역2번출구,15.585165,9.51694,7.5507407
117000195,18657,남부여성발전센터앞,50.812965,7.411097,5.8799644
117000196,18658,남부여성발전센터앞,53.02709,9.644482,7.651932
117000209,18671,BYC하이시티,27.590096,8.211497,6.5150023
117000225,18688,에이스하이엔드10차,11.836703,3.7743843,2.9945965
117000226,18689,대륭테크노타운17차,10.416975,2.591621,2.056192
117000276,18740,한울중학교,46.17203,5.3048797,4.2088914
117000277,18741,한울중학교,46.17203,5.3048797,4.2088914
117000278,18742,STXV타워,27.255547,15.548199,12.33594
117000299,18779,가산디지털단지역,11.094027,3.4160151,2.7102664
117000310,18776,석수역,17.397646,3.5033035,2.779521
117000312,18780,패션단지,10.656715,3.2536926,2.5814798
117000313,18781,패션단지,9.507047,5.206746,4.1310325
117000314,18778,가산디지털단지역,11.792616,8.962893,7.111159
117000315,18999,7호선가산디지털단지역,9.775523,3.7495189,2.9748683
117000316,18998,구로세관,13.324121,13.23498,10.500632
117000317,18997,구로세관,19.660818,11.971523,9.498207
117000318,18996,LG전자,11.124907,13.282519,10.538351
117000319,18995,LG전자,8.053054,13.664897,10.841729
117000320,18101,한일유앤아이아파트,12.042604,9.119708,7.2355766
117000321,78004,석수역1호선,17.397646,3.5033035,2.779521
117000906,18129,독산주공14단지,20.353045,3.9445922,3.1296394
117000907,18128,독산주공14단지,16.652931,9.389278,7.449454
117000910,18233,금빛공원앞,22.044079,4.7157235,3.741455
117000911,18232,금빛공원앞,20.278502,1.6158198,1.2819915
117000914,18810,마이크로오피스사거리앞,15.487996,7.6275706,6.0517144
117000915,18236,대우당약국,24.911158,4.0925846,3.2470567
117000916,18237,화인전자산업,23.766485,1.5115054,1.1992284
117000917,18238,은행나무로입구,26.840176,3.3502095,2.6580563
117000918,18234,삼화약국,23.30376,5.733203,4.548723
117000919,18235,삼화약국,23.30376,5.733203,4.548723
117000920,18708,범일운수종점,35.99791,3.0867631,2.449038
117000921,18221,삼익아파트,44.058216,5.013181,3.9774582
117000922,18994,남문시장입구.청춘삘딩,27.606556,3.065766,2.4323788
117000924,18239,시흥대교,15.328899,1.5403314,1.2220988
117000926,18240,가산디지털단지역1호선,13.197023,11.659243,9.250443
117000927,18115,금천패션아울렛사거리.현대아울렛,10.30389,4.3583527,3.457917
117000928,17159,한일유앤아이아파트,11.450669,5.6343904,4.470325
117000929,18144,독산한신아파트,15.716212,10.45191,8.292545
117000930,18145,금하마을,14.659775,5.179083,4.109084
117000931,18699,금천패션아울렛사거리.마리오,11.939109,13.420087,10.647496
117000933,92690,광명IC(가상),26.734032,10.189129,8.084055
117000934,92691,광명IC(가상),24.331253,6.632343,5.2621007
117000935,18218,가산디지털단지역1번출구,13.946542,7.2069564,5.7179995
117000936,00000,벽산1단지아파트(가상),126.35911,8.651569,6.864155
117000937,18782,디씨아이(데이터센터),12.489325,7.6373973,6.059511
117900002,18829,독산역,13.939708,6.87451,5.454236
117900003,18828,홈플러스금천점,14.613937,9.097009,7.2175665
117900005,18826,교학사,14.343005,4.094555,3.2486198
117900006,18824,시흥1동공영주차장.금천노인종합복지관,16.03187,9.896515,7.851895
117900007,18821,독산현대아파트.금천50플러스센터,32.32231,2.8574374,2.2670908
117900008,18820,성지아파트,19.817936,9.8058815,7.7799864
117900010,18818,온누리아파트.가산비전파크,17.025724,3.5384908,2.8074386
117900011,18817,대륭테크노타운12차,19.051817,11.838661,9.392794
117900012,18816,진도3차아파트,25.352697,6.134948,4.867468
117900013,18815,문일중고입구.기아금천지점,20.57044,14.616122,11.596431
117900014,18812,에이스하이엔드타워클래식,20.534338,21.582077,17.12322
117900015,18809,유창슈퍼,25.286251,11.313627,8.976233
117900016,18808,금천구종합청사.금천구청역,16.117548,2.9566925,2.3458397
117900017,18807,가산테라타워,17.672447,10.838736,8.599453
117900018,18806,한진택배,11.29661,8.383609,6.651555
117900019,18803,구립가산도서관.두산위브아파트,24.438305,8.199053,6.5051284
117900020,18802,문일고입구,21.117718,3.4840386,2.7642362
117900021,18800,빅마켓.청광아파트,17.125885,2.4338155,1.9309891
117900023,18797,가산디지털단지역9번출구,13.632073,11.580507,9.187975
117900024,18796,길상마트,17.788048,3.8498564,3.054476
117900025,18795,독산한신아파트,17.701029,8.859041,7.028764
117900026,18794,두산위브아파트정문,25.080563,9.915772,7.867174
117900028,18792,벽산디지털밸리6차,9.715814,4.4256883,3.5113413
117900029,18790,가산동주민센터.금천글로벌센터,27.774172,9.658587,7.6631236
117900031,18788,대륭테크노타운8차,16.833181,13.345005,10.587927
117900032,18786,제일교회,52.35595,4.7561183,3.7735043
117900033,18784,고원약국,28.027649,11.02531,8.74748
117900034,18772,두산로입구,9.861738,11.260318,8.933936
117900035,18764,동일여고.금천사이언스큐브,86.667915,29.268354,23.221512
117900036,18763,가산초교,35.69366,0.8657504,0.6868863
117900037,18552,산기슭공원,65.71684,2.654983,2.1064634
117900038,18842,산기슭공원B,66.933,4.1068435,3.2583694
117900039,18841,탑동초등학교.청담종합사회복지관,42.322685,5.9172373,4.694736
117900040,18840,한울중학교.금강아파트,44.775925,12.157916,9.6460905
117900041,18839,어울샘.동산중앙교회,33.89108,5.0659657,4.019337
117900042,18838,금천구종합청사.금천구청역,15.773973,4.2569733,3.3774827
117900043,18836,은행나무시장입구동편,30.597342,3.1048293,2.4633715
117900044,18834,가산디지털단지역,11.094027,3.4160151,2.7102664
117900045,18833,청년취업사관학교금천캠퍼스,20.331463,13.082951,10.380013
117900048,18639,벽산6단지입구,95.3086,21.3686,16.953848
117900049,18618,독산고개입구,31.15204,7.51055,5.9588704
117900050,18617,KCC웰츠밸리,12.616267,4.2477756,3.3701851
117900052,18598,시흥모터스,16.300417,4.150974,3.2933826
117900053,18596,벽산1단지입구,120.990974,12.517749,9.931582
117900054,18595,금천육교앞,17.191746,5.858474,4.6481133
117900055,18594,가산디지털단지역9번출구,13.632073,11.580507,9.187975
117900056,18593,현대아울렛,12.9094305,10.695278,8.485634
117900057,18590,호압사입구,131.99103,29.021,23.02526
117900058,18586,한신IT타워,9.797924,9.140995,7.2524657
117900059,18585,빅마켓,18.55084,24.679527,19.580736
117900060,18583,벽산아파트5단지,130.37244,20.422026,16.202835
117900061,18581,STXV타워,16.371546,17.139002,13.5980835
117900063,18577,가산초교,37.251945,5.071652,4.0238485
117900065,18573,우방아파트.범일운수종점,51.53851,8.306892,6.5906887
117900066,18572,꿈나래어린이집,16.22352,8.234501,6.533253
117900067,18571,고원약국,30.668905,11.818717,9.37697
117900069,18566,가산동주민센터.금천글로벌센터,28.974451,13.279339,10.535828
117900070,18565,대륭테크노타운12차,22.892492,5.89761,4.679164
117900071,18564,길상마트,18.608786,4.168229,3.3070729
117900073,18561,두산위브아파트정문,22.429035,3.5333912,2.8033926
117900074,18560,대륭테크노타운2차,11.288608,10.999244,8.7268
117900075,18559,빅마켓.청광아파트,17.125885,2.4338155,1.9309891
117900076,18558,두산로입구,12.782701,13.094359,10.389065
117900077,18557,한울중학교.금강아파트,45.6712,14.576595,11.565071
117900078,18556,시흥초등학교.금빛공원,22.713074,4.3979745,3.489353
117900080,18554,진도2차아파트,16.627365,8.339692,6.6167116
117900081,18550,시흥초등학교.시흥1동주민센터,21.047882,3.494256,2.7723427
117900082,18549,은행나무입구사거리,22.523413,3.828752,3.037732
117900083,18548,구립가산도서관.두산위브아파트,23.960415,3.3670623,2.6714272
117900086,18545,유창슈퍼,18.621403,5.9854164,4.7488294
117900087,18544,구립독산도서관,57.57165,5.992024,4.7540717
117900088,18543,시흥사거리.대명시장,20.152237,6.454873,5.1212964
117900089,18542,시흥동은행나무,29.481346,8.377924,6.6470447
117900090,18541,가산테라타워,20.087988,13.735304,10.89759
117900091,18540,박미마을,18.059706,1.2211531,0.9688629
117900092,18538,진도3차아파트,26.131104,2.2588096,1.7921395
117900093,18537,해찬아파트,62.52149,14.682921,11.64943
117900094,18536,은행나무시장입구동편,30.840689,2.2924967,1.8188667
117900095,18535,에이스하이엔드타워클래식,20.534338,21.582077,17.12322
117900096,18533,독산현대아파트.금천50플러스센터,32.51903,5.7983704,4.600427
117900097,18532,구민문화체육센터,42.129753,7.306239,5.79677
117900098,18531,어울샘.동산중앙교회,35.72788,4.975222,3.9473412
117900099,18530,온누리아파트.가산비전파크,14.539191,4.747747,3.7668624
117900100,18528,독산주공14단지,11.002679,6.6432695,5.27077
117900101,18526,무지개아파트,31.248,20.134815,15.974962
117900102,18525,태영빌라,61.06751,14.218906,11.2812805
117900103,18524,탑동초등학교.청담종합사회복지관,45.045403,7.3061295,5.7966833
117900105,18522,문일고입구,21.25601,11.34246,8.999107
117900106,18519,남문교회,51.3127,10.414274,8.262686
117900107,18518,시흥동향나무.삼층석탑,49.18156,7.68704,6.0988975
117900109,18514,금천현대아파트.청소년문화의집,13.945584,3.0064049,2.3852816
117900110,18515,독산주공1319동,16.174559,3.9436557,3.1288965
117900111,18513,문일중고입구.기아금천지점,19.356348,9.790749,7.76798
117900112,18512,문성중학교,48.22545,20.190695,16.019299
117900113,18511,독산역,15.420915,12.6655655,10.04886
117900114,18510,벽산3단지앞,63.19002,15.487989,12.288171
117900116,18508,무지개아파트,27.624855,10.162736,8.063115
117900117,18507,롯데캐슬1차서문.해가든아파트,15.494787,1.6843033,1.3363262
117900118,18506,성지아파트,26.58311,25.850245,20.509584
117900119,18504,벽산3단지,71.39842,20.157335,15.99283
117900120,18502,독산한신코아.한신아파트,17.800129,9.168266,7.2741027
117900121,18501,시흥1동공영주차장.금천노인종합복지관,20.637142,16.600048,13.170478
117900122,18867,금천구종합청사.금천구청역,16.530905,0.8739367,0.69338137
117900123,18866,두산어린이공원,19.754652,2.2986364,1.8237381
117900124,18865,시흥2동주민센터.동일여고,52.20201,7.96136,6.316543
117900125,18863,시흥사거리.대명시장,21.475124,1.0761938,0.85385215
117900126,18861,금빛공원,21.653677,2.896469,2.2980585
117900127,18860,롯데캐슬1차서문.해가든아파트,14.029996,2.9484777,2.3393223
117900128,18859,금천현대아파트.청소년문화의집,14.968629,2.8462994,2.258254
117900129,18858,하안주공1317동,13.952311,4.0212393,3.1904514
117900130,18856,난곡중학교,34.56851,8.379769,6.6485085
117900131,18854,문성중학교,48.22545,20.190695,16.019299
117900132,18853,남문교회,51.3127,10.414274,8.262686
117900133,18852,태영빌라,64.99916,20.825605,16.523035
117900134,18850,구민문화체육센터,45.64963,16.987926,13.478221
117900135,18848,해찬아파트,62.52149,14.682921,11.64943
117900136,18847,벽산3단지앞,66.6318,14.168543,11.241322
117900137,18845,구립독산도서관,57.57165,5.992024,4.7540717
117900138,18844,시흥동향나무.삼층석탑,52.69688,17.509987,13.892424
117900139,18843,안천초등학교,16.341145,4.808112,3.8147562
117900140,18503,가산디지털단지역2번출구,12.070029,10.599586,8.409711
117900141,17576,한일유앤아이아파트,11.450669,5.6343904,4.470325
117900142,18570,에이스태세라타워,15.276532,3.3082342,2.624753
117900144,18783,벽산디지털밸리2차,15.518313,6.0385733,4.7910037
117900145,18822,대륭테크노타운2차,12.316756,3.6748981,2.9156642
117900146,18851,한일유앤아이아파트,11.450669,5.6343904,4.470325
117900147,18527,두산초등학교,15.134634,3.2699091,2.594346
117900148,18553,독산역,16.956137,4.7667236,3.7819183
117900149,18785,안천중학교,15.020317,3.3130026,2.6285362
117900150,18787,청년취업사관학교금천캠퍼스,20.331463,13.082951,10.380013
117900151,18805,진도2차아파트,19.570606,8.3446045,6.6206093
117900152,18814,시흥모터스,16.530235,6.321974,5.015854
117900153,18825,두산초등학교,14.674409,1.3672224,1.0847543
117900154,18868,두산어린이공원,19.754652,2.2986364,1.8237381
117900157,18534,시흥유통상가.금천고,18.64782,5.4801307,4.3479357
117900158,18562,남부여성발전센터,53.02709,9.644482,7.651932
117900160,18791,범일운수종점,34.120956,7.8001842,6.1886663
117900161,18864,시흥동은행나무,31.407671,7.5309377,5.9750457
117900162,18582,독산고개입구.금천구가족문화센터,35.374245,0.059047557,0.04684833
117900163,18499,가산한화비즈메트로2차,17.332958,10.918286,8.662568
117900165,18993,안양천로입구,16.214155,1.8610628,1.4765671
117900166,18992,시흥사거리,21.13393,5.360319,4.252877
117900168,18965,한울중학교앞,44.775925,12.157916,9.6460905
117900169,18964,한빛무궁화아파트,41.74565,19.983746,15.855104
117900170,18963,신흥초등학교,37.0587,17.144423,13.602385
117900171,18962,시흥아파트앞,37.867176,13.433105,10.657826
117900172,18961,삼성산자연공원.삼성체육공원,41.923496,14.389858,11.416913
117900173,18960,시흥5동주민센터,30.251553,9.758963,7.742761
117900174,18959,백운한비치.금광포란재아파트,32.050865,4.097227,3.25074
117900175,18970,시흥5동성당,57.03999,33.252235,26.382324
117900176,18969,시흥계곡앞,50.966892,22.385122,17.760357
117900177,18968,영일빌라,47.857048,7.959155,6.3147936
117900178,18967,금천폭포공원,34.315186,9.040192,7.172488
117900180,18989,석수역,18.83875,6.036692,4.7895117
117900181,18988,석수역,16.756563,2.6282213,2.0852308
117900182,18987,기아대교앞,16.984133,2.627075,2.0843213
117900183,18985,시흥3동공영주차장앞,22.859486,3.8336072,3.041584
117900184,18984,금천고등학교,28.776989,13.0790825,10.376945
117900185,18982,영일빌라,46.766575,10.276079,8.153041
117900186,18981,시흥계곡앞,45.25435,17.702581,14.045227
117900187,18980,시흥5동성당,53.738415,24.807417,19.682205
117900188,18979,관악우방아파트,40.976116,13.024926,10.333976
117900189,18978,금광포란재.백운한비치아파트,32.522106,2.4708412,1.9603654
117900190,18974,신흥초등학교,36.589596,12.829594,10.178999
117900191,18973,한빛무궁화아파트,38.990166,15.2033205,12.062314
117900192,18972,한울중학교앞,39.51121,6.3884735,5.068615
117900193,18857,산기슭공원,65.71684,2.654983,2.1064634
117900194,18975,시흥아파트앞,36.467648,13.065551,10.366208
117900195,18983,금천문화원.국립전통예술중고,46.840458,13.287355,10.542188
117900196,18976,삼성체육공원.삼성산자연공원,40.300777,6.877299,5.456449
117900207,18977,시흥5동주민센터,34.038082,3.6233315,2.8747513
117900208,18873,롯데캐슬1차정문.해가든아파트,17.550213,7.464218,5.9221106
117900209,18869,롯데캐슬3차,16.336977,3.6610913,2.9047098
117900210,18872,롯데캐슬1차동문,16.85994,3.3075266,2.6241918
117900211,18871,롯데캐슬1차정문.해가든아파트,15.590335,4.437411,3.5206418
117900212,18600,문성초등학교,25.54696,5.989051,4.751713
117900213,18601,섭리의집,52.930088,39.99807,31.734468
117900214,18602,섭리의집,52.930088,39.99807,31.734468
117900215,18587,가산동주민센터,15.138053,1.6141706,1.2806829
117900216,18588,가산아스크타워,16.254545,10.907029,8.653637
117900217,18589,가산로데오거리,13.285956,2.65338,2.1051917
117900218,18603,가산디지털단지역3번출구,14.476957,5.306737,4.2103653
117900220,18569,대륭테크노타운19차,14.044535,6.804747,5.3988867
117900222,18801,롯데캐슬2차,14.066042,1.1662394,0.92529434
117900223,18804,롯데캐슬2차,14.045898,1.5295274,1.2135271
117900224,18500,RSM타워.르노코리아서부사업소,11.20841,3.158955,2.506315
117900225,18517,아톰주식회사,12.094316,4.04952,3.2128892
117900226,18755,서울시립금천청소년센터,88.817894,14.068384,11.161856
117900227,18756,서울시립금천청소년센터,88.817894,14.068384,11.161856
117900228,18757,탑스빌아파트.벽산6단지아파트,78.569916,13.054434,10.3573885
118000001,19001,문래동남성아파트,11.241949,1.4978983,1.1884326
118000002,19002,문래동남성아파트,12.879222,7.247587,5.7502356
118000003,19003,남부지방법원등기국.구로세무서(에이스하이테크시티),10.788996,1.722687,1.3667799
118000004,19004,남부지방법원등기국.구로세무서(에이스하이테크시티),12.983589,4.2483125,3.370611
118000005,19005,영등포역,13.130818,2.07978,1.6500975
118000006,19006,영등포역,12.720446,10.408312,8.257955
118000007,19007,여의도환승센터,10.928396,19.255743,15.277507
118000008,19008,여의도환승센터,15.392277,12.366435,9.81153
118000009,19009,서울영림초등학교,14.834152,3.0280497,2.4024546
118000010,19010,강남성심병원.대림성모병원,15.503094,1.6925265,1.3428504
118000011,19011,경남아너스빌아파트,24.068811,2.5942893,2.058309
118000012,19012,보라매공원,19.872627,4.316793,3.4249434
118000013,19013,보라매역.동작세무서,23.15319,5.3171263,4.2186084
118000014,19014,서울지방병무청,27.882717,7.5867724,6.0193453
118000015,19015,대방역,18.366562,12.447298,9.875686
118000016,19101,신길영신로삼거리,29.286848,2.2406344,1.7777193
118000017,19102,영등포공원.영등포문화원,26.14745,9.018811,7.1555247
118000018,19103,영등포공원.영등포문화원,17.7728,4.6827135,3.7152648
118000019,19104,영등포시장역3번출구,11.754453,3.037689,2.4101024
118000020,19105,영등포시장,15.718338,4.6961493,3.725925
118000021,19106,영등포로터리,13.673215,7.547265,5.988
118000023,19107,영등포로터리,14.212216,7.12031,5.649254
118000024,19109,영등포시장,16.021568,3.247351,2.5764482
118000025,19110,경방타임스퀘어.신세계백화점,17.32462,2.710715,2.1506813
118000027,19112,경방타임스퀘어.신세계백화점,8.16295,23.403612,18.568426
118000029,19114,영등포역5번출구,12.26006,3.9934404,3.1683955
118000032,19117,경방타임스퀘어.신세계백화점,17.058298,3.0813968,2.44478
118000033,19118,김안과병원,17.951086,7.938554,6.2984486
118000034,19119,김안과병원,14.661315,6.04723,4.797872
118000035,19120,영등포시장역4번출구,12.441613,4.9016185,3.8889441
118000036,19121,신화요양병원,12.966255,6.3202314,5.0144715
118000037,19122,신화요양병원,11.304423,1.774446,1.4078455
118000038,19123,영동초교,12.054452,6.027458,4.7821856
118000039,19124,영동초교.영등포평생학습관,12.520412,7.6677723,6.0836105
118000040,19125,삼환아파트,8.448138,5.5833097,4.429798
118000041,19126,당산푸르지오아파트,11.6111765,10.341099,8.204628
118000042,19127,하이서울유스호스텔,12.608773,7.149011,5.6720257
118000044,19129,국회의사당,16.808773,12.084304,9.587687
118000045,19130,KBS,13.628183,4.218616,3.34705
118000046,19131,국회의사당,14.468319,5.653293,4.485323
118000047,19132,국회의사당역.KB국민은행,12.830295,3.1175957,2.4735003
118000048,19133,국회의사당역5번출구,15.329751,1.1241366,0.89189
118000051,19136,여의도순복음교회,11.935688,15.8734,12.593955
118000052,19137,여의도순복음교회,15.173132,14.289504,11.337293
118000053,19138,여의도공원9번출입구,21.786781,8.14536,6.4625287
118000054,19139,여의나루역1번.한강버스선착장,19.486828,16.742725,13.283678
118000055,19140,여의나루역2번.한강버스선착장,16.796898,8.270502,6.5618167
118000056,19141,여의도중학교,19.05287,6.6723514,5.2938437
118000057,19142,여의도중학교,15.564391,9.827315,7.7969923
118000058,19143,63빌딩.가톨릭대학교여의도성모병원,13.853924,4.1109962,3.2616644
118000059,19144,63빌딩.가톨릭대학교여의도성모병원,14.194223,10.149828,8.052874
118000060,19145,시범아파트,16.55754,1.0320371,0.8188182
118000061,19146,시범아파트.대교아파트,17.213318,2.8879838,2.2913263
118000062,19147,여의동주민센터,17.214642,12.177426,9.661571
118000063,19148,여의동주민센터,21.028925,2.629781,2.0864682
118000064,19149,진주아파트,15.246594,8.060713,6.39537
118000065,19150,KBS별관,17.970594,6.558433,5.2034607
118000066,19151,샛강역3번출구,15.891345,1.9901197,1.578961
118000067,19152,여의도공원1번출입구,12.064166,9.32269,7.396622
118000068,19153,샛강역1번출구.여의도자이,25.49429,20.833427,16.529242
118000069,19154,샛강역4번출구.여의도자이,28.13597,9.269463,7.3543916
118000070,19155,여의도역6번출구,16.826405,10.158814,8.060003
118000071,19156,여의도역5번출구,13.8157625,7.0423875,5.5874305
118000072,19157,한국거래소,13.867408,9.331531,7.4036365
118000073,19158,한국거래소,10.800604,7.2925196,5.785885
118000074,19159,삼부아파트,17.759003,11.037695,8.757307
118000075,19160,여의도공작아파트,17.12377,3.0162108,2.3930616
118000076,19161,한국경제인협회,13.821889,5.9058156,4.6856737
118000077,19162,당산동진로아파트,12.25458,3.6924222,2.9295678
118000078,19163,당산동진로아파트,11.276682,6.843729,5.429815
118000079,19164,필립메디컬센터,14.901306,4.777646,3.7905843
118000080,19165,양남사거리,14.313608,6.5649853,5.2086596
118000081,19166,영등포교보생명,11.143754,3.1569555,2.5047283
118000082,19167,현대아파트,10.587823,12.499933,9.917447
118000083,19168,영등포구청,11.746903,6.048256,4.7986865
118000084,19169,영등포구청,13.009737,6.9354844,5.502613
118000085,19170,영등포구민회관.영등포경찰서,11.149213,5.863851,4.6523795
118000086,19171,당산동삼익아파트,8.495636,4.74007,3.7607713
118000087,19172,당산역13번출구,17.133944,21.032845,16.68746
118000088,19173,당산119안전센터.당산역,12.579445,2.9693038,2.3558457
118000089,19174,당산역.삼성래미안아파트,14.968721,3.93848,3.12479
118000090,19175,당산역삼성래미안아파트,14.5251,3.3943393,2.693069
118000091,19176,당산역2번출구,22.297007,7.3057313,5.796367
118000092,19177,당산역11번출구,15.5052,0.54327476,0.4310342
118000093,19178,당산역10번출구,17.383032,9.687541,7.686095
118000096,19181,당산삼성2차아파트,12.675098,3.5534031,2.8192701
118000097,19182,당산유원제일1차아파트,12.766106,2.8092868,2.2288883
118000098,19183,서울영등포우체국,15.292997,18.830578,14.940181
118000099,19184,도림생활문화센터,22.105534,3.2400498,2.5706556
118000101,19186,도림새마을금고,17.74477,5.6183205,4.457576
118000102,19187,도림새마을금고,15.787195,2.6314414,2.0877857
118000107,19192,문래역3번출구,11.327327,5.4235835,4.303071
118000108,19193,문래역3번출구,19.433992,3.6271043,2.8777447
118000109,19194,서울지방노동위원회.대림아파트,13.318715,7.014693,5.5654573
118000110,19195,국화아파트,12.748602,1.2287015,0.9748517
118000111,19196,현대6차아파트,11.889133,11.967864,9.495303
118000112,19197,문래롯데캐슬,15.091989,3.769131,2.9904284
118000113,19198,문래중학교,11.38154,7.232818,5.7385178
118000114,19199,문래중학교,11.601251,3.0331092,2.4064689
118000115,19200,문래동국화아파트,13.106373,1.8269466,1.4494995
118000116,19201,서울지방노동위원회.대림아파트,11.489786,10.035286,7.9619956
118000117,19202,양평1동주민센터,14.29394,7.4906545,5.943085
118000118,19203,양평신동아아파트,8.769038,6.419144,5.092949
118000119,19204,관악고등학교,13.660531,3.3397424,2.6497517
118000120,19205,관악고등학교,11.207071,5.8737535,4.6602364
118000121,19206,당중초등학교,17.808252,9.293202,7.3732266
118000122,19207,당중초등학교,17.185186,5.5042844,4.3670993
118000123,19208,남부고용노동지청,11.308921,2.9154675,2.313132
118000124,19209,남부고용노동지청,12.032326,5.979105,4.743822
118000125,19210,선유도역1번출구.한신아파트,9.815448,1.3059411,1.0361336
118000126,19211,선유도역8번출구.한신아파트,11.054909,7.037651,5.5836725
118000127,19212,선유도역.롯데웰푸드,15.4457035,2.0604587,1.6347679
118000128,19213,선유도역.롯데웰푸드,15.895832,4.0493245,3.212734
118000129,19214,양평한신아파트.선유도공원입구,17.023195,9.64169,7.649717
118000130,19215,영등포아리수정수센터,14.317769,6.364374,5.0494947
118000131,19216,양평한신아파트.선유도공원입구,16.7936,5.424536,4.3038273
118000132,19217,안양천입구,12.28678,12.558955,9.964274
118000133,19218,양평동한솔아파트,17.57076,3.8084326,3.0216103
118000135,19220,선유도역2번출구.당산초등학교,16.283066,4.265417,3.3841817
118000136,19221,영등포세무서.선유고등학교,11.949361,7.485277,5.938819
118000137,19222,영등포세무서.선유고등학교,13.21564,7.1021852,5.634874
118000138,19223,선유중학교,9.87689,4.3822393,3.4768686
118000139,19224,선유중학교,14.77429,8.44382,6.699327
118000140,19225,신길역1번출구,22.240746,4.6583223,3.6959128
118000141,19226,신길1동새마을금고,17.03686,3.4575622,2.7432299
118000142,19227,신길1동새마을금고,14.611089,1.774091,1.4075638
118000143,19228,대신시장,17.633202,6.269543,4.9742556
118000144,19229,대윤병원,15.223659,11.241306,8.918853
118000145,19230,대신시장,16.325548,4.420501,3.5072255
118000146,19231,영등포농협.신길2동새마을금고,19.164228,2.400284,1.9043853
118000147,19232,우신초등학교,29.002293,9.957326,7.9001427
118000148,19233,포레나신길아파트,27.300783,5.2361526,4.1543636
118000149,19234,성락교회,17.92785,19.84677,15.746427
118000150,19235,성락교회,13.166191,10.359181,8.218975
118000151,19236,도림생활문화센터,23.040188,11.278337,8.948233
118000153,19238,우신초등학교,28.027243,8.327622,6.607136
118000154,19239,신길힐스테이트클래시안아파트,24.87012,12.824813,10.175207
118000155,19240,신길동홍어거리,21.354223,2.268438,1.7997788
118000156,19241,신풍역4번출구.베뉴비안,22.98938,9.284669,7.3664565
118000157,19242,신길5동주민센터,15.47863,1.1249207,0.8925121
118000158,19243,신길5동주민센터,15.701599,5.1628585,4.096212
118000159,19244,영등포제1스포츠센터.신풍역,16.267118,1.5365236,1.2190778
118000160,19245,영등포농협도림로지점.우리시장,16.71992,2.5415869,2.016495
118000161,19246,영등포농협도림로지점,15.134732,3.9268482,3.1155615
118000162,19247,태양의집.KT대방지사,27.994917,10.570304,8.386479
118000163,19248,신길주유소,19.57529,2.4729886,1.9620692
118000164,19249,신풍역5번출구.베뉴비안,23.851866,6.946113,5.5110464
118000168,19253,대방역,20.900108,8.359508,6.632434
118000169,19254,대방역,17.056778,9.460605,7.5060434
118000170,19255,공군호텔,23.369413,11.412495,9.054673
118000171,19256,서울지방병무청,33.06775,9.512953,7.5475764
118000172,19257,대방초등학교,24.307322,2.7828417,2.2079065
118000173,19258,태양의집,19.736572,7.523027,5.9687696
118000175,19260,대림동우체국,16.603647,2.437629,1.9340148
118000176,19261,흰돌교회,13.438957,3.566486,2.82965
118000177,19262,대동초등학교,20.288418,10.921198,8.664878
118000179,19264,대림역12번출구,17.12995,3.9613557,3.1429396
118000180,19265,대동초등학교.명지성모병원,16.446333,7.414216,5.882439
118000181,19266,대동초등학교,16.71244,5.1477737,4.084244
118000182,19267,흰돌교회,15.566547,4.68237,3.7149925
118000183,19268,대림동우체국,16.295752,2.0840976,1.653523
118000184,19269,대림동우성아파트,18.112661,3.1731794,2.5176005
118000185,19270,대림역9번출구,16.080809,6.869678,5.4504027
118000186,19271,대동초등학교.명지성모병원,14.987448,3.861592,3.063787
118000187,19272,대림동우성아파트,17.185246,4.412992,3.501268
118000188,19273,YDP미래평생학습관,8.76791,6.7671695,5.3690724
118000189,19274,대림동현대3차아파트,14.280695,4.0610676,3.222051
118000190,19275,신영초등학교,12.884036,4.071526,3.2303486
118000191,19276,YDP미래평생학습관,13.015635,2.0745106,1.6459166
118000192,19277,선유도공원,12.955004,30.392664,24.11354
118000193,19278,선유도공원,2.5790167,9.778219,7.7580395
118000194,19279,신길역5호선,13.779446,12.032007,9.546195
118000195,19280,국회의사당,16.3261,5.2703743,4.1815147
118000196,19281,산업은행본점,6.851374,17.466005,13.857529
118000197,19282,더현대서울,10.442485,2.026404,1.6077487
118000198,19283,유진투자증권,15.772517,8.686306,6.891715
118000199,19284,파크원타워.LG트윈타워,14.172911,2.3462837,1.8615415
118000200,19286,여의도한양아파트,17.9322,9.461235,7.5065436
118000201,19287,하나은행여의도지점,14.72744,6.821688,5.412328
118000202,19288,여의도수정아파트,17.489716,6.6121397,5.246072
118000203,19290,여의도역3번출구,10.024486,3.660595,2.904316
118000204,19292,문래우체국.문래예술공단,15.673971,1.1973139,0.94994885
118000205,19293,문래우체국.문래예술공단,15.188842,2.1096392,1.6737877
118000206,19294,대림3동주민센터,13.657479,3.0075915,2.386223
118000208,19296,대방역,17.65811,6.138114,4.86998
118000209,19297,신길3동주민센터,22.926867,4.6449213,3.6852808
118000210,19298,대길초등학교,19.558844,3.3925073,2.6916153
118000211,19299,미보빌딩,20.81145,2.1746333,1.7253541
118000213,19303,여의도순복음교회비전센터,11.534129,7.795661,6.1850777
118000214,19305,문래역.문래자이아파트,13.790695,3.4926622,2.771078
118000215,19306,대방역7번출구,14.998328,12.774274,10.135109
118000216,19307,대방역,15.9492655,9.889629,7.846432
118000218,19309,대길초등학교,21.165684,4.1617637,3.301943
118000219,19310,대방천사거리,21.065025,5.1155896,4.058709
118000220,19311,대방천사거리,21.627321,4.629588,3.6731153
118000221,19312,대림코오롱아파트,16.913366,7.4918737,5.944052
118000222,19313,영등포로터리,11.155687,0.40918985,0.32465124
118000223,19314,신길주유소교차로.신풍역3번출구,17.822927,3.5799973,2.8403697
118000224,19315,신길주유소교차로.신풍역3번출구,15.579519,1.0789644,0.8560503
118000225,19316,영문초등학교,14.784217,2.6617463,2.1118295
118000226,19317,영문초등학교,13.622146,5.2148266,4.1374435
118000227,19318,문래역1번출구,13.542996,3.0708778,2.4364345
118000228,19319,양화중학교.홈플러스,16.854895,5.4529057,4.3263354
118000229,19320,기계회관,12.172948,3.430528,2.7217808
118000230,19321,신동아아파트,18.63688,10.111987,8.02285
118000231,19322,신영초교,17.460516,8.644493,6.858541
118000232,19323,우성5차아파트,16.151098,5.579367,4.4266696
118000233,19324,우성5차아파트,15.473715,5.9354854,4.709214
118000234,19325,현대3차.성원아파트,16.102686,1.7679154,1.4026641
118000236,19327,대림3동사거리.명지춘혜병원,18.996077,14.40276,11.427149
118000237,19328,현대2차아파트,13.719864,14.527947,11.526474
118000238,19329,성원아파트.한국상하수도협회,13.794273,2.6678872,2.1167016
118000239,19330,베뢰아국제대학원대학교.수정교회,15.163398,3.1235876,2.4782546
118000240,19331,영등포역1번출구,23.288507,7.4849935,5.938594
118000241,19332,성원아파트입구,17.224588,8.549481,6.783159
118000242,19333,신길우성1차.건영아파트,17.507116,6.5074325,5.162997
118000243,19334,건영아파트,17.09818,1.6548994,1.3129971
118000244,19335,영등포동.영등포푸르지오아파트,23.592577,6.4693294,5.132766
118000246,19337,성애병원,20.7879,4.5253353,3.590401
118000255,19346,보라매역4번출구,21.6365,5.176261,4.1068454
118000256,19347,신길새마을금고.영진시장,20.078173,2.832124,2.2470071
118000259,19350,신길광장공원,16.1476,0.803829,0.63775796
118000260,19351,대성아파트.건영아파트후문,14.151055,3.2124622,2.5487673
118000261,19352,대성유니드아파트,14.563394,3.7434564,2.9700582
118000263,19354,건영아파트후문,16.140835,5.4328504,4.3104234
118000266,19357,대림동코오롱아파트,19.530264,10.372275,8.229363
118000267,19358,문래동종점,12.461214,1.0411365,0.8260377
118000268,19359,문래동시점,9.882917,3.8437743,3.0496504
118000270,19361,신길1차우성아파트,18.448742,3.2562788,2.5835316
118000271,19628,래미안에스티움,20.1727,3.7212467,2.9524372
118000273,19364,영등포동.영등포푸르지오아파트,21.744598,13.151452,10.434361
118000274,19365,우신초교앞사거리,28.832092,12.131621,9.625228
118000276,19367,도림초교사거리,17.933775,3.806791,3.020308
118000295,19386,고추말,26.633867,21.027903,16.683538
118000298,19389,코끼리할인마트,15.128155,6.415587,5.0901265
118000299,19390,대영고등학교.신길센트럴아이파크,12.749509,5.0977592,4.0445623
118000301,19392,동양볼링장,11.857659,6.419867,5.0935225
118000302,19393,보라매공원입구,20.62529,0.7491875,0.59440535
118000311,19402,현대2차아파트후문,14.300678,8.511195,6.7527823
118000312,19403,도림초교사거리,20.497831,5.5472293,4.4011717
118000313,19404,도림초등학교,21.651081,7.4018474,5.872626
118000314,19405,고추말,22.411837,16.676258,13.230943
118000315,19406,SG메디피움,13.190053,3.6226754,2.8742306
118000316,19407,도림사거리,13.521266,1.923664,1.526235
118000325,19416,기림약국,14.544548,3.1381962,2.489845
118000326,19418,신길광장공원,14.753928,1.6746502,1.3286675
118000331,19423,코사마트,15.630088,5.252635,4.1674404
118000332,19424,성락빌딩,16.089298,1.4118191,1.1201372
118000333,19425,대림119안전센터,16.157618,1.3157159,1.0438889
118000335,19427,두산위브진주아파트,12.788347,7.0822678,5.6190715
118000336,19428,현대3차아파트,12.30747,5.423221,4.3027835
118000353,19619,문래힐스테이트,16.509533,5.6654367,4.4949574
118000407,19709,대성유니드아파트,15.5580435,2.5161104,1.996282
118000457,19811,문래동주민센터,14.243962,5.4902186,4.3559394
118000463,19819,영등포역.페어필드메리어트,15.563037,13.016662,10.327419
118000464,19820,영등포시장전철역,11.754453,3.037689,2.4101024
118000465,19821,경방타임스퀘어.신세계백화점,2.8257349,4.592379,3.6435935
118000466,19822,당산푸르지오아파트,11.6111765,10.341099,8.204628
118000468,19824,영등포시장전철역,12.018963,4.012199,3.1832788
118000470,19826,당산역9번출구,10.909689,12.657326,10.042322
118000474,19839,대림역,18.358252,15.86078,12.583942
118000480,19847,신풍프라자,14.789306,4.535857,3.598749
118000489,19846,양화대교전망카페,9.625579,11.096488,8.803953
118000490,19848,양화대교전망카페,10.724626,10.966679,8.700962
118000492,19827,대영고등학교.신길센트럴아이파크,13.190053,3.6226754,2.8742306
118000495,19999,은성병원,11.779874,2.317623,1.838802
118000501,19996,당산119안전센터.당산역,13.790545,8.1888,6.4969935
118000504,19993,여의나루역.한강버스선착장,18.306845,4.005887,3.1782708
118000510,19302,현대아파트,10.113885,6.9889,5.5449934
118000511,19851,영등포소방서.타임스퀘어,11.2748575,3.7536058,2.9781108
118000512,19016,여의도환승센터,15.392277,12.366435,9.81153
118000513,19017,여의도환승센터,19.845222,41.53952,32.957455
118000514,19850,문래힐스테이트아파트,11.429502,5.2160544,4.1384177
118000515,19849,문래힐스테이트아파트,12.663979,5.1912904,4.11877
118000517,19852,영등포구청,9.4680195,6.0296288,4.7839074
118000518,19861,한국거래소공항방면,18.18451,23.04297,18.282293
118000523,19604,켄싱턴호텔.여의도,10.37009,13.491151,10.703879
118000524,19429,CM병원,16.606464,5.779356,4.585341
118000525,19430,대방역6번출구,15.646903,2.785871,2.21031
118000529,19963,공군호텔,27.668894,9.107799,7.2261276
118000530,19437,영등포청과시장,15.214433,10.832191,8.59426
118000531,19455,신길건영아파트,16.133535,4.3110194,3.420363
118000532,19456,신길건영아파트,11.016007,6.079492,4.823469
118000533,19458,대림3동주민센터,15.383368,2.6074727,2.068769
118000534,19457,수정교회.베뢰아국제대학원대학교,15.270033,4.9441285,3.9226716
118000535,19454,신풍시장,19.982132,9.113746,7.2308455
118000536,19434,타임스퀘어.영등포소방서,10.535308,13.009432,10.321684
118000537,19435,당산신동아파밀리에,9.795927,10.16594,8.065657
118000538,19452,당산센트럴아이파크아파트,17.694601,10.430524,8.275578
118000539,19453,영등포농협당산역지점,14.995791,6.758488,5.3621845
118000540,19450,한강아파트,15.781514,13.082905,10.379976
118000541,19438,서울시립청소년성문화센터,13.28007,5.1600013,4.093945
118000542,19439,서울시립청소년성문화센터,15.504989,3.0467937,2.4173262
118000543,19451,롯데마트맥스영등포점,16.60777,26.03146,20.65336
118000546,19436,영등포청과시장,11.221999,9.842964,7.8094077
118000551,19904,여의2교(가상),15.149644,2.6204271,2.079047
118000552,19903,여의2교(가상),14.6794615,4.207206,3.3379972
118000553,19902,성산대교남단(가상),12.464725,2.4017987,1.9055872
118000554,00000,성산대교남단(가상),12.716712,3.797813,3.0131848
118000555,19910,양화한강공원(가상),11.709523,12.864582,10.206759
118000556,19909,양화한강공원(가상),14.409552,8.227715,6.527869
118000557,19908,근로복지공단(가상),8.411717,10.44531,8.287309
118000560,19893,영등포역2번출구,23.8198,6.576954,5.2181554
118000562,19987,영등포아트자이,16.891376,4.7687125,3.7834966
118000563,19300,신길역1호선,20.762754,7.223228,5.730909
118000564,19842,국회의사당,13.718789,2.6433136,2.097205
118000575,19823,영등포삼환아파트,11.668897,9.134456,7.247277
118000576,19291,영진시장.신길새마을금고,19.779085,4.8442516,3.8434293
118000577,19289,신풍역6번출구,18.884336,4.0456963,3.2098553
118000578,19362,보라매역5번출구,21.744268,2.9465847,2.3378203
118000579,19219,신풍역3번출구,21.014347,4.3088493,3.418641
118000581,20991,서울교(가상),12.84678,10.80567,8.573218
118000582,20920,서울교(가상),14.871139,7.2712545,5.7690134
118000583,19994,여의2교(가상),9.680155,13.279761,10.536162
118000584,19982,여의2교(가상),13.158237,5.341455,4.2379103
118000585,19981,여의하류IC(가상),15.248225,4.666435,3.7023494
118000586,19980,여의하류IC(가상),10.65757,8.029492,6.3705993
118000587,19979,양화대교(가상),10.471799,2.6623676,2.1123223
118000588,19978,양화대교(가상),15.219761,11.460824,9.093019
118000589,19977,성산대교(가상),14.373175,19.693106,15.62451
118000590,19976,성산대교(가상),17.53516,13.964639,11.079545
118000591,19803,여의도메리어트호텔,11.2621765,4.375751,3.4717207
118000592,19802,샛강역4번출구.여의도자이,23.372322,18.780518,14.900462
118000593,19804,여의도메리어트호텔,13.510111,4.485472,3.5587735
118000594,19801,샛강역1번출구.여의도자이,17.804634,21.218494,16.834755
118000595,19188,신길3동주민센터,22.93739,5.6985536,4.5212326
118000596,19360,KT&G영등포지사.문래동종점,19.05871,11.216832,8.899435
118000597,19304,래미안에스티움,19.178432,5.409517,4.2919106
118000598,19251,신길중학교.래미안에스티움북문,23.273666,8.081872,6.412157
118000599,19252,도림초등학교,22.545532,1.430707,1.1351229
118000600,19353,신길중학교.래미안에스티움북문,25.065058,6.7156076,5.328163
118000601,19336,신길바다마을아파트.보라매sk뷰,33.414173,6.615383,5.2486453
118000602,19338,신길보라매sk뷰.바다마을아파트,32.99493,5.816253,4.6146154
118000603,17401,삼각공원,15.278659,5.080382,4.030775
118000604,19901,여의나루역,16.796898,8.270502,6.5618167
118000605,15401,신정교입구,16.39845,3.6466599,2.89326
118000606,17835,도림천역2번출구,8.734806,5.0671396,4.0202684
118000607,19483,대영중학교.신길센트럴아이파크,14.4857855,1.8431147,1.4623272
118000608,19341,신길우성2차아파트,18.681791,1.2862794,1.020534
118000610,19285,신길파크자이아파트,26.426931,6.6552095,5.2802434
118000611,19301,신길보라매SK뷰아파트,33.130405,8.991964,7.1342244
118000612,19997,여의도지하차도(가상),13.687708,2.6893215,2.1337078
118000614,19853,해군호텔,39.629402,7.2451925,5.748336
118000615,19854,진로A,14.125754,5.8966556,4.6784067
118000616,19326,래미안에스티움(신길파크자이),25.721384,7.849928,6.2281327
118000617,19180,페어몬트앰배서더,14.160973,7.4216833,5.8883634
118000618,19113,영등포역.패어필드호텔,13.113697,3.8834481,3.0811276
118000619,19134,양평동한솔아파트,15.718288,3.635941,2.8847556
118000620,19018,당산역광역환승센터,13.972137,5.0836496,4.0333676
118000621,19019,당산역광역환승센터,13.034255,3.9760108,3.154567
118000622,00005,한강버스.여의도선착장,3.0,0.6964659,0.55257607
118000623,19749,대림역5번출구,16.43562,8.861301,7.0305567
118000624,19776,대림동현대3차아파트,15.761636,4.5306396,3.5946095
118000625,19594,신길역2번출구,17.81896,3.632008,2.8816352
118000626,19783,문래공원사거리,14.608744,1.7824546,1.4141995
118900001,19501,당산역11번출구,17.754665,7.4554234,5.915133
118900002,19502,대림역5번출구,18.071718,8.07319,6.405269
118900003,19503,현대2.3차아파트,13.585036,7.586745,6.0193233
118900004,19504,한국환경수도연구원,12.0613365,9.267722,7.3530107
118900005,19506,당산우편물취급소,10.980017,1.7492903,1.387887
118900006,19507,기아자동차서비스센터,11.818546,4.656099,3.6941488
118900007,19508,신일어린이공원,28.29868,8.973473,7.1195536
118900008,19509,대림역7호선,17.49742,6.9909277,5.5466022
118900009,19510,효성아파트,12.391053,6.1615624,4.8885837
118900010,19511,한신아파트.선유도공원,9.423587,5.4267583,4.30559
118900011,19512,돈보스코.홈플러스,22.532658,1.9618821,1.5565573
118900012,19515,우성2차아파트,15.856003,8.16387,6.477215
118900013,19516,당산역.삼성래미안APT,20.375065,3.9284952,3.116868
118900015,19518,경남아너스빌,23.668318,3.6335056,2.8828232
118900016,19519,골프장,25.63549,9.767814,7.7497835
118900017,19520,코스트코,13.098567,12.210527,9.687832
118900018,19522,삼성래미안4차아파트북문,12.177467,3.8716235,3.071746
118900019,19525,대신시장.기업은행,15.877962,6.450582,5.117892
118900020,19526,당중초등학교.노동부남부지청,11.736196,6.2007556,4.9196796
118900021,19527,대림3동사거리,19.262424,6.3381534,5.028691
118900022,19530,신대림한솔솔파크아파트.충심교회,15.565568,1.5457329,1.2263844
118900023,19532,영은교회,9.733038,8.323492,6.6038585
118900024,19534,강변래미안아파트,20.44758,9.569569,7.592496
118900025,19535,케이카,16.260792,5.8778095,4.663454
118900026,19536,대림중앙시장,16.457119,3.322737,2.6362596
118900027,19538,양평역,9.043497,1.2158595,0.9646629
118900028,19539,대림요양병원,19.160067,6.4020157,5.079359
118900029,19540,한국산업인력공단,16.163807,8.746442,6.9394274
118900030,19541,거성파스텔아파트,13.62729,13.599249,10.789643
118900031,19542,농협.대림2동주민센터,15.057948,3.5934734,2.8510618
118900032,19544,삼성아파트.오목교아래,9.163336,9.01713,7.1541905
118900033,19546,인구보건복지협회.제일빌딩,23.057241,17.075228,13.547485
118900034,19547,선유고등학교,13.435051,4.888729,3.8787177
118900035,19548,대림포교원,16.140804,4.864354,3.8593786
118900036,19551,성락교회,11.260806,5.663373,4.49332
118900037,19552,한강성심병원,15.484764,6.1215134,4.8568087
118900038,19553,대림1동새마을금고,17.221285,6.8445463,5.430463
118900039,19555,신동아아파트.관악고교,4.2925754,5.9185195,4.6957536
118900040,19556,도림사거리,13.544439,1.7205312,1.3650695
118900041,19560,e편한세상문래에듀플라츠,10.941971,10.729702,8.512945
118900042,19563,태양의집.썬프라자,18.298029,1.8274577,1.4499049
118900045,19568,영신고등학교,19.595444,5.6063643,4.4480896
118900047,19574,신풍역.수녀원,17.473646,1.7491218,1.3877532
118900048,19578,근로복지공단.서울남부지사,16.547413,1.2364026,0.9809618
118900049,19579,현대홈타운아파트,10.28203,13.545967,10.74737
118900050,19581,삼성래미안아파트1단지,41.063774,9.389546,7.4496665
118900051,19582,벽산메가트리움APT,9.901708,4.8918157,3.8811667
118900052,19584,한강성심병원,13.732135,4.020458,3.1898315
118900053,19585,문래역.홈플러스,13.562842,3.7874427,3.004957
118900054,19586,대영초중고,12.975503,0.9107735,0.72260773
118900055,19587,삼성래미안아파트2단지,42.632538,10.366997,8.225176
118900056,19588,영일시장.록스,11.88681,12.872065,10.212696
118900058,19590,인구보건복지협회.호텔아벤트리,18.302954,15.678968,12.439693
118900059,19591,교보생명,16.147951,3.4788268,2.760101
118900062,19595,한국산업인력공단,16.52017,10.864224,8.619676
118900064,19599,영등포역,6.349585,18.422356,14.616298
118900065,19630,강변래미안아파트,16.539024,8.819261,6.997202
118900066,19631,양평동서통한신아파트,10.593971,12.314473,9.770303
118900067,19645,당산역.지하철2호선,20.474417,11.631488,9.228422
118900068,19662,당산중학교.한국소방안전원,15.031524,2.9756217,2.3608582
118900069,19663,모랫말.도림새마을금고,17.051807,4.5555096,3.6143413
118900071,19674,삼성래미안동문,16.41785,0.97093576,0.77034044
118900072,19676,양평역,11.6753845,10.788772,8.559812
118900073,19679,도림고가.영등포아트자이,13.003097,3.6706982,2.9123318
118900074,19682,남성아파트,10.843641,2.6101072,2.070859
118900075,19684,당산센트럴아이파크아파트,18.279732,10.636507,8.439005
118900076,19685,영은교회,13.393672,9.041345,7.173403
118900077,19687,도림교회,15.127027,10.22505,8.112555
118900078,19688,선화약국,18.594751,4.3587074,3.4581985
118900079,19693,문래자이아파트상가,14.172647,3.0618832,2.4292982
118900080,19697,당산효성.현대5차아파트,15.287143,2.480242,1.967824
118900081,19698,노동부남부지청,12.081156,8.999278,7.1400275
118900082,19700,도림동주민센터,15.87297,3.4825792,2.7630785
118900083,19701,푸른숲아파트,21.381508,4.5675564,3.6238992
118900084,19702,문래자이정문,15.401002,5.852051,4.6430173
118900085,19703,대신시장,15.639594,5.2579503,4.1716576
118900086,19707,현대APT후문,10.554009,5.109808,4.0541215
118900087,19708,코오롱아파트,13.884262,7.7135396,6.1199226
118900088,19710,골프장,25.461607,7.3217206,5.8090534
118900089,19713,문래자이후문,14.243962,5.4902186,4.3559394
118900090,19714,농협,19.164228,2.400284,1.9043853
118900091,19729,영등포구청.우리은행,11.927298,3.4520798,2.7388802
118900092,19730,골프장,28.24729,10.266016,8.145057
118900093,19733,문래동주민센터,11.442717,10.819407,8.584118
118900096,19741,금호아파트,9.290885,3.3273814,2.6399443
118900097,19745,도림동주민센터,16.18049,3.1729395,2.5174103
118900099,19748,도림교회,12.380704,3.4069061,2.7030394
118900100,19750,현대홈타운아파트,11.429502,5.2160544,4.1384177
118900101,19888,서울해군호텔,39.4476,4.544582,3.6056714
118900102,19883,병무청,39.37323,3.2109716,2.547585
118900103,19882,대방동성당,30.320599,1.0566542,0.8383494
118900104,19880,서울해군호텔,39.629402,7.2451925,5.748336
118900105,19878,신길힐스테이트클래시안아파트,22.522568,4.015997,3.186292
118900107,19871,신길한성아파트,30.406366,7.87301,6.246446
118900108,19869,병무청,40.985535,3.4065819,2.702782
118900110,19862,당산역,14.291858,6.3583627,5.044725
118900111,19858,신동아아파트.관악고교,8.181728,2.2209673,1.7621155
118900112,19857,현대2.3차아파트,12.912869,0.90081227,0.71470445
118900113,19844,현대3차유원아파트,13.216934,2.7228067,2.160275
118900114,19840,당서초교,11.4117,3.8252711,3.03497
118900115,20911,신대방1동경남아파트,16.934393,14.148295,11.225258
118900116,19836,농협.대림2동주민센터,14.275431,0.6837393,0.5424788
118900117,19835,대림포교원,18.214249,2.8824203,2.2869122
118900118,19834,대림1동새마을금고,15.421346,5.6262546,4.4638705
118900119,19833,대림1동주민센터,21.302202,3.9318774,3.1195514
118900120,19812,태양의집.썬프라자,21.353018,8.70584,6.907213
118900121,19809,한솔아파트,11.306542,3.9083815,3.10091
118900122,19807,대림역7호선,16.080809,6.869678,5.4504027
118900123,19806,신길5동우체국,20.817741,2.8677905,2.275305
118900124,19799,현대6차아파트.거성아파트,11.876512,9.312155,7.3882637
118900126,19786,우성2차아파트,16.545202,4.4506364,3.5311348
118900129,19777,대림3동주민센터,14.49029,2.2863445,1.8139858
118900130,19775,노동부남부지청,13.28329,7.0136137,5.564601
118900131,19774,대영초중고,15.385996,4.7636375,3.7794702
118900132,19770,대림3동사거리,15.204689,6.87476,5.4544344
118900133,19765,선유도역.롯데홈쇼핑,17.381025,15.104457,11.983876
118900135,19762,대림요양병원,19.529917,6.0626097,4.8100743
118900136,19761,도림사거리,14.747593,4.5631003,3.6203637
118900137,19760,케이카,13.935331,7.39835,5.8698506
118900139,19758,e편한세상문래에듀플라츠,10.941971,10.729702,8.512945
118900140,19757,도림새마을금고,17.152172,2.707218,2.1479068
118900141,19756,선유초등학교후문,16.292633,10.101867,8.014821
118900144,19753,도림고가.동아에코빌,16.936586,5.949466,4.7203064
118900145,19752,선유고등학교,11.819938,2.9198387,2.3165998
118900146,19751,건영아파트,17.509857,7.0199313,5.5696135
118900147,19557,근로복지공단.서울남부지사,16.463137,6.382494,5.063871
118900148,19528,당산중학교.한국소방안전원,16.670467,7.3241773,5.8110023
118900152,19742,도림초교사거리,17.815998,2.3680267,1.8787924
118900157,19596,GS홈쇼핑앞,14.237853,10.449303,8.290477
118900158,19550,벽산아파트,9.858876,5.476952,4.3454137
118900159,19794,동양아파트,12.125652,3.8247962,3.0345933
118900161,19523,선유도역.롯데홈쇼핑,16.420847,8.367075,6.6384373
118900163,19773,당산초등학교,17.490845,3.7318094,2.9608176
118900164,19778,한신아파트.선유도공원,9.423587,5.4267583,4.30559
118900165,19867,골프장,27.018389,7.9798627,6.331223
118900166,19505,성애병원,24.54408,7.0533743,5.596147
118900167,19513,창의나라어린이집,34.575073,3.9758012,3.1544006
118900168,19740,신일어린이공원,24.400913,1.9594163,1.554601
118900169,19868,삼환아파트,34.01392,17.207891,13.6527405
118900170,19884,삼환아파트,30.497154,8.312986,6.5955234
118900171,19885,오거리,34.575073,3.9758012,3.1544006
118900174,19877,래미안영등포프레비뉴아파트,13.03174,7.5399866,5.9822254
118900176,19583,약산약국,18.194315,1.8514597,1.4689481
118900177,19865,삼성래미안아파트,39.058407,4.5289226,3.5932474
118900178,19872,신길중앙새마을금고신길4동지점,25.285826,1.5652556,1.2418739
118900179,19879,신길파크자이아파트,25.018175,6.4719577,5.1348515
118900182,19870,대방동성당,29.969467,6.651971,5.2776737
118900183,19881,신길보라매SK뷰아파트,30.406366,7.87301,6.246446
118900184,19524,강남성심병원.대림성모병원,16.978777,4.9587173,3.9342463
118900185,19558,대림1동주민센터,21.377045,0.8385649,0.6653174
118900186,19837,신대림한솔솔파크아파트.충심교회,15.251747,1.1844578,0.93974876
118900187,19521,대림3동주민센터,15.93914,0.42394012,0.3363541
118900189,19800,대동초등학교.명지성모병원,14.987448,3.861592,3.063787
118900190,19988,대우미래사랑,20.87672,14.170001,11.242479
118900191,19986,영등포아트자이,15.029981,6.2042394,4.9224434
118900192,19985,대우미래사랑,17.709518,13.652468,10.831868
118900193,19984,영등포푸르지오,16.437628,5.44679,4.3214836
118900195,19990,영등포푸르지오후문,15.619962,7.085957,5.6219983
118900196,19561,선의원,33.452263,6.5914993,5.229696
118900197,19529,영등포동.영등포푸르지오아파트,23.437088,21.238462,16.850597
118900198,19894,신길GS자이아파트정문,34.906612,4.6645875,3.7008836
118900199,19895,신길GS자이아파트후문,44.38656,1.8833405,1.4942423
118900200,19896,신길4동주민센터,33.489605,14.543529,11.538836
118900201,19897,우신초등학교,28.027243,8.327622,6.607136
118900202,19898,우신초등학교,29.002293,9.957326,7.9001427
118900203,19899,신길GS자이아파트정문,34.00764,8.229289,6.5291176
118900204,19911,푸른숲아파트,22.072432,10.430358,8.275446
118900205,19813,신길동오거리,24.121254,4.6404357,3.6817217
118900206,19814,신기목련아파트.더샵파크프레스티지,33.745586,8.171777,6.483488
118900207,19780,남성아파트,14.494889,6.9816422,5.5392346
118900208,19781,신안인스빌아파트,12.435896,5.4208894,4.3009334
118900209,19782,삼환아파트,9.191283,1.1807892,0.9368382
118900210,19892,영등포역1번출구,23.288507,7.4849935,5.938594
119000001,20001,동작상떼빌아파트,13.90675,2.04434,1.6219792
119000002,20002,신대방경남아파트,14.378303,12.966425,10.287561
119000003,20003,신대방현대아파트,24.356333,13.4915905,10.704228
119000004,20004,보라매공원,19.985123,4.3740053,3.470336
119000005,20005,보라매역.동작세무서,21.783539,3.2659566,2.59121
119000006,20006,강남중학교,25.84817,4.916591,3.9008236
119000007,20007,현대아파트,15.433264,3.175566,2.519494
119000008,20008,현대아파트.유한양행,18.877934,4.840156,3.84018
119000009,20009,노량진수산시장.CTS기독교TV,16.670712,3.6492987,2.8953536
119000010,20010,노량진수산시장.CTS기독교TV,14.58766,0.8858481,0.70283186
119000011,20011,노량진역,17.155018,4.7445173,3.7642999
119000012,20012,노량진역,16.037012,5.286674,4.1944475
119000013,20013,노들역,26.691916,7.9236155,6.2865963
119000014,20014,노들역,22.121239,3.7452834,2.9715078
119000020,20106,서울지방병무청앞,40.993755,9.115606,7.2323217
119000021,20107,공군호텔,22.813118,10.41218,8.2610235
119000022,20108,대방역,16.394217,8.731575,6.9276314
119000023,20111,KT동작지사,19.700333,9.255006,7.3429217
119000024,20114,노량진역3번출구,16.913612,1.6107101,1.2779374
119000025,20115,노량진역2번출구,17.682703,3.757085,2.9808712
119000026,20117,사육신공원,20.941505,10.527398,8.352438
119000027,20119,사육신공원,20.550179,27.410023,21.747112
119000028,20121,노들역,22.572721,14.319241,11.360886
119000029,20122,노들역,22.121239,3.7452834,2.9715078
119000030,20123,흑석동효사정앞,36.044666,26.19366,20.782051
119000031,20124,흑석동효사정앞,28.09138,7.909784,6.2756224
119000032,20125,흑석역.흑석동빗물펌프장,12.16328,3.3112638,2.6271567
119000033,20126,흑석역.명수대현대아파트,17.790623,6.056077,4.8048916
119000034,20127,흑석역.명수대현대아파트,21.433474,12.124777,9.619798
119000035,20128,흑석동명수대현대아파트,21.755688,5.577449,4.425148
119000036,20129,비계,32.390293,15.099502,11.979944
119000037,20130,비계,31.910736,5.2036004,4.128536
119000038,20131,흑석동한강현대아파트,40.054546,13.087372,10.38352
119000039,20132,흑석동한강현대아파트,45.520996,25.773092,20.448372
119000040,20133,동작역.국립현충원,17.571255,1.9512714,1.5481387
119000041,20134,동작역.국립현충원,16.288794,4.6219563,3.6670601
119000048,20141,사당1동상점가,24.243256,5.5801353,4.4272795
119000049,20142,엔지니어링회관,52.3012,7.753343,6.151502
119000050,20143,서울공업고등학교,22.226627,4.552334,3.6118214
119000051,20144,서울공업고등학교,16.776764,4.336911,3.440905
119000052,20145,대림초등학교,24.86615,2.6807833,2.1269336
119000053,20146,대림초등학교,24.697914,0.7111528,0.56422865
119000054,20147,성대시장,28.625103,3.2272754,2.5605202
119000055,20148,성대시장,29.935522,1.0819218,0.8583968
119000056,20149,상도초등학교입구,35.812164,11.912019,9.450996
119000057,20150,상도초등학교입구,31.039913,5.86805,4.6557107
119000058,20151,동작구청.장승배기역4번출구,33.926556,0.58679533,0.4655634
119000059,20152,동작구청.동작보건소건강관리청,35.6084,0.58583796,0.46480384
119000060,20153,동작구청.동작보건소건강관리청,35.92323,5.8213663,4.618672
119000061,20154,상도노빌리티아파트,44.68664,2.110036,1.6741025
119000062,20155,상도노빌리티아파트,43.234417,6.6533294,5.2787514
119000063,20156,상도터널.노들역3번출구,16.927546,15.8603735,12.58362
119000064,20157,상도터널.노들역4번출구,20.039253,25.6967,20.387762
119000065,20158,상도터널.상도동,49.788944,17.366217,13.778357
119000066,20159,상도터널.상도동,50.180614,16.607632,13.176496
119000067,20160,상도역,43.21739,11.694979,9.278796
119000068,20161,상도역,48.106483,8.89045,7.053683
119000069,20162,상도동중앙하이츠빌.상도전통시장,53.639145,6.749959,5.3554177
119000070,20163,상도동중앙하이츠빌.상도전통시장,58.0818,9.1944685,7.294891
119000071,20164,숭실대입구역,68.29594,8.863308,7.0321484
119000072,20165,숭실대입구역,69.98658,13.946125,11.064856
119000073,20166,숭실대입구역,63.84447,4.328203,3.4339964
119000074,20167,봉현초등학교,109.78331,11.357022,9.010661
119000075,20168,봉천고개.관악현대아파트,110.843254,4.4587183,3.537547
119000076,20169,숭실대중문앞,93.65016,2.8873785,2.2908459
119000077,20170,숭실대중문앞,94.84604,5.6591153,4.489942
119000078,20171,숭실대정보과학관앞,117.04226,15.831173,12.560453
119000079,20172,숭실대레지던스홀앞,111.043236,12.485802,9.906235
119000080,20173,신남성초등학교,52.95558,13.90073,11.028839
119000081,20174,총신대,47.942413,16.199259,12.852492
119000082,20175,총신대,45.042465,13.670484,10.846162
119000083,20176,사당중학교,29.583424,11.232767,8.912078
119000084,20177,사당중학교,33.528038,18.87643,14.976561
119000085,20178,남성역,25.873411,10.836362,8.597569
119000086,20179,남성역,24.182127,7.73557,6.137401
119000087,20180,남성역골목시장,24.62765,0.5390332,0.42766893
119000088,20181,남성역골목시장,24.300905,2.1492164,1.7051883
119000089,20182,남성초등학교,20.742998,7.186824,5.702026
119000090,20183,남성초등학교,18.534683,2.0470724,1.6241473
119000091,20184,이수역9번출구,17.202595,1.5913393,1.2625687
119000092,20185,이수역10번출구,17.547476,2.3326986,1.8507631
119000093,20186,신대방삼거리,27.42602,6.265661,4.971175
119000094,20187,신대방삼거리,26.89211,2.918723,2.315715
119000095,20188,신대방동성당.보라매병원입구,48.42671,6.7931204,5.389662
119000097,20190,노량진초등학교앞,19.928589,8.536167,6.772595
119000098,20191,노량진초등학교앞,21.818115,9.577338,7.59866
119000099,20192,장성교회,25.948256,11.964658,9.492759
119000100,20193,청화병원,29.55562,15.146526,12.017254
119000101,20194,중앙대학교,16.54458,5.6807375,4.5070972
119000102,20195,중앙대학교,18.024437,1.3093963,1.038875
119000103,20196,중앙대학교,17.860718,4.5831532,3.6362736
119000104,20197,동작구청.장승배기역2번출구,33.17391,3.5026982,2.7790408
119000105,20198,동작구청.장승배기역,34.15128,4.9844093,3.9546304
119000106,20199,상도2동아이파크.포스코더샵아파트,55.50401,6.821886,5.412484
119000107,20200,상도2동아이파크.포스코더샵아파트,55.074345,5.0266447,3.9881399
119000108,20201,신상도초등학교,44.753345,3.1727087,2.517227
119000109,20202,중앙대후문,74.04089,16.014637,12.706013
119000110,20203,중앙대후문,79.39948,7.0220594,5.571302
119000111,20204,중앙대정문,17.53108,14.4000435,11.424994
119000112,20205,중앙대중문,25.345238,12.0816555,9.585586
119000113,20206,중앙대정문,19.20573,5.448285,4.3226695
119000114,20207,신대방역,21.08084,3.7442117,2.9706576
119000115,20208,신대방역,18.999844,1.9024571,1.5094095
119000116,20209,동작상떼빌아파트,23.735613,6.681728,5.301283
119000117,20210,신대방경남아파트,21.484682,10.366023,8.224403
119000123,20217,서울특별시.보라매병원,25.329859,11.894781,9.437319
119000124,20219,신상도초등학교,44.753345,3.1727087,2.517227
119000125,20220,상도4동약수맨션,49.53467,1.9332347,1.5338284
119000126,20221,경향렉스빌.롯데캐슬비엔,59.311634,10.57618,8.391141
119000127,20222,경향렉스빌.롯데캐슬비엔,59.6799,11.227359,8.907786
119000131,20228,상도4동약수맨션,51.23509,10.05988,7.9815087
119000134,20240,노량진역5번출구,19.725496,8.412157,6.674206
119000135,20241,상도SH빌아파트상도팰리스후문,74.84486,9.568356,7.591533
119000136,20242,상도SH빌아파트상도팰리스후문,72.69027,11.839819,9.393712
119000137,20243,상도3차삼성래미안후문,75.068726,19.508423,15.4779825
119000138,20244,상도3차삼성래미안후문,73.63795,9.971968,7.9117594
119000139,20245,상도1동주민센터.상도3차래미안,72.00779,19.20738,15.239136
119000140,20246,상도1동주민센터.상도3차래미안,68.40755,13.634528,10.817635
119000199,20659,효사정앞,36.044666,26.19366,20.782051
119000200,20660,효사정앞,30.776638,23.675152,18.783865
119000279,20782,흑석동,21.885958,8.82068,6.9983273
119000280,20783,흑석역.명수현대아파트,17.790623,6.056077,4.8048916
119000284,20020,방배노인종합복지관,18.195208,8.691064,6.89549
119000285,20019,사당동우체국앞,16.296436,2.3270378,1.8462719
119000286,20018,총신대입구역.남성사계시장입구앞,14.531517,6.827611,5.4170265
119000287,20017,경문고교.배나무골앞,15.943344,5.840842,4.634124
119000288,20016,정금마을.방배경찰서,9.261241,3.9479728,3.1323216
119000289,20015,갯마을앞,14.977792,3.5669165,2.8299916
119000290,20247,노들역앞,22.055456,6.3897953,5.0696635
119000291,20249,대방역.여의교앞,14.64436,8.931456,7.086217
119000292,19964,공군호텔,22.813118,10.41218,8.2610235
119000293,20251,동작실버센터입구.용양봉저정,20.874914,16.270527,12.909036
119000294,20250,노들역4번출구앞,18.962072,15.093048,11.974825
119000295,20248,대방역1번출구앞,17.487701,14.109538,11.194508
119000296,20252,사당동대아신협앞,21.260553,4.3068743,3.417074
119000297,20965,동작대교남단(가상),16.865065,24.49347,19.433119
119000298,20964,동작대교남단(가상),31.857656,22.29555,17.68929
119000299,20963,한강대교남단(가상),4.8615737,13.531435,10.735841
119000300,20962,한강대교남단(가상),11.441084,18.5677,14.731613
119000302,20253,사당역9번출구앞,29.15924,13.440439,10.663645
119000303,21160,당곡역.당곡사거리.롯데백화점,25.319613,0.481998,0.38241723
119000304,20987,동작대교(가상),17.481634,26.202944,20.789415
119000305,20849,동작대교(가상),17.715036,15.417463,12.232216
119000306,20996,한강대교(가상),4.9892054,14.742995,11.697092
119000307,20889,한강대교(가상),13.707474,21.152119,16.782091
119000309,20900,여의상류(가상),14.808095,10.337373,8.201672
119000310,20993,여의교(가상),11.831251,8.35371,6.627834
119000311,20905,여의교(가상),14.98627,9.987379,7.9239864
119000312,20806,핸드픽트호텔,29.35829,3.295355,2.6145346
119000313,20807,핸드픽트호텔,31.949224,7.2060556,5.7172847
119000314,21377,신림역2번출구,29.33554,13.244582,10.508252
119000315,21378,벽산블루밍아파트종점,104.94917,26.310646,20.874866
119000316,20235,금양빌딩,81.093605,9.623488,7.635276
119000317,20233,래미안상도3차중문,83.98449,11.0162525,8.740294
119000318,19900,63빌딩.한강유람선,15.415383,7.259597,5.759764
119000319,20254,사당롯데캐슬골든포레.사당해그린,103.440315,22.613503,17.941553
119000320,20213,사당롯데캐슬골든포레.사당해그린,96.4367,33.004826,26.186028
119000321,20994,노량진수산시장,15.042885,13.887159,11.018072
119000322,20601,상도클라베뉴109동,77.361305,19.776588,15.690745
119000323,20602,성대골쉼터,61.26453,15.892565,12.60916
119000324,20603,안일약국,38.619312,6.556169,5.2016644
119000325,20604,김한욱치과의원.대륙서점,32.856495,8.812288,6.9916697
119000326,20605,성대약국,29.014112,1.2311969,0.97683156
119000327,20606,흑석역.흑석동빗물펌프장,12.16328,3.3112638,2.6271567
119000328,20607,흑석한강센트레빌1차,28.43733,15.592901,12.3714075
119000329,20608,흑석고등학교.큰별어린이집,44.340527,13.96191,11.077379
119000330,20609,흑석고등학교.푸르지오상가,48.07373,23.456459,18.610355
119000331,20610,청호아파트후문,57.952988,25.91008,20.557056
119000332,20611,청호아파트정문,88.81442,40.75186,32.332527
119000333,20612,서달산약수터,95.83552,37.79202,29.98419
119900001,20682,남성역.남성역골목시장,25.929043,9.4490595,7.496884
119900002,20676,상도은빛어르신복지관.터널경로당,65.42341,8.295919,6.581982
119900003,20675,대림프라자,24.454655,18.376495,14.579911
119900004,20674,7호선신대방삼거리역2번출구.국민은행,27.305208,3.0813508,2.4447436
119900005,20673,사회복지관앞,36.49817,7.6300817,6.0537066
119900006,20600,사당문화복지관,28.829697,5.5983515,4.4417324
119900007,20599,현대한의원,29.841524,3.1334364,2.4860685
119900008,20598,숭의여중.고교,34.755608,14.519506,11.519776
119900009,20596,이화약국,52.831635,8.822536,6.9998
119900010,20595,중앙대후문,70.25668,6.1334653,4.866291
119900011,20594,하손초장교회,33.80717,8.073887,6.4058213
119900012,20589,신대방1동주민센터,20.601383,1.1426376,0.90656865
119900013,20588,중대후문입구,49.074,6.622018,5.253909
119900014,20587,중앙대중문,27.888243,18.227701,14.461858
119900015,20586,백경세탁소,33.274387,4.2540298,3.375147
119900016,20585,주택가,41.65674,10.975569,8.708016
119900017,20584,방범초소,77.61433,28.318262,22.46771
119900018,20582,중앙대병원후문.흑석시장,17.510735,1.146146,0.9093523
119900019,20581,빙수골마을공원,35.674988,14.162928,11.236866
119900020,20580,대방동주민센터,44.9223,16.560867,13.139392
119900021,20579,동작상떼빌앞,16.42311,7.102327,5.6349864
119900022,20578,이수역,17.202595,1.5913393,1.2625687
119900023,20577,상도역1번출구,43.94128,14.936712,11.850787
119900025,20575,빙수골공영주차장,42.42408,9.594175,7.612019
119900026,20574,장승배기역4번출구,35.239277,6.593809,5.2315283
119900027,20573,국사봉중학교,96.47468,11.727045,9.304237
119900028,20571,중대부속초등학교,17.3584,9.335275,7.406607
119900029,20570,구동사무소,39.80133,9.24137,7.3321033
119900030,20569,대림아파트후문.성남중.고교,46.7923,9.194253,7.2947206
119900031,20567,밤골터널.상도역롯데캐슬파크엘,53.112144,13.032997,10.34038
119900033,20565,중앙대병원,17.804518,8.672958,6.881125
119900034,20564,선재유통,46.8255,6.0759354,4.820647
119900037,20561,사당인정아파트,59.958538,15.815984,12.548402
119900038,20560,삼거리우편물취급소,22.207554,7.9605966,6.3159375
119900039,20559,동작삼일수영장,28.466637,0.52605075,0.41736868
119900040,20557,은로초등학교,35.79908,19.073439,15.132866
119900041,20556,청운종합복지관,44.92062,6.982697,5.5400715
119900042,20555,성남중고,33.165306,7.0523634,5.595345
119900043,20554,갑을명가,57.44019,6.46976,5.1331077
119900044,20552,이수시너스.이수역7번출구,21.02947,10.287802,8.162342
119900046,20550,영은교회,49.898552,7.7203174,6.1253
119900047,20549,현대아이파크,50.72137,10.678671,8.472457
119900049,20547,신남성초교후문,49.07936,9.175775,7.28006
119900050,20546,남성초등학교.사당청소년센터,36.11293,48.326427,38.342186
119900051,20544,흑석자이.흑석한강센트레빌2차,45.58847,23.427965,18.587748
119900052,20543,성심슈퍼,52.860188,17.861076,14.170979
119900053,20542,대방어린이도서관,29.95454,3.924408,3.1136253
119900054,20540,롯데캐슬비엔,49.66111,7.7630715,6.1592207
119900055,20539,사당시장,23.394926,3.630866,2.8807292
119900057,20537,갑을명가아파트,59.19615,16.780203,13.313414
119900058,20536,더크는킨더어린이집,38.265533,2.0843594,1.6537308
119900059,20535,숭실대후문,120.78731,10.5588,8.377352
119900060,20533,삼일공원,41.70333,42.235016,33.509262
119900061,20530,유앤미아파트,68.19143,19.017557,15.08853
119900062,20529,구중앙슈퍼앞,58.779335,9.551777,7.5783796
119900063,20527,보라매공원역1번출구,26.819132,9.5924425,7.6106443
119900065,20524,대림프라자,25.716139,13.33689,10.581489
119900067,20522,당곡중.고등학교,70.81091,16.419897,13.027547
119900068,20521,상도4동성문교회.상도어울마당,39.22284,6.4755692,5.137717
119900069,20520,삼성래미안아파트,109.98037,7.866587,6.24135
119900070,20519,자이아파트상가앞,59.728344,20.620527,16.360325
119900071,20518,대림아파트후문.래미안로이파크,43.803333,19.071016,15.130944
119900073,20513,신대방삼거리역,29.902431,12.32958,9.7822895
119900074,20512,보라매공원정문,26.422853,4.5926704,3.6438248
119900075,20511,이수역,17.668386,6.482083,5.1428843
119900076,20510,행복유치원,68.73868,10.633166,8.436355
119900077,20509,대림현대아파트.사당3동주민센터,40.761654,13.621,10.806902
119900078,20507,사자암,75.09591,25.88095,20.533947
119900080,20505,달마사.흑석어린이집,79.742615,19.828737,15.7321205
119900081,20504,자이아파트정문앞,69.21993,20.993116,16.65594
119900082,20503,삼성래미안.롯데캐슬,51.98127,18.932316,15.0209
119900083,20500,사당역10번출구,20.542837,8.601715,6.824601
119900084,20919,아카데미타워,29.6026,19.179766,15.217227
119900085,20918,밤골.상도역롯데캐슬파크엘,50.13888,4.0739055,3.2322366
119900086,20917,동양아파트.달마사,90.14501,22.09672,17.531538
119900087,20916,보라매병원.전문건설회관,22.479269,8.272627,6.5635023
119900088,20915,동원베네스트,47.019512,6.630864,5.2609277
119900089,20914,유앤미아파트,60.820786,26.099379,20.707247
119900090,20913,부강탕,43.402786,4.908355,3.8942888
119900091,20912,흑석한강센트레빌2차.흑석자이,45.58847,23.427965,18.587748
119900092,20910,은로초등학교,32.35428,8.8619585,7.0310774
119900093,20909,신대방삼거리역.성대시장,27.135878,4.2743144,3.3912408
119900094,20908,중앙대부속초등학교.롯데캐슬에듀포레,21.679266,6.6573834,5.281968
119900095,20907,동작우체국,28.087364,2.9590876,2.34774
119900096,20906,새소망교회,39.68018,1.3215096,1.0484858
119900097,20904,중앙대병원후문.흑석시장,18.573727,12.485434,9.905943
119900098,20903,보라매어린이집.문창중학교,24.79545,9.845506,7.8114243
119900099,20902,신동아아파트701동앞,46.90654,25.219961,20.009518
119900100,20901,중앙대병원,12.770832,6.1983767,4.9177923
119900101,20898,중앙대정문,17.53108,14.4000435,11.424994
119900102,20899,신동아관리사무소.영어마루도서관,58.389263,5.0851493,4.0345573
119900103,20897,신동아상가,52.30557,13.034257,10.341379
119900104,20894,건영아파트,62.20783,15.291838,12.132544
119900105,20893,중앙대후문,68.158394,10.469814,8.30675
119900106,20892,현진빌라.고마트,51.236282,7.412415,5.88101
119900107,20891,약수맨션.약수당약국,49.652515,3.32761,2.6401258
119900108,20890,상도역5번출구,48.715187,17.901724,14.203228
119900109,20888,밤골.상도역롯데캐슬파크엘,53.112144,13.032997,10.34038
119900110,20887,상도노빌리티,48.28302,8.49263,6.738053
119900111,20886,동작하이슈퍼,73.10586,12.884179,10.222307
119900112,20884,상도역2번출구,42.2957,7.1656146,5.6851983
119900113,20883,안일약국,40.176903,16.752604,13.291516
119900114,20882,신동아리버파크,61.051155,12.482248,9.903416
119900115,20881,제일성민교회,74.754234,9.671988,7.673755
119900116,20880,범한택시,21.981922,4.6937814,3.7240462
119900117,20878,우성아파트,40.047783,17.464672,13.856471
119900118,20877,사거리,65.35229,16.01759,12.708356
119900119,20876,강남중학교앞,27.69684,5.1822267,4.111579
119900120,20874,강남교회.오거리,27.479492,16.646908,13.207657
119900121,20872,건영아파트후문,75.87828,3.609686,2.8639247
119900122,20871,김한욱치과의원.대륙서점,35.099716,15.115008,11.992248
119900123,20870,대방교회,34.890465,7.7738123,6.1677427
119900124,20869,한신아파트,66.34726,13.390923,10.624358
119900125,20868,강현중학교.동작청소년센터,35.71364,12.909994,10.242789
119900126,20867,노량진역,19.824146,15.17805,12.042265
119900127,20866,성대시장,29.841524,3.1334364,2.4860685
119900128,20865,대림아파트후문.성남중.고교,46.878166,5.0549417,4.010591
119900129,20864,삼성래미안아파트,46.948524,14.801783,11.743734
119900130,20862,쌍용아파트,31.310478,6.105101,4.843787
119900131,20859,극동아파트,37.773785,31.123951,24.693743
119900132,20858,상도4동성문교회.상도어울마당,39.22284,6.4755692,5.137717
119900133,20857,성원아파트,31.125713,12.087324,9.590083
119900134,20856,본동시장,28.277899,30.610504,24.286373
119900135,20855,더크는킨더어린이집,38.644386,2.0762255,1.6472774
119900136,20854,명창빌딩,35.219585,5.937352,4.7106953
119900138,20851,동작구청.장승배기역5번출구,38.4444,17.031364,13.512685
119900139,20850,숭의여중고교.공군항공안전단,36.509212,9.318565,7.39335
119900140,20848,테니스장앞,111.31448,14.831333,11.7671795
119900141,20847,장승배기역4번출구,33.70663,7.940967,6.3003635
119900142,20846,건영아파트,60.89135,4.0466022,3.2105742
119900143,20845,숭실대후문,121.511375,8.446387,6.701364
119900144,20844,노량진역5번출구,18.635712,10.310735,8.180537
119900145,20843,KT동작전화국,25.017933,8.639733,6.8547645
119900146,20842,예스플러스,32.484455,9.068902,7.195267
119900147,20840,주택가,41.133606,9.150366,7.2599
119900148,20839,신동아상가,55.804295,15.4228,12.236449
119900149,20837,노량진역,17.340185,4.3013654,3.4127035
119900150,20836,경성의원.새마을금고앞,19.569065,4.552558,3.6119995
119900151,20834,대방역2번출구앞,14.882202,5.6674166,4.496528
119900152,20833,삼성래미안.동작청소년센터,45.88093,9.444918,7.493598
119900153,20832,신동아관리사무소.영어마루도서관,53.55343,6.2156606,4.931505
119900154,20830,자이아파트정문앞,65.10613,22.169031,17.58891
119900155,20828,동작우체국,24.291859,5.4630785,4.3344064
119900156,20508,노들역.노량진교회,22.197649,12.541412,9.9503565
119900157,20825,사회복지관앞,41.437893,12.2937155,9.753834
119900158,20824,신동아아파트701동앞,51.84824,25.266312,20.046293
119900159,20823,LG아파트상가,56.24926,16.58388,13.157651
119900160,20822,신동아아파트,37.392815,16.64255,13.204199
119900161,20820,봉천고개.현대아파트,110.17149,12.158765,9.646765
119900162,20819,강남교회.오거리,25.120224,10.386679,8.24079
119900163,20818,코오롱하늘채아파트,21.153736,5.6489635,4.4818873
119900164,20815,본동초등학교,34.46543,25.68896,20.381618
119900165,20814,대방목욕탕,26.666935,1.5560056,1.2345349
119900166,20813,새소망교회,46.27007,22.042542,17.488554
119900167,20811,시장입구,31.645107,8.839863,7.013547
119900168,20809,우성아파트,39.9864,13.3245,10.571658
119900169,20808,7호선신대방삼거리역4번출구,23.353136,2.889929,2.2928696
119900170,20805,도시가스.두산아파트,45.71623,6.9314704,5.4994283
119900171,20804,남부교회,23.528088,5.8529387,4.6437216
119900172,20803,동작구건강관리청(동작구보건소),35.553032,4.841166,3.840981
119900173,20802,삼호.오네뜨아파트,37.854027,5.9574857,4.7266693
119900174,20801,우성201동.극동112동,41.145702,11.003214,8.72995
119900175,20799,건영아파트,60.77503,1.177145,0.9339468
119900177,20794,동작고교.사당5동주민센터,32.64345,19.138626,15.184586
119900178,20792,동작삼일수영장,27.932098,2.321736,1.8420655
119900179,20791,봉천고개.관악현대아파트,107.98472,6.7736683,5.3742285
119900180,20789,상도노빌리티,46.359425,5.151859,4.087485
119900181,20756,상도브라운스톤,39.97677,7.970989,6.3241825
119900182,20751,대림아파트후문.래미안로이파크,38.39618,10.5849285,8.398083
119900183,20747,삼거리,30.798132,4.8421335,3.8417485
119900184,20746,이수역,22.616392,19.584217,15.538118
119900185,20745,극동아파트앞,37.773785,31.123951,24.693743
119900186,20741,대방역1번출구,17.487701,14.109538,11.194508
119900187,20732,삼일공원,28.898306,16.998005,13.4862175
119900188,20731,상도은빛어르신복지관,62.770714,16.17308,12.831722
119900189,20730,상도2동주민센터,37.820877,2.5518558,2.0246425
119900190,20729,경성의원.새마을금고앞,18.128214,6.064205,4.8113403
119900191,20728,해태타워앞,24.089766,17.630186,13.98779
119900192,20727,사당솔밭도서관,43.746292,13.018563,10.328928
119900193,20726,신동아정문,52.743366,18.194437,14.435467
119900194,20725,동원베네스트,50.2217,7.651901,6.0710177
119900195,20706,남성초등학교.사당청소년센터,27.495258,30.276413,24.021307
119900196,20705,총신대역,15.141603,7.8974166,6.2658105
119900197,20703,KT동작지사,25.838205,11.61475,9.215142
119900198,20702,동작고등학교,66.034355,22.524632,17.871042
119900199,20701,정금마을,9.261241,3.9479728,3.1323216
119900200,20700,남부교회,24.396595,1.838223,1.458446
119900201,20698,삼거리우편물취급소,20.760103,2.9935293,2.3750663
119900202,20697,경문고등학교,16.454634,7.3013577,5.792897
119900203,20695,현대아파트,19.45458,4.744401,3.7642078
119900204,20694,갯마을,20.596287,13.206389,10.477949
119900205,20686,건영아파트,75.87828,3.609686,2.8639247
119900206,20684,대방목욕탕,29.665344,8.583641,6.810261
119900208,20960,노들역5번출구앞,24.66191,25.603266,20.313631
119900209,20959,사당1동주민센터입구,19.690475,5.4860673,4.352646
119900210,20958,보문사,79.45333,6.813404,5.4057546
119900211,20957,동아아파트,60.94813,11.673245,9.261553
119900212,20956,행복유치원,74.073875,14.557886,11.550226
119900213,20955,동아아파트,64.70311,26.333483,20.892986
119900214,20954,보문사,76.486015,6.4558287,5.1220546
119900215,20953,제일성민교회,75.678276,10.961304,8.696698
119900216,20952,동작하이슈퍼,75.97983,10.897777,8.646296
119900217,20951,사자암,83.23852,32.630856,25.88932
119900218,20950,당곡중.고등학교,83.12939,30.788748,24.427794
119900219,20949,갑을명가아파트,64.02889,19.007164,15.080284
119900220,20948,영은교회,49.363747,8.645515,6.859352
119900221,20947,선재유통,48.221516,8.985567,7.129149
119900222,20946,빙수골공영주차장,42.42408,9.594175,7.612019
119900223,20945,백경세탁소,35.522655,8.937739,7.0912023
119900224,20944,하손초장교회,33.80717,8.073887,6.4058213
119900225,20943,7호선신대방삼거리역2번출구.국민은행,27.114838,1.9357984,1.5358624
119900226,20942,노량진한국법학교육원,17.511755,1.731008,1.3733819
119900227,20941,노량진신한은행,18.040686,5.571939,4.4207764
119900228,20939,숭의여중고교.공군항공안전단,34.755608,14.519506,11.519776
119900229,20938,장성교회,26.441004,10.907509,8.654017
119900230,20934,현대아파트,17.370602,8.172778,6.4842825
119900231,20933,신동아상가,67.43497,11.255294,8.92995
119900232,20932,상도초등학교,33.376915,6.2325416,4.9448986
119900233,20931,삼일초등학교앞,43.498714,5.5158114,4.3762445
119900234,20930,보라매공원정문,30.939774,14.97667,11.88249
119900235,20929,보라매공원역2번출구,23.4079,3.7067978,2.9409735
119900236,20928,교수아파트,21.038664,4.188934,3.3235002
119900237,20927,신대방우성아파트앞,25.680758,13.855238,10.992745
119900238,20926,국사봉중학교,95.51152,13.475726,10.691641
119900240,20924,방범초소,72.56206,16.373142,12.990451
119900241,20922,빌라삼거리.영도교회.약수터,61.788666,7.521506,5.9675627
119900242,20921,신대방역,24.323792,1.9155735,1.519816
119900244,20790,상도역.하나은행,42.834732,6.3984566,5.0765357
119900245,20875,상도은빛어르신복지관.터널경로당,64.60065,11.967449,9.494974
119900246,20704,동작구청.장승배기역2번출구,35.238422,7.6746745,6.0890865
119900247,20740,부강탕,42.654064,4.251385,3.373049
119900248,20591,상도3동주민센터,29.939348,3.6445389,2.8915772
119900249,20681,동광교회,32.15216,3.4610095,2.745965
119900253,20810,숭실대입구역2번출구,66.93762,10.028982,7.9569945
119900254,20787,노들역5번출구,28.277899,30.610504,24.286373
119900255,20896,중앙대중문,25.345238,12.0816555,9.585586
119900256,20502,극동상가,62.948597,20.876953,16.563774
119900257,20516,극동아파트110동,48.768726,10.836939,8.598027
119900258,20517,극동아파트110동,58.790974,7.724978,6.128998
119900259,20829,테니스장.우성아파트304동,46.727787,6.202636,4.921171
119900260,20532,극동아파트112동,37.587112,5.078754,4.0294833
119900261,20568,동작고교,60.03054,16.31757,12.94636
119900262,20812,신남성초교입구,48.01873,19.22096,15.24991
119900263,20541,삼거리,31.155113,0.4864618,0.3859588
119900264,20528,강현중학교,43.224613,14.178216,11.248996
119900265,20590,주공아파트.남도학숙,37.19234,13.835073,10.9767475
119900266,20593,삼성래미안.동작청소년센터,44.029167,5.031999,3.9923882
119900267,20861,대방동주민센터,45.001457,14.427103,11.446464
119900268,20873,대방동주택가.홈타운아파트,34.70783,7.7803593,6.172937
119900269,20940,대방동주공아파트,33.77518,3.3467448,2.6553073
119900271,20923,신대방1동주민센터,19.815588,5.141415,4.079199
119900272,20748,전문건설회관.보라매병원,24.99517,14.76108,11.711441
119900275,20997,신남성초교입구,50.05163,32.580086,25.84904
119900276,20998,삼호.오네뜨아파트,41.383537,18.836306,14.944725
119900277,20999,사당5동주민센터,32.64345,19.138626,15.184586
119900278,20992,보라매역.동작세무서,25.275578,1.1066648,0.8780278
119900279,20995,보라매역.동작세무서,22.149261,2.4383893,1.9346181
119900280,20990,두산위브아파트,24.597248,11.624356,9.222765
119900281,20986,봉천고개.관악현대아파트,108.14758,7.152782,5.6750174
119900282,20988,상도3동주민센터,27.706594,1.5780818,1.2520502
119900283,20989,양녕청년주택,53.444656,15.06834,11.955221
119900284,20985,상도역1번출구,43.091442,7.3527226,5.83365
119900285,20984,중앙대병원,17.940165,3.2710974,2.5952885
119900286,20983,흑석역,14.931984,7.8381047,6.2187524
119900288,20981,극락정사,78.46707,13.830329,10.972982
119900289,20980,동양중학교,78.148575,43.526222,34.533707
119900290,20979,경동아파트,59.731365,44.342934,35.181683
119900291,20972,상도감리교회.보건소,37.677883,12.4742775,9.897092
119900292,20970,흑석동주민센터,31.269375,23.158699,18.374111
119900293,20969,흑석한강푸르지오,44.340527,13.96191,11.077379
119900294,20968,푸르지오상가,54.060043,27.64559,21.934011
119900295,20967,푸르지오후문,76.48966,42.613064,33.809204
119900296,20966,청호아파트,96.86372,47.80128,37.925537
119900297,20935,서달산약수터,102.727646,37.546284,29.789223
119900298,20885,달마사,89.9143,21.75304,17.258862
119900299,20971,대방중학교,23.937098,4.487597,3.5604594
119900300,20973,수도여고.남부수도사업소,27.872702,15.863116,12.585796
119900301,20974,동작구민체육센터.기상청,32.385406,1.7143873,1.3601949
119900302,20975,동작구민체육센터.기상청,32.77774,10.333355,8.198483
119900303,20976,수도여고.남부수도사업소,25.991743,9.592793,7.6109223
119900304,20977,대방중학교,23.937098,4.487597,3.5604594
119900305,20978,정금마을,15.052192,20.227757,16.048702
119900306,20498,정금마을,22.319448,33.96088,26.944563
119900307,20499,이수힐스테이트.이수푸르지오,31.981682,28.009315,22.22259
119900308,20497,벽산아파트,23.455072,6.032952,4.786544
119900309,20699,밤골.상도역롯데캐슬파크엘,51.142723,10.446949,8.288609
119900310,20496,남성초등학교입구,21.687298,7.068235,5.6079373
119900311,20495,효주파크빌,39.71101,12.715546,10.088513
119900312,20494,사당솔밭도서관,37.83043,11.775567,9.342734
119900313,20501,현대2차아파트후문,20.366327,3.9681494,3.1483297
119900314,20515,현대2차아파트후문,18.71432,4.2314734,3.357251
119900315,20526,롯데캐슬,49.565838,13.618791,10.805149
119900318,20531,우리교회,34.35429,14.298564,11.3444805
119900319,20545,롯데캐슬샤인,58.771095,24.089478,19.112593
119900320,20534,사당종합체육관,72.69507,18.864817,14.967346
119900321,20558,롯데캐슬샤인,56.62163,13.458,10.677577
119900327,20925,신대방현대아파트,24.356333,13.4915905,10.704228
120000001,21001,구로디지털단지역,13.36761,8.531138,6.7686048
120000002,21101,서울미술고.인헌중고,58.81455,14.739135,11.69403
120000003,21102,낙성대입구,51.677692,8.19709,6.5035715
120000004,21103,행운동주민센터,42.002155,8.286465,6.574481
120000005,21104,서울대입구역5번출구,40.03635,7.2548556,5.7560024
120000006,21105,KT관악지점,31.686712,2.3406017,1.8570333
120000007,21106,봉천역.관악초등학교,31.66596,1.7602608,1.396591
120000008,21107,KT&G관악지점,29.37903,3.503159,2.7794063
120000009,21108,신림사거리.신림역,30.205229,13.118123,10.407919
120000010,21109,남부초등학교,30.88448,5.3730407,4.2629704
120000011,21110,호림박물관,25.793196,5.422695,4.3023663
120000012,21111,난곡입구,24.540436,2.3256254,1.8451513
120000013,21112,관악구보훈회관.신림푸르지오,23.18875,3.6029322,2.8585665
120000014,21113,천주교성령봉사회관.등불교회,26.022778,3.0469894,2.4174814
120000015,21114,KT구로지사,27.645815,3.261367,2.5875688
120000016,21115,난곡입구,25.098621,5.0633297,4.017246
120000017,21116,남서울중학교.성보중고등학교,29.97455,1.3571435,1.0767577
120000018,21117,신림사거리.신림역,27.714298,7.831979,6.213892
120000019,21118,KT&G관악지점,33.08148,23.39233,18.559475
120000020,21119,봉천역.관악초등학교,31.656916,5.165403,4.0982304
120000021,21120,KT관악지점,38.821087,16.27067,12.90915
120000022,21121,서울대입구역1번출구.샤로수길,41.39383,1.2314438,0.9770275
120000023,21122,낙성대동,43.115776,1.2863678,1.0206041
120000024,21123,낙성대입구,48.709637,3.6713305,2.9128337
120000025,21124,인헌중고.서울미술고,61.647266,3.165757,2.5117116
120000026,21125,예술인마을.사당초등학교,43.32795,5.8267007,4.6229043
120000027,21126,남서울농협남현동지점,26.658943,7.248252,5.750763
120000028,21127,서울대학교,57.63034,10.320065,8.18794
120000029,21128,서울대학교,61.705826,10.941117,8.680682
120000030,21129,서울여상.서울문영여중고앞,90.487434,26.091593,20.70107
120000031,21130,관악구청,48.025337,11.716835,9.296137
120000032,21131,봉천사거리.봉천중앙시장,40.693542,5.8526206,4.6434693
120000033,21132,봉원중학교.행운동우성아파트,42.829624,2.4790533,1.9668808
120000034,21133,관악푸르지오아파트,67.46978,10.0115385,7.943155
120000035,21136,성현동동아아파트,78.93944,14.235897,11.294761
120000036,21137,봉원중학교.행운동우성아파트,44.089436,2.9516437,2.341834
120000037,21138,봉천사거리.봉천중앙시장,38.898205,9.279286,7.362186
120000038,21139,관악구청,43.194492,2.3101437,1.832868
120000039,21140,관악경찰서.관악소방서,64.19896,24.144981,19.15663
120000040,21141,서울여상.서울문영여중고앞,89.94473,19.892977,15.783087
120000041,21142,신림중.삼성고.관악아트홀?도서관,50.30824,2.4650853,1.9557986
120000042,21143,서울산업정보학교.삼성교,48.80768,20.583677,16.33109
120000043,21144,신성초등학교,45.231453,8.002589,6.349254
120000044,21145,서울대벤처타운역1번출구,35.608566,6.8701773,5.4507985
120000045,21146,쑥고개입구,33.3097,9.174229,7.2788334
120000046,21147,서원역1번출구.신관중학교,29.92354,12.33244,9.784558
120000047,21148,신림사거리,33.48418,9.386328,7.447113
120000048,21149,신림동별빛거리입구,28.736876,0.8723847,0.69215006
120000049,21150,당곡역.보라매공원.보라매병원,30.197157,1.3554847,1.0754416
120000050,21151,당곡역2번출구.롯데백화점관악점,28.2143,3.4581912,2.7437289
120000051,21152,신림동별빛거리입구,27.104311,1.7316725,1.373909
120000052,21153,신림사거리,32.257835,8.315574,6.597576
120000053,21154,서원역,31.261574,15.475431,12.278208
120000054,21155,서림동주민센터.신화단지,38.90607,22.176767,17.595047
120000055,21156,서울대벤처타운역.삼성동시장,39.207523,13.17279,10.451291
120000056,21157,대학동고시촌입구,49.043396,10.622349,8.427772
120000057,21158,서울산업정보학교.삼성교,52.98138,14.874821,11.801682
120000058,21159,관악산입구.관악아트홀?중앙도서관,52.623104,12.140443,9.632228
120000059,21161,사당역4번출구,21.832722,14.109977,11.194856
120000060,21162,남현동홈플러스앞,26.555243,7.591057,6.022744
120000061,21163,남태령역,56.83727,6.262741,4.9688587
120000062,21164,낙성대입구,44.94497,5.0635796,4.0174437
120000063,21165,삼성동주민센터,46.93828,12.172737,9.65785
120000064,21166,미림고개,53.710037,20.301704,16.107372
120000065,21167,미림여고.미림마이스터고등학교,68.042274,14.258462,11.312663
120000066,21168,신우초등학교,75.52086,12.073511,9.579124
120000067,21169,삼성산성지,111.15213,10.847644,8.606521
120000068,21170,산장아파트,123.722824,25.928328,20.571535
120000069,21171,삼성산주공아파트,147.77887,15.3518715,12.180175
120000070,21172,산복터널.관악산휴먼시아2단지,163.19913,38.556507,30.590733
120000071,21173,산복터널.관악산휴먼시아2단지,158.68895,39.855476,31.621336
120000072,21174,삼성산주공아파트,153.16614,34.90327,27.692255
120000073,21175,산장아파트,126.54697,22.149477,17.573395
120000074,21176,삼성산성지,113.45673,12.268922,9.734162
120000075,21177,신우초등학교,78.54895,10.50285,8.33296
120000076,21178,미림여고.미림마이스터고등학교,67.6958,9.309472,7.3861356
120000077,21179,미림고개.고시촌입구,63.44502,24.985907,19.823818
120000078,21180,서울대벤처타운역,50.656315,9.180762,7.2840166
120000079,21181,쑥고개,63.438614,16.581802,13.156002
120000080,21182,e편한세상서울대입구아파트,47.4382,5.681861,4.5079885
120000081,21183,영락고교.영락의료과학고,41.646454,2.4898727,1.9754649
120000082,21184,생모리츠타운,41.65682,7.428587,5.893841
120000083,21185,관악구청,50.296276,16.066385,12.74707
120000084,21186,생모리츠타운,45.739635,7.3983665,5.869864
120000085,21187,영락고교.영락의료과학고,41.949936,4.175666,3.3129733
120000086,21188,e편한세상서울대입구아파트,48.31672,6.3851957,5.0660143
120000087,21189,쑥고개,65.73242,16.827385,13.350847
120000088,21190,은천교,25.867147,3.5806134,2.8408585
120000089,21191,봉일시장,31.405993,8.082647,6.412772
120000090,21192,은천초등학교,37.004322,3.3385441,2.6488008
120000091,21193,두산.벽산아파트.서울관광고등학교,47.507626,6.368755,5.05297
120000092,21194,현대시장앞,43.52621,3.8333876,3.0414097
120000093,21195,관악동부센트레빌아파트앞,71.25514,5.488929,4.354916
120000094,21196,중앙동성당앞,54.86521,11.113502,8.817452
120000095,21197,중앙동성당앞,52.336044,13.853234,10.991157
120000096,21198,관악동부센트레빌아파트앞,67.02639,8.142987,6.460646
120000098,21200,벽산.두산아파트.서울관광고등학교,49.972485,15.586982,12.366712
120000099,21201,은천초등학교,40.485252,6.6365323,5.2654247
120000100,21202,봉일시장,31.948343,4.480144,3.554546
120000101,21203,은천교,27.362198,5.1270604,4.06781
120000102,21204,신림청소년독서실.신림체육센터,23.630213,9.241636,7.3323145
120000103,21205,난곡우체국사거리,25.097242,6.3904757,5.0702033
120000104,21206,신일교회앞.도깨비시장,29.15311,5.4546127,4.3276896
120000105,21207,세이브마트앞,29.80665,4.419529,3.5064545
120000106,21208,남강중고등학교입구,32.12948,1.2589899,0.9988826
120000107,21209,우림시장.난곡보건분소,33.95096,5.0256677,3.9873648
120000108,21210,난우중학교입구,43.855865,3.3633697,2.6684976
120000109,21211,신림복지관앞,48.658703,4.0902634,3.2452152
120000110,21212,신림복지관앞,48.809868,6.343312,5.0327835
120000111,21213,난우중학교입구,40.33823,11.170641,8.862786
120000112,21214,우림시장.난곡보건분소,34.444122,3.249126,2.5778565
120000113,21215,남강중고등학교입구,32.068497,2.496654,1.9808452
120000114,21216,세이브마트앞,29.525782,5.6950126,4.518423
120000115,21217,신일교회앞.도깨비시장,27.514942,4.617844,3.6637974
120000116,21218,난곡우체국사거리,24.193323,0.81789166,0.64891523
120000117,21219,신림청소년독서실.신림체육센터,26.069458,10.567074,8.383917
120000118,21220,KT구로지사,24.29136,4.591574,3.6429548
120000119,21221,골목시장앞,22.40421,2.6858554,2.1309578
120000120,21222,조원동주민센터,19.552761,3.1294847,2.482933
120000121,21223,조원동주민센터,23.45051,6.956481,5.519272
120000122,21224,신대방역,20.57676,6.640074,5.2682343
120000123,21225,신대방역,20.934422,3.0615132,2.4290047
120000124,21226,보라매공원입구,23.387358,5.8825164,4.667188
120000125,21227,보라매공원입구,21.07247,9.370613,7.4346447
120000126,21228,보라매파크뷰아파트,22.550274,8.353993,6.6280584
120000127,21229,롯데관악점,23.120232,5.7311573,4.5471
120000128,21230,롯데관악점,23.174885,3.7932944,3.0096
120000129,21231,당곡역,24.87541,3.644665,2.8916771
120000130,21232,당곡중학교,25.258112,1.5234108,1.2086742
120000131,21233,당곡중학교,26.317083,7.2610097,5.7608852
120000134,21236,봉현초등학교,115.06351,26.267096,20.840315
120000135,21237,동아아파트105동앞,107.63076,14.099695,11.186698
120000137,21239,관악드림타운115동,111.89849,23.873028,18.94086
120000138,21240,관악드림타운115동,107.45927,20.855032,16.546383
120000139,21241,관악드림타운북문,121.13691,50.127514,39.77117
120000140,21242,관악드림타운북문,105.50603,28.277357,22.435255
120000141,21243,구암중학교,101.33238,34.364033,27.264423
120000142,21244,구암중학교,103.360435,35.66401,28.295826
120000143,21245,벽산아파트.적십자남부봉사관,98.10217,16.590708,13.163068
120000144,21246,벽산아파트.적십자남부봉사관,102.099625,24.628786,19.540478
120000145,21247,벽산블루밍벽산아파트303동앞,94.30608,29.043882,23.043417
120000146,21248,구로디지털단지역,18.778635,10.460243,8.299157
120000149,21251,현대시장,43.66887,4.279806,3.3955982
120000150,21252,서울대입구역2번출구,48.09419,6.1238627,4.8586726
120000151,21253,신봉초등학교입구,34.393707,6.955746,5.5186887
120000152,21254,구암초등학교,53.378117,18.594477,14.752857
120000153,21255,은천동벽산블루밍아파트105동,58.633007,18.436443,14.627474
120000154,21256,은천동두산아파트3단지,38.065483,8.462431,6.7140927
120000155,21257,봉일시장,27.916538,4.1547914,3.2964115
120000156,21258,봉천역,29.20994,1.6075045,1.2753941
120000157,21259,현대시장,47.900074,16.661865,13.219523
120000158,21260,현대시장,45.317863,14.803464,11.745068
120000159,21261,관악우체국.에이치플러스양지병원,20.22857,6.5009117,5.157823
120000160,21262,관악우체국.에이치플러스양지병원,24.483541,9.989673,7.925806
120000161,21263,보라매삼성아파트.모자원고개,45.363358,6.1409774,4.8722515
120000162,21264,조원힐스테이트뉴포레아파트,17.33861,2.309526,1.8323779
120000163,21265,관악산휴먼시아.신림푸르지오2차,98.59066,18.774452,14.895651
120000164,21266,관악산휴먼시아아파트1단지입구,121.36119,10.126758,8.03457
120000165,21267,관악산휴먼시아아파트1단지입구,120.266,8.909928,7.069137
120000166,21268,난향동주민센터,87.33308,16.714048,13.260926
120000167,21269,서울대정문,59.01583,2.209041,1.7526532
120000168,21270,법대.사회대입구,69.31113,8.3858185,6.6533084
120000169,21271,자연대.행정관입구,91.013214,24.878466,19.738575
120000170,21272,농생대,98.17092,6.3744903,5.0575204
120000171,21273,공대입구,106.79046,16.252333,12.894601
120000172,21274,신소재,134.27736,19.28405,15.299966
120000173,21275,제2공학관,205.88467,7.540104,5.9823184
120000174,21276,유회진학술정보관.제1공학관,182.52202,35.753864,28.367117
120000175,21277,유전공학연구소.반도체공동연구소,160.24152,18.325518,14.539466
120000176,21278,교수회관입구,167.43211,23.032858,18.27427
120000177,21279,관악사삼거리,139.41603,11.212023,8.895619
120000178,21280,국제대학원,125.34178,23.20792,18.413164
120000179,21281,수의대입구.보건대학원앞,96.63942,5.019183,3.9822197
120000180,21282,경영대.행정대학원,83.935196,7.3879867,5.8616285
120000181,21283,경영대.행정대학원,76.47449,13.999176,11.106946
120000182,21284,수의대입구.보건대학원앞,98.253975,9.986425,7.92323
120000183,21285,국제대학원,126.16342,33.763496,26.787956
120000184,21286,관악사삼거리,139.12599,8.7768955,6.9635887
120000186,21288,공동기기원,163.60336,19.11344,15.164603
120000187,21289,유전공학연구소.반도체공동연구소,157.82268,32.567783,25.83928
120000188,21290,에너지자원신기술연구소,138.53049,13.992685,11.101796
120000190,21292,공대입구,112.72323,15.785597,12.524292
120000191,21293,농생대,100.94448,17.808502,14.129266
120000192,21294,자연대.행정관입구,91.45433,16.49342,13.085879
120000195,21297,문화관입구,80.858284,34.6188,27.466558
120000196,21298,법대.사회대입구,68.1523,12.956104,10.279373
120000197,21299,서울대정문,59.797195,3.1271286,2.4810638
120000198,21300,우방아파트,18.486662,9.265377,7.35115
120000199,21301,은천성결교회,23.001244,11.346564,9.002364
120000200,21302,남부초교후문,21.939718,11.837549,9.3919115
120000201,21303,봉림교,24.65225,5.84877,4.640414
120000202,21304,봉림교,23.168465,10.065973,7.986343
120000203,21305,남부초교후문,27.240917,2.8153229,2.2336771
120000207,21309,청담고시원,67.77295,20.719036,16.438484
120000208,21310,우리슈퍼,65.762215,11.863105,9.412188
120000209,21311,명호고시원,62.66763,10.793807,8.563807
120000210,21312,동작마트,52.226696,19.604107,15.553899
120000211,21313,제일성도교회,55.944992,14.942829,11.855641
120000212,21314,삼양슈퍼,80.00827,10.477993,8.31324
120000213,21315,금성마트용천사,87.15607,21.373455,16.957699
120000214,21316,삼양슈퍼,80.31477,16.46174,13.060745
120000215,21317,제일성도교회,56.530148,13.521361,10.727848
120000216,21318,동작마트,40.019165,6.98496,5.5418673
120000217,21319,고시촌입구,47.936073,9.202694,7.301417
120000218,21320,대학동치안센터,54.49731,5.6137724,4.453967
120000219,21321,대학동노인정,57.883408,7.8786273,6.2509027
120000220,21322,금호타운아파트,74.3896,17.23011,13.670369
120000225,21327,금호타운아파트,74.3896,17.23011,13.670369
120000226,21328,대학동노인정,63.471695,15.885631,12.603659
120000227,21329,대학동치안센터,55.42881,4.1503277,3.2928698
120000228,21330,서울대입구역3번출구,42.340183,4.6698313,3.7050443
120000230,21332,청림동현대아파트,106.73552,18.360449,14.567181
120000231,21333,청림동현대아파트,103.98138,15.747008,12.493676
120000233,21335,보성운수기종점,50.969006,7.8247037,6.20812
120000235,21337,난곡공영차고지,52.499016,8.392646,6.6587253
120000236,21338,한남운수대학동차고지,45.07016,5.084822,4.034298
120000237,21339,한남운수대학동차고지,47.685547,5.2004604,4.1260457
120000238,21340,제2공학관,218.80986,28.497679,22.610058
120000241,21604,신림사거리.신원시장,25.4273,5.827186,4.6232896
120000390,21827,롯데백화점관악점,23.606909,8.069949,6.402698
120000391,21828,롯데백화점관악점,23.388554,6.119422,4.8551493
120000392,21829,신림역,24.483541,9.989673,7.925806
120000393,21830,신림역,26.589775,4.656476,3.694448
120000394,21831,봉천역,32.998592,2.8233905,2.240078
120000395,21832,봉천역,30.41263,3.3427668,2.652151
120000396,21833,서울대입구역,39.01861,5.4363785,4.313223
120000397,21834,관악구청,45.12408,7.9828167,6.3335667
120000398,21835,관악구청,45.32579,17.806997,14.128071
120000400,21837,서울대학교,61.705826,10.941117,8.680682
120000412,21851,봉천역,28.266712,1.707965,1.3550994
120000413,21346,재넘이고개,77.83818,23.851048,18.923422
120000414,21347,연희빌라,57.489567,18.567617,14.731547
120000415,21345,연희빌라,60.38481,24.978954,19.818302
120000416,21348,당곡중고교,55.329403,14.924902,11.841417
120000417,21344,당곡중고교,55.329403,14.924902,11.841417
120000418,21349,보라매공영주차장,48.971985,9.029048,7.1636467
120000419,21343,보라매공영주차장,48.971985,9.029048,7.1636467
120000420,21342,봉일시장,26.91341,3.77744,2.997021
120000421,21350,신림사거리.신림역,26.37049,10.44355,8.2859125
120000422,21353,신대방역,19.669228,1.5622087,1.2394563
120000423,21352,건영유치원,20.702719,3.8424573,3.0486057
120000424,21351,신사동주민센터.신사시장,20.153656,2.643987,2.0977392
120000426,21763,봉천역,29.20994,1.6075045,1.2753941
120000427,20937,신대방역,18.98485,5.927522,4.702896
120000428,21764,봉천역,29.007664,3.766838,2.9886093
120000429,21790,봉천로사거리,34.129173,0.24682751,0.19583295
120000430,21751,낙성대입구,43.79757,11.593204,9.198048
120000431,21789,서울대호암교수회관,68.80436,15.5643425,12.348749
120000434,21888,봉천로사거리,35.5801,8.5194235,6.7593102
120000435,20936,신대방역,20.57676,6.640074,5.2682343
120000436,21358,신사시장.선한이웃교회,20.584593,5.3159356,4.2176633
120000437,21357,신사시장.평화교회,20.584593,5.3159356,4.2176633
120000438,21356,신대방역,18.826096,4.1106834,3.2614162
120000439,21359,신림청소년독서실.신림체육센터,26.196419,19.623796,15.56952
120000440,21801,구로디지털단지역,18.778635,10.460243,8.299157
120000441,21802,구로디지털단지역,18.45496,4.3421373,3.4450517
120000443,21920,신림복지관앞,48.658703,4.0902634,3.2452152
120000444,21809,난곡종점,50.738625,23.066927,18.3013
120000445,21361,호림박물관,24.634462,5.219082,4.1408195
120000446,21360,신사동진양빌딩앞,19.536829,1.8084706,1.4348406
120000447,21363,보성운수차고지맞은편,51.01344,6.1651077,4.8913965
120000449,21366,성원홈아파트,63.802948,21.911655,17.384708
120000450,21365,성원홈아파트,70.81092,28.613369,22.701847
120000451,21364,조원아파트,18.635801,3.7388468,2.966401
120000452,21841,신림2동차고지,41.86207,1.490068,1.18222
120000453,21842,신림2동차고지,43.09004,6.658328,5.282717
120000454,21812,봉천역,29.007664,3.766838,2.9886093
120000455,21367,신림빗물펌프장,18.39077,6.628818,5.2593045
120000456,21368,봉천사거리.위버폴리스,41.55431,5.8724575,4.659208
120000457,21369,서원동승리교앞,30.925907,4.425931,3.5115335
120000458,21370,서울난향초등학교.난향동주민센터,68.37613,14.776433,11.723622
120000459,21371,은천길입구,27.108253,6.4884048,5.1479006
120000664,21372,대학동샘말공원,81.22917,7.8356414,6.216798
120000665,21373,서울대학교.치과병원.동물병원,93.74511,9.457616,7.503672
120000668,21374,서울대학교.치과병원.동물병원,105.22581,29.131073,23.112593
120000669,21375,신림2교,39.010166,30.29962,24.039719
120000670,21376,서울대학교,70.202095,12.65085,10.037185
120000671,22026,남태령역,55.603348,7.065261,5.605578
120000672,21027,사당자동차학원,30.322378,2.595772,2.0594857
120000673,21379,청림동현대아파트입구,105.1035,7.503161,5.9530077
120000674,21002,구로디지털단지역,13.36761,8.531138,6.7686048
120000675,21199,대학동고시촌입구,44.976933,9.168094,7.273966
120000676,21845,사당역4번출구A,25.297167,18.199457,14.43945
120000677,21846,사당역4번출구B,25.297167,18.199457,14.43945
120000678,21917,행정관,82.22292,4.398423,3.4897087
120900001,21598,삼성전자,47.69043,3.450431,2.7375722
120900002,21597,롯데백화점,19.60221,5.6740255,4.501772
120900003,21595,가족생활동,74.57835,6.282737,4.984723
120900004,21594,신림성모성당앞,27.183464,4.0367365,3.2027466
120900005,21591,행운동우성아파트109동앞,86.13562,17.14721,13.604596
120900006,21589,신원동치안센터,27.776314,2.6396446,2.094294
120900007,21587,현대홈타운아파트,66.74259,10.623967,8.429055
120900008,21586,관악드림타운2단지,85.41005,12.789931,10.1475315
120900009,21585,BK국제관,86.70361,10.731173,8.514112
120900010,21584,은천교앞,26.652494,3.9172995,3.1079853
120900011,21583,인헌초등학교,48.90813,7.153828,5.6758475
120900012,21582,삼모타워앞.건강보험관악지사,29.305338,5.06484,4.018444
120900013,21581,난우초등학교,29.302925,2.7908115,2.2142298
120900014,21580,우성아파트103동,63.694324,2.9749517,2.3603268
120900015,21579,광신고등학교.주공1단지,74.39064,34.527145,27.393837
120900016,21578,난곡터널,37.11271,7.2019033,5.71399
120900017,21576,낙성대역,52.984016,7.8945813,6.263561
120900018,21575,구암어린이집.관악센트씨엘108동,85.81184,20.053324,15.910307
120900019,21573,국회단지입구,31.890554,2.693681,2.1371665
120900020,21571,동부아파트,27.498316,4.483874,3.5575054
120900021,21570,세이브마트,30.973171,8.00154,6.348422
120900022,21569,관악로입구,51.709473,9.308312,7.3852153
120900023,21568,203동앞,81.70754,13.3363905,10.581092
120900024,21567,신림고등학교,27.286577,1.8248506,1.4478364
120900025,21566,사랑의병원,40.614426,4.0722156,3.2308958
120900026,21565,성현동주민센터,56.47456,4.63054,3.6738706
120900027,21564,대학원생활관,119.32999,15.20168,12.061013
120900028,21563,경천교회,49.38902,17.483925,13.871746
120900029,21562,인헌시장입구,56.02009,3.1106524,2.4679916
120900030,21561,서강약국,27.716166,1.1123099,0.88250667
120900031,21560,애동유치원,39.13136,10.8916235,8.641414
120900032,21558,2단지종합상가,102.43422,25.945007,20.584768
120900033,21557,라이프아파트,28.311115,2.757461,2.1877697
120900034,21556,낙성대역,49.93136,5.200153,4.125801
120900035,21555,관악센트씨엘정문,60.57619,8.437009,6.693923
120900037,21553,산성교회,70.321815,19.668928,15.605329
120900038,21552,인헌연세약국,61.12811,6.05227,4.801871
120900039,21551,동산교회,31.639175,4.1687713,3.3075032
120900040,21550,남강중고등학교입구,46.921543,10.839006,8.599668
120900041,21549,관악프라자,42.89457,14.715678,11.675419
120900042,21548,삼성산주공307동앞,136.70247,13.675772,10.850357
120900043,21547,미성중학교,29.71611,21.030256,16.685406
120900044,21546,현대홈타운아파트,69.86705,14.7237425,11.681817
120900045,21545,구암초등학교정문,48.52294,12.322796,9.776907
120900046,21544,서울관광고등학교,80.67546,15.302625,12.141102
120900047,21543,오리사랑,63.984688,3.6539807,2.8990684
120900048,21542,GS편의점,34.215843,14.401952,11.426509
120900049,21541,제일교회입구,56.671814,8.759099,6.949469
120900050,21540,서울대입구역2호선,38.74248,6.886131,5.463456
120900051,21539,삼성산주공정문,26.196419,19.623796,15.56952
120900052,21538,두영아파트,37.759026,20.053127,15.9101515
120900053,21537,벽산아파트,101.175125,15.862338,12.585179
120900054,21536,현대시장,44.046177,9.943268,7.888989
120900055,21534,수정슈퍼,93.34662,16.65142,13.211237
120900056,21533,동인약국.인헌중고입구,75.13841,7.4665527,5.9239626
120900057,21532,혜성세탁소,49.547276,21.416815,16.992102
120900058,21531,충남슈퍼.생각대로통신,62.483147,12.759685,10.123533
120900059,21528,신라놀이터,39.666996,8.517544,6.757819
120900060,21527,벽산아파트501동.적십자센터,98.10217,16.590708,13.163068
120900061,21526,두산아파트입구,38.727932,3.5267732,2.798142
120900062,21524,우리슈퍼,102.429756,14.665158,11.635337
120900063,21523,우리현대마트,85.2691,11.917569,9.4553995
120900064,21521,한마음슈퍼,72.26827,12.990588,10.306733
120900065,21512,승산밝은빛교회.구무림비디오,78.97653,10.109533,8.020904
120900066,21504,보명사.법화사,87.081116,15.348593,12.177574
120900067,21520,관악로입구,50.758774,8.683337,6.8893595
120900068,21518,쌍용아파트후문,42.133987,3.445616,2.7337518
120900069,21522,미성빌라,60.943844,22.029295,17.478043
120900071,21515,벽산아파트후문.만물슈퍼,109.86029,11.992003,9.514456
120900072,21514,인수당약국,95.6601,7.872197,6.245801
120900073,21513,코사마트,70.18932,16.633396,13.196937
120900074,21511,푸르지오122동,66.3896,12.7198515,10.09193
120900076,21509,뉴서울아파트,53.14987,17.150978,13.607585
120900077,21508,봉천역,27.77101,0.68869364,0.54640955
120900078,21507,국사봉,112.309425,8.894081,7.0565643
120900079,21506,GS편의점.소망유통,104.7741,10.827814,8.590787
120900080,21505,현대아파트후문,77.022835,17.828636,14.145241
120900081,21503,청림동푸르지오아파트121동앞,77.440186,15.39671,12.21575
120900082,21502,난향동공영차고지,56.216164,13.683497,10.856486
120900083,21501,아카시아마을.민방위교육장,51.180866,9.212506,7.3092027
120900084,21599,신림청소년독서실.신림체육센터,26.196419,19.623796,15.56952
120900085,21600,샤로수길입구,42.169518,2.275779,1.805603
120900086,21601,관악우체국,27.809994,2.7969313,2.2190852
120900087,21649,삼성동시장,44.307137,1.950962,1.5478933
120900088,21650,난곡사거리,20.687405,6.0343256,4.787634
120900089,21651,신림역,25.801365,3.9461718,3.1308928
120900090,21663,인헌아파트,85.881744,33.333008,26.446407
120900091,21675,서울대벤처타운역.삼성동시장입구,39.296715,8.459657,6.711892
120900092,21677,동부아파트,27.498316,4.483874,3.5575054
120900093,21678,낙성대역,57.27044,1.8251741,1.4480932
120900094,21686,당곡역.당곡사거리,24.231867,4.0531054,3.215734
120900095,21689,서울융합과학교육원,64.228325,8.416118,6.6773477
120900096,21722,삼성아파트,45.363358,6.1409774,4.8722515
120900097,21733,서강약국,27.716166,1.1123099,0.88250667
120900098,21734,인헌연세약국,61.50415,4.4987183,3.5692832
120900099,21742,신도브래뉴.구펭귄아파트,18.114698,3.2025223,2.5408812
120900100,21743,동산교회,33.057274,5.858321,4.6479917
120900101,21744,오리사랑,63.984688,3.6539807,2.8990684
120900102,21752,낙성대현대아파트,49.447598,5.870649,4.6577725
120900103,21753,성지빌딩,33.494564,13.6004505,10.790597
120900104,21756,펭귄시장,19.510326,7.230725,5.736857
120900105,21760,동인약국.인헌중고입구,75.62121,8.920826,7.0777836
120900106,21761,국회단지입구,34.18713,4.2307496,3.3566768
120900107,21766,난곡사거리,22.880602,8.432832,6.690609
120900108,21768,우리현대마트,84.10097,14.911893,11.831096
120900109,21770,경천교회,49.78452,15.337019,12.168391
120900110,21771,낙성대입구,43.7838,6.899205,5.4738293
120900111,21773,서림동주민센터,40.82202,15.955801,12.659332
120900112,21774,인수당약국,94.59572,12.730741,10.10057
120900113,21775,산성교회,70.321815,19.668928,15.605329
120900114,21778,신원동치안센터,27.871363,2.4222698,1.9218289
120900115,21354,난곡사거리,26.308802,5.4201126,4.3003173
120900116,21782,현대아파트109동,54.77067,11.421563,9.061868
120900117,21783,개미유통,100.43147,13.771137,10.926021
120900118,21784,서울관광고등학교,80.67546,15.302625,12.141102
120900119,21785,낙성대역,48.90813,7.153828,5.6758475
120900120,21792,관악세무서,34.886448,18.358738,14.565823
120900121,21793,난우초등학교,28.038256,4.2421055,3.3656864
120900122,21794,현대아파트106동,58.812492,6.898063,5.4729233
120900123,21795,세진아파트,104.0203,22.149927,17.573751
120900124,21796,수정슈퍼,89.53734,16.038286,12.724776
120900125,21803,난곡터널,52.90181,37.816814,30.00386
120900126,21810,세이브마트,28.804981,1.7949659,1.4241259
120900127,21817,은천아파트,90.86467,1.5419488,1.2233821
120900128,21820,서울대벤처타운역.삼성동시장입구,41.24028,3.2535548,2.5813704
120900129,21821,애동유치원,39.13136,10.8916235,8.641414
120900130,21843,벽산아파트후문.만물슈퍼,112.309425,8.894081,7.0565643
120900131,21844,낙성대현대아파트,51.414783,9.136222,7.2486787
120900132,21852,관악센트씨엘후문,84.928444,13.800794,10.94955
120900133,21853,라이프아파트,28.311115,2.757461,2.1877697
120900134,21854,삼성동시장,44.73806,2.4580264,1.9501982
120900135,21855,남강중고등학교입구,50.395634,13.875092,11.008497
120900136,21858,낙성대공원.다시가는캠퍼스,55.472652,13.733039,10.895793
120900137,21859,구암어린이집.관악센트씨엘108동,82.980644,25.526114,20.252419
120900138,21861,삼성전자,47.06495,2.560609,2.0315871
120900139,21862,제일교회입구,56.671814,8.759099,6.949469
120900140,21864,서울융합과학교육원,61.40683,7.016027,5.566516
120900141,21865,성현동주민센터,58.32377,12.884212,10.222334
120900142,21866,두영아파트,34.571606,17.426853,13.826466
120900143,21868,충남슈퍼.생각대로통신,62.483147,12.759685,10.123533
120900144,21872,신라놀이터,39.666996,8.517544,6.757819
120900145,21873,광신고등학교.주공1단지,74.034584,18.449081,14.637502
120900146,21874,한마음슈퍼,72.40132,14.029831,11.1312685
120900147,21875,소망유통,103.2314,12.833466,10.182072
120900148,21877,두산아파트,38.539337,4.2952905,3.4078834
120900149,21878,쌍용아파트후문,44.78057,16.55653,13.135951
120900150,21879,201동.동신교회,86.50858,7.1345353,5.6605406
120900151,21880,승산밝은빛교회.구무림비디오,79.556694,11.132229,8.832311
120900152,21881,군인아파트,111.69505,15.840254,12.567657
120900153,21882,호암교수회관,68.46816,11.708458,9.289491
120900154,21884,뉴서울아파트,53.14987,17.150978,13.607585
120900155,21885,3단지종합상가,103.83394,20.969866,16.637491
120900156,21886,보명사.법화사,87.081116,15.348593,12.177574
120900157,21887,가족생활동,81.14338,13.7184105,10.884187
120900158,21891,삼성산주공307동앞,130.22774,22.071661,17.511656
120900159,21892,서울대후문.연구공원,91.19924,20.514914,16.276533
120900160,21894,삼성산주공아파트정문,145.3357,9.979372,7.9176335
120900161,21895,학부생활관,112.485344,31.656677,25.116407
120900162,21897,대학원생활관,126.12205,19.050306,15.114512
120900163,21899,기숙사삼거리,140.00496,6.3837466,5.0648646
120900164,21904,제2파워플랜트,169.43456,22.818527,18.10422
120900165,21905,건설환경종합연구소,206.9634,20.03384,15.894849
120900166,21907,보라매노인복지회관,24.519743,3.52308,2.7952118
120900167,21908,신한은행앞.롯데백화점,18.9894,2.6872587,2.1320713
120900169,21910,벽산아파트,100.163956,10.304104,8.175276
120900170,21912,봉림교,24.261993,5.205598,4.130121
120900171,21913,서원치안센터.건강보험관악지사,29.09051,7.937634,6.2977185
120900172,21915,노천강당,131.15833,2.7131636,2.1526241
120900173,21890,아카시아마을.민방위교육장,50.778255,8.184662,6.4937105
120900174,21911,적십자센터,102.099625,24.628786,19.540478
120900175,21517,신협,33.398792,1.2064121,0.9571673
120900176,21883,신협,33.398792,1.2064121,0.9571673
120900177,21889,봉천역6번출구,29.668154,5.454405,4.3275247
120900178,21893,봉천역4번출구,29.007664,3.766838,2.9886093
120900179,21745,봉일시장,31.405993,8.082647,6.412772
120900180,21823,인헌아파트,83.29145,13.379134,10.6150055
120900181,21738,낙성대공원.다시가는캠퍼스,55.290543,1.8190018,1.443196
120900182,21765,인헌초등학교,48.05844,16.32228,12.950097
120900183,21800,낙성대입구,44.162357,2.4233606,1.9226943
120900184,21819,인헌초등학교,45.724384,2.1770978,1.7273095
120900185,21870,호암교수회관,64.046486,3.6351378,2.8841183
120900186,21818,우리슈퍼,99.199585,19.278515,15.295573
120900187,21871,현대시장,44.747974,9.096813,7.2174115
120900188,21856,은천아파트,91.85713,8.552465,6.785526
120900189,21572,파리바게트.낙성대지하철,56.544285,5.296241,4.2020373
120900190,21863,세진아파트,104.0203,22.149927,17.573751
120900191,21869,개미유통,103.38019,15.92925,12.638267
120900192,21916,신림역4번출구,26.103765,5.7700047,4.577922
120900194,21588,갑을아파트,20.806904,6.931273,5.499272
120900195,21732,조원경로당,18.942028,1.2612832,1.000702
120900196,21574,학부생활관,103.829254,16.364634,12.983701
120900197,21590,유완약국.성림교회,51.980686,5.0631695,4.0171185
120900198,21867,유완약국.성림교회,52.07482,5.8586655,4.648265
120900199,21592,신림고등학교,26.742012,2.1456375,1.7023488
120900200,21593,낙성대입구,46.415592,14.169576,11.242141
120900201,21772,신림체육센터,22.46256,7.495632,5.9470344
120900202,21860,미성중학교,29.71611,21.030256,16.685406
120900203,21919,서원역2번출구.서원동성당앞,35.48007,24.65,19.557308
120900204,21355,난곡사거리,22.669048,3.6395311,2.887604
120900205,21700,은천교입구,26.369696,6.564289,5.208107
120900206,21701,은천교입구,26.369696,6.564289,5.208107
120900207,21602,신림고등학교,29.546719,9.543684,7.571959
121000001,22001,말죽거리공원사거리,19.100838,4.5710526,3.626673
121000002,22002,말죽거리공원사거리,19.442755,4.324608,3.431144
121000003,22003,양재역.서초문화예술회관,33.437588,2.3746343,1.8840349
121000004,22004,양재역.서초문화예술회관,29.63569,1.1974741,0.950076
121000005,22005,뱅뱅사거리,30.84273,9.26895,7.3539853
121000006,22006,뱅뱅사거리,35.41801,10.5286455,8.353428
121000007,22007,래미안아파트.파이낸셜뉴스,28.51537,6.1328516,4.8658047
121000008,22008,래미안아파트.파이낸셜뉴스,20.239426,19.297276,15.310459
121000009,22009,신분당선강남역,26.995409,14.637309,11.613241
121000010,22010,신분당선강남역,43.749233,29.865166,23.695023
121000011,22011,지하철2호선강남역,20.308344,9.097985,7.218342
121000012,22012,지하철2호선강남역,26.513346,27.870972,22.11283
121000013,22013,논현역,7.0296617,6.885123,5.4626565
121000014,22014,논현역,18.900074,3.002039,2.3818176
121000015,22015,신사역.푸른저축은행,31.95333,7.897764,6.266086
121000016,22016,신사역,34.991455,0.653104,0.5181727
121000017,22017,반포역,22.2991,4.325597,3.4319284
121000018,22018,반포역,11.440935,0.7148759,0.56718254
121000019,22019,고속터미널,11.101172,7.346237,5.8285046
121000020,22020,고속터미널,10.962544,4.0902658,3.2452168
121000021,22021,신반포역.세화여중고,12.455187,7.696805,6.106645
121000022,22022,신반포역.세화여중고,13.3491745,6.3316636,5.023542
121000023,22023,구반포역.세화고등학교,16.35398,3.4474099,2.735175
121000024,22024,구반포역.세화고등학교,16.872295,4.8390164,3.8392758
121000025,22101,교대역13번출구,19.885061,13.624767,10.809891
121000026,22102,서울교대사거리,28.732838,7.7218843,6.126543
121000027,22103,교대역2번출구,23.755592,15.371571,12.195804
121000028,22104,서초동유원아파트,18.561731,11.790343,9.354459
121000029,22105,창신교회앞.서리풀노리학교,25.8632,3.8238769,3.033864
121000030,22106,창신교회.서리풀노리학교,25.751892,3.7624414,2.985121
121000031,22107,서울교대정문앞,32.840897,8.079613,6.4103646
121000032,22108,서울교대정문앞,31.289806,12.9169445,10.248304
121000033,22109,남부터미널,52.579624,25.718018,20.404675
121000034,22110,서울시인재개발원입구,51.290253,8.568854,6.798529
121000035,22111,서울시인재개발원.한우리문화센터,59.59784,46.653687,37.015034
121000036,22112,서일초등학교,33.685432,11.647666,9.241259
121000037,22113,서일초등학교,30.217796,12.455169,9.881931
121000038,22114,롯데칠성,14.747344,2.0172539,1.6004893
121000039,22115,롯데칠성,17.385817,3.0759342,2.4404461
121000041,22117,래미안에스티지에스,20.220686,3.6143415,2.8676186
121000042,22118,래미안에스티지,21.32812,11.297078,8.963102
121000043,22119,서초청소년도서관,22.708002,10.812289,8.57847
121000044,22120,서초청소년도서관,25.427292,6.10942,4.8472133
121000045,22121,서초동신동아아파트,23.68364,9.339366,7.409853
121000046,22122,서초2동주민센터.서이초등학교,22.508003,2.6231983,2.0812454
121000047,22123,래미안리더스원아파트,23.116114,3.4616704,2.7464893
121000049,22125,서초문화예술정보학교후문,23.963966,5.7660704,4.5748005
121000050,22126,서초문화예술정보학교후문,21.925222,2.783716,2.2086003
121000051,22127,서초그랑자이아파트,22.959656,4.758484,3.775381
121000052,22128,서초그랑자이아파트,24.898138,9.148376,7.2583222
121000053,22129,서초구청,29.677889,12.549365,9.956666
121000054,22130,서초구청,31.485449,15.316313,12.151962
121000055,22131,수협서초지점,23.720879,35.54451,28.201015
121000056,22132,서초문화예술정보학교,25.503874,12.502196,9.919242
121000057,22133,법조단지,37.069935,3.3418887,2.6514544
121000058,22134,교대역10번출구,25.665997,12.508089,9.923918
121000059,22135,서초역.서울중앙지법등기국,38.287655,8.408244,6.6711006
121000060,22136,서초역1번출구,34.004223,5.559834,4.411172
121000061,22137,서울중앙지방검찰청,35.592434,6.7126565,5.325822
121000062,22138,서울중앙지방검찰청.대검찰청,32.99533,7.2719126,5.7695355
121000063,22139,서초아트자이아파트,35.098457,11.05092,8.767799
121000064,22140,서초동삼성아파트,34.333416,1.6457373,1.305728
121000065,22141,서초유스센터.서초아트자이,40.915623,16.95137,13.449217
121000066,22142,서초동삼성아파트,27.947954,12.615224,10.008919
121000067,22143,서초3동주민센터,42.97955,18.850363,14.955877
121000068,22144,서초3동주민센터,36.73593,11.890471,9.4339
121000069,22145,서초동예술의전당,48.690834,10.466487,8.304111
121000070,22146,서초중학교,39.880703,3.2452638,2.5747924
121000071,22147,서초중학교,41.33111,2.5755858,2.04347
121000072,22148,서울고등학교,37.164135,11.115066,8.818693
121000073,22149,서울고등학교,40.023903,8.123168,6.444921
121000074,22150,상문고교,38.92402,8.729911,6.926311
121000075,22151,서초동예술의전당,63.917267,24.356825,19.324705
121000076,22152,서초동예술의전당,57.947983,7.0763526,5.614378
121000077,22153,남부터미널.기쁨병원,49.778255,9.015533,7.152924
121000078,22154,남부터미널.기쁨병원,54.857082,30.197174,23.958437
121000080,22156,남부터미널.한일시멘트,28.546133,4.857166,3.8536756
121000081,22157,남부터미널,38.82376,5.7126727,4.5324345
121000082,22158,서울교대사거리,25.329542,5.025432,3.9871776
121000083,22159,서울교대사거리,28.222214,15.7410755,12.488969
121000084,22160,서울교대사거리,31.043213,20.350353,16.145971
121000085,22161,교대역14번출구,22.036032,4.9675956,3.9412901
121000086,22162,KCC사옥,16.05981,10.020134,7.949974
121000087,22163,서초푸르지오써밋,16.54835,5.80135,4.6027913
121000088,22164,서초푸르지오써밋.롯데캐슬클래식,18.214975,6.567824,5.2109113
121000089,22165,진흥아파트,14.555886,4.875604,3.8683043
121000090,22166,진흥아파트,17.028107,9.445863,7.4943476
121000091,22167,강남역9번출구,17.341993,1.1745981,0.93192613
121000092,22168,서초동진흥아파트,13.496514,2.223584,1.7641915
121000093,22169,서초동유원아파트,24.91546,16.325747,12.9528475
121000094,22170,지하철2호선교대역4번출구,20.15943,8.746913,6.9398007
121000095,22171,법조단지,37.32903,5.5123043,4.373462
121000096,22172,신논현역.구교보타워사거리,13.341316,24.10072,19.121511
121000097,22173,강남역10번출구,21.357252,7.5689993,6.0052443
121000098,22174,잠원한신아파트,16.744602,14.146958,11.224196
121000099,22175,래미안신반포리오센트아파트,17.094461,5.737214,4.5519056
121000100,22176,신반포18차아파트,18.307943,6.586874,5.226026
121000101,22177,롯데캐슬아파트,15.083783,7.920313,6.283976
121000102,22178,롯데캐슬아파트,16.246466,0.3687115,0.2925357
121000103,22179,신반포르엘아파트,18.791195,6.0506597,4.8005934
121000104,22180,신반포르엘아파트,18.175043,6.2492228,4.958133
121000105,22181,신동중학교,14.375013,4.460115,3.5386553
121000106,22182,신동중학교,12.412777,5.4942694,4.3591533
121000107,22183,논현역7번출구,31.569006,5.1229897,4.06458
121000109,22185,신사역4번출구,30.313314,8.687128,6.8923674
121000110,22186,신사역5번출구,31.245123,10.350288,8.211919
121000114,22190,논현역6번출구,32.132133,9.031681,7.1657357
121000115,22191,논현역4번출구,20.706757,6.8738403,5.453705
121000116,22192,신논현역2번출구,26.342884,3.0093586,2.3876252
121000117,22193,신논현역1번출구,22.392618,4.171578,3.3097298
121000118,22194,제일약품사옥,12.293114,6.8690453,5.4499
121000119,22195,사평역,23.421919,8.004477,6.350752
121000120,22196,사평역,16.9603,4.6345186,3.6770272
121000121,22197,디에이치반포라클라스,39.31455,21.019737,16.67706
121000123,22199,삼호가든사거리.반포도서관,19.475813,0.9482448,0.75233746
121000127,22203,서초구민체육센터.심산문화센터,19.485607,3.4650292,2.7491543
121000128,22204,잠원한신아파트,19.974512,8.933946,7.0881925
121000129,22205,잠원성당.아크로리버뷰아파트,18.87569,17.699076,14.042446
121000130,22206,잠원성당,20.40854,11.100202,8.8069
121000131,22207,뉴코아아울렛,16.81315,11.363482,9.015787
121000132,22208,신반포자이아파트,19.432404,2.6671793,2.1161401
121000135,22211,반포자이아파트,10.148536,6.29824,4.9970236
121000136,22212,서울지방조달청.서울성모병원,28.13466,9.084024,7.207265
121000137,22213,고속터미널역3번출구,18.152525,5.216058,4.1384206
121000138,22214,서울지방조달청.서울성모병원,21.713327,4.8749146,3.8677573
121000139,22215,서울성모병원,16.711021,8.521146,6.7606773
121000141,22217,서초구민체육센터.심산문화센터,26.654436,13.949854,11.067815
121000142,22218,반포미도아파트앞,27.02906,4.7423024,3.762543
121000144,22220,고속터미널호남선,11.250793,6.211221,4.927983
121000145,22221,삼호아파트,19.498814,3.7052758,2.939766
121000146,22222,방배사이길,18.553514,1.6362847,1.2982284
121000147,22223,방배동삼호아파트,18.009912,1.4459782,1.1472391
121000148,22224,가야메디컬센터,17.450388,2.4976003,1.9815961
121000149,22225,이수교,16.583206,9.027807,7.162662
121000152,22228,한국제약바이오협회,49.28207,14.843854,11.777114
121000153,22229,방배역.방배서리풀이편한세상,23.773987,6.251471,4.959917
121000154,22230,내방역2번출구,23.46448,4.2582636,3.3785064
121000155,22231,내방역,19.981966,8.726714,6.923775
121000156,22232,방배1동주민센터.방배아크로타워,23.666517,5.35126,4.24569
121000157,22233,지하철2호선방배역,32.563942,4.9355035,3.9158282
121000158,22234,서울교통공사사당별관,28.824713,0.93462586,0.74153215
121000159,22235,종로교회,38.735653,1.649624,1.3088117
121000160,22236,대우효령아파트,52.56082,8.72762,6.9244933
121000161,22237,이수중학교,52.222496,15.343768,12.173746
121000162,22238,방배브라운가아파트,50.072655,11.490926,9.1169
121000165,22241,사당역,17.046515,2.001676,1.5881298
121000166,22242,사당역3번출구,21.161688,4.3202524,3.4276884
121000168,22244,경남임광아파트,58.90065,4.71106,3.737755
121000169,22245,방배그랑자이아파트,56.084343,7.6668878,6.0829086
121000170,22246,서울지방법무사회,38.471893,4.038627,3.2042468
121000171,22247,현대멤피스2차아파트,43.678734,21.498878,17.057209
121000172,22248,한국제약바이오협회,45.371468,8.030003,6.371004
121000173,22249,방배역.백석예술대학교,38.758766,33.00661,26.187447
121000174,22250,방배동대우효령아파트앞,51.072037,6.1739464,4.898409
121000175,22251,종로교회앞,36.533356,11.024731,8.747022
121000176,22252,서울교통공사,33.697712,9.162295,7.269365
121000177,22253,방배동래미안아트힐.국립국악원,80.36617,18.675827,14.817401
121000178,22254,방배그랑자이아파트,70.08512,4.3685913,3.4660401
121000179,22255,성뒤마을.교육연수원,53.05537,16.788172,13.319735
121000181,22257,대항병원,32.941605,6.3361473,5.027099
121000182,22258,대항병원,43.91374,44.24423,35.10337
121000183,22259,방배동래미안타워.동덕여중고,33.925964,4.742545,3.7627351
121000184,22260,성뒤마을.교육연수원,64.05245,3.5011582,2.777819
121000185,22261,방배그랑자이아파트,77.116516,14.872136,11.799553
121000186,22262,방배동래미안아트힐.국립국악원,92.41821,26.8755,21.32302
121000187,22263,뒷벌어린이공원.래미안원페를라,20.804554,4.350098,3.4513679
121000188,22264,방배동고개,39.783264,14.178944,11.249574
121000192,22268,방배열린문화센터(방배4동주민센터),16.848097,5.0456147,4.0031905
121000315,22397,동작대교전망카페,25.13,12.714693,10.087837
121000193,22269,방배열린문화센터(방배4동주민센터),19.055569,2.0326698,1.6127203
121000194,22270,양재역.양재1동민원분소,22.778816,3.6144881,2.867735
121000195,22271,양재노인종합복지관,25.249187,4.3691144,3.4664555
121000196,22272,블랙야크양재사옥,19.916216,6.8707814,5.451278
121000197,22273,현대빌라.에코나우,28.11517,17.28585,13.714593
121000198,22274,현대빌라.에코나우,25.433142,4.1519895,3.2941885
121000199,22275,우성아파트.양재초등학교,25.315575,10.986164,8.716422
121000200,22276,우성아파트.양재초등학교,25.487904,9.155423,7.263913
121000201,22277,코오롱아파트.양재1동주민센터,28.925638,7.2163715,5.725469
121000202,22278,우면코오롱아파트,27.426481,3.2815268,2.6035633
121000203,22279,우면주공아파트.우면한라아파트,32.6126,6.138375,4.8701863
121000204,22280,우면주공아파트.양재1동주민센터,31.642487,1.4885712,1.1810324
121000205,22281,서울AI허브.한국교원단체총연합회,27.637764,30.175335,23.94111
121000206,22282,서울AI허브.한국교원단체총연합회,24.618387,18.439161,14.62963
121000207,22283,네이처힐3.4단지,25.588024,2.867239,2.2748675
121000208,22284,성촌마을입구,29.155684,4.7552834,3.7728417
121000209,22285,송동마을.서초힐스아파트,31.700811,3.8208132,3.031433
121000210,22286,송동마을.서초힐스아파트,29.388704,7.4569087,5.9163113
121000211,22287,식유촌우면성당.서초호반써밋,31.163527,4.146797,3.290069
121000212,22288,식유촌우면성당.서초호반써밋,28.417099,7.511528,5.959646
121000213,22289,양재역10번출구,37.215115,16.789259,13.320599
121000214,22290,양재역,34.762974,5.9433665,4.715467
121000215,22291,말죽거리공원사거리,19.415699,10.866418,8.621416
121000216,22292,말죽거리공원사거리,22.130116,6.625712,5.2568398
121000217,22293,양재2동주민센터.양재꽃시장,16.640387,4.9177165,3.9017162
121000218,22294,매헌시민의숲,19.895355,3.2302096,2.5628483
121000219,22295,언남고교,23.907854,5.6431146,4.477247
121000220,22296,매헌시민의숲.양재꽃시장,17.985106,2.3038187,1.8278497
121000221,22297,매헌시민의숲.양재꽃시장,18.452703,7.81467,6.200159
121000222,22298,AT센터.양재꽃시장,22.814524,1.2787707,1.0145767
121000223,22299,양곡도매시장,36.549297,10.037004,7.9633594
121000224,22300,양곡도매시장,40.566,7.1823816,5.6985016
121000225,22301,하나로마트.코트라,26.504202,14.236049,11.294881
121000226,22302,코트라,29.131403,9.009439,7.1480894
121000227,22303,구룡사앞,37.191082,9.534747,7.5648685
121000228,22304,구룡사,28.803082,3.2418854,2.572112
121000229,22305,구룡사입구,39.61209,9.4639,7.508658
121000230,22306,동원산업앞,27.039156,3.1309402,2.484088
121000231,22307,언남고.포이성당앞,29.537794,2.9705741,2.3568535
121000232,22308,양재119안전센터앞,24.20927,3.8549592,3.0585246
121000233,22309,양재119안전센터앞,26.886974,8.381698,6.6500387
121000234,22310,꽃마을,26.118517,0.6676732,0.52973187
121000235,22311,꽃마을,25.726545,1.4736615,1.169203
121000236,22312,개나리골입구,28.54824,1.5229113,1.2082778
121000237,22313,개나리골입구,28.125502,3.882099,3.0800574
121000238,22314,새원마을,32.79184,4.3674827,3.4651606
121000239,22315,새원마을,32.79184,4.3674827,3.4651606
121000240,22316,본마을,35.976402,0.74508744,0.59115237
121000241,22317,본마을,35.16321,7.4682074,5.925276
121000242,22318,청계산.원터골,59.968536,2.900612,2.3013456
121000243,22319,청계산.원터골,57.97772,5.527676,4.3856583
121000244,22320,관현사입구,77.09085,9.318002,7.392903
121000245,22321,관현사입구,75.5193,12.687872,10.066558
121000246,22322,새쟁이마을,79.58228,9.162334,7.2693963
121000247,22323,새쟁이마을,77.808464,5.4349027,4.312052
121000248,22324,옛골,100.50958,5.8246026,4.6212397
121000249,22325,염곡마을.서초50플러스센터,28.356184,7.692043,6.1028666
121000250,22326,염곡마을.서초50플러스센터,30.574791,3.8093822,3.022364
121000251,22327,탑성마을,51.84307,6.6210237,5.2531204
121000252,22328,탑성마을,56.824287,5.4400115,4.316105
121000254,22330,안골마을,50.353218,15.025305,11.921077
121000255,22331,서울특별시어린이병원.강동송파과학화예비군훈련장,89.78147,16.098984,12.772933
121000256,22332,서울특별시어린이병원.강동송파과학화예비군훈련장,87.85548,2.791642,2.2148886
121000257,22333,헌인릉.강남서초과학화예비군훈련장,62.32412,2.5600867,2.0311728
121000258,22334,헌인릉.강남서초과학화예비군훈련장,47.903225,7.637624,6.059691
121000259,22335,헌인농장,42.739635,8.889842,7.0532007
121000260,22336,헌인마을.서울농업기술센터,33.27307,5.55186,4.4048457
121000261,22337,헌인마을.서울농업기술센터,34.488186,3.7842636,3.0024347
121000262,22339,강남역8번출구,18.235792,5.8620176,4.6509247
121000263,22340,방배동래미안타워.동덕여중고,34.636513,2.33176,1.8500183
121000271,22348,강남역7번출구,25.527145,12.651068,10.037357
121000289,22367,염곡동구룡사,29.459751,9.843484,7.80982
121000290,22368,국제전자센터,43.94756,2.4551063,1.9478813
121000294,22372,형촌마을입구(서초네이처힐1.2단지),32.84096,6.7815213,5.3804593
121000297,22376,국제전자센터,45.138885,9.720826,7.7125034
121000299,22378,한국도로교통공단서울지부.코트라,27.351881,11.974394,9.5004835
121000300,22379,서초역3번출구,30.535759,3.7678125,2.9893823
121000302,22381,반포대교남단.한강시민공원입구,21.296673,8.19386,6.5010085
121000303,22382,반포대교남단.한강시민공원입구,12.895376,5.6077757,4.449209
121000304,22385,이수역5번출구,19.946795,5.2008185,4.1263294
121000305,22386,방배초등학교,24.735662,8.800524,6.9823356
121000306,22387,방배고개,34.386375,7.3234906,5.8104577
121000307,22388,방배역,32.21579,15.1051655,11.984438
121000308,22390,방일초교,16.454403,21.00342,16.664114
121000309,22391,내방역,18.709623,3.6802921,2.9199438
121000310,22392,방배고개.방배초등학교,35.1624,5.70805,4.5287666
121000311,22393,이수역,17.049109,3.4059682,2.702295
121000312,22394,방배역,32.21579,15.1051655,11.984438
121000313,22395,방배역,30.693535,5.7186027,4.5371394
121000314,22396,동작대교전망카페,22.256691,18.502048,14.679524
121000472,22762,이수교(방배본동),15.386535,6.7421703,5.349238
121000473,22763,사당역,17.09989,4.020423,3.1898036
121000475,22765,서울교통공사,30.826525,9.437942,7.488063
121000476,22766,임광아파트,58.39092,8.679588,6.886385
121000479,22769,방배동래미안아파트,39.333412,37.145145,29.470959
121000511,22802,대우효령아파트,52.56082,8.72762,6.9244933
121000516,22808,방배역,33.14138,3.9054155,3.0985568
121000517,22809,서울고교,41.477596,9.255464,7.343285
121000518,22810,서울고교,37.28887,7.019982,5.5696535
121000520,22812,서초아트자이아파트,25.725908,10.822084,8.586242
121000521,22813,서울교육대앞,26.589966,3.9090233,3.1014192
121000524,22816,남부터미널,30.07285,13.605023,10.794226
121000530,22033,정금마을,15.242879,4.156,3.2973704
121000531,22031,경문고등학교,15.934643,8.377537,6.646738
121000532,22029,총신대입구역.남성사계시장입구앞,17.34802,5.9321303,4.706552
121000533,22027,이수역,13.205796,7.898067,6.2663264
121000541,22652,강남역서초현대타워앞,27.259926,10.770867,8.545606
121000558,78578,양재IC(출),27.172081,2.1041806,1.6694568
121000920,22905,래미안아파트.파이낸셜뉴스,23.152842,6.1048584,4.8435946
121000921,22997,강남역나라빌딩앞,26.995409,14.637309,11.613241
121000922,23841,양재역,25.152805,17.049597,13.527149
121000923,23827,양재역,29.497635,11.422916,9.062942
121000924,22823,반포미도아파트앞,30.540339,4.7003846,3.729285
121000925,22829,반포래미안아이파크아파트,25.001013,6.0036035,4.763259
121000926,22828,삼풍아파트,40.082893,3.3299217,2.64196
121000927,22827,서초아르누보호텔.유원아파트,24.91546,16.325747,12.9528475
121000928,22826,프로비스타호텔.서초동유원아파트,21.363052,11.750805,9.323089
121000929,22825,교대역,19.391638,5.3469644,4.2422814
121000930,22824,삼풍아파트,37.069935,3.3418887,2.6514544
121000937,22600,강남역도시에빛,26.813234,37.240273,29.546432
121000938,22405,반포한강공원.세빛섬,7.221082,13.475549,10.6915
121000939,22404,반포한강공원.세빛섬,3.5,0.61443317,0.48749128
121000940,22413,신논현역.씨티은행,12.672531,24.916424,19.768692
121000942,22411,신논현역.인터파크,10.268683,15.293836,12.13413
121000943,22410,신논현역.우신빌딩,12.756429,16.619753,13.186111
121000944,22406,신논현역.주류성빌딩,21.742655,13.410848,10.640166
121000945,22407,신논현역.BSX빌딩,20.689234,13.862019,10.998125
121000946,22409,신논현역.금강빌딩,20.449356,9.838853,7.806146
121000947,22408,신논현역.유화빌딩,16.911917,6.621636,5.253606
121000956,22424,네이처힐5단지,27.855797,4.9332523,3.9140425
121000957,22601,KT삼거리,26.05957,2.9006946,2.3014112
121000958,22602,KT연구개발센터정문,29.640175,16.744097,13.284766
121000959,22604,형촌마을입구,27.683363,2.168904,1.7208085
121000960,22667,성촌마을입구,26.966127,1.5528253,1.2320116
121000961,22402,청계산입구역,41.580406,6.153547,4.882224
121000962,22401,청계산입구역,47.12036,10.876933,8.629759
121000963,22612,한남대교남단(가상),14.985989,10.620143,8.426022
121000965,22641,서초IC(가상),38.896202,4.1971107,3.3299878
121000966,22640,서초IC(가상),39.386364,3.3461845,2.6548629
121000967,00000,옛골(가상),89.3601,6.784709,5.382988
121000968,00000,옛골(가상),98.38201,28.936647,22.958336
121000969,22909,양재역엘타워빌딩,34.31459,13.018873,10.329174
121000970,22903,양재역9번출구,34.31459,13.018873,10.329174
121000971,22919,양재역커피빈앞,39.769547,18.48488,14.665904
121000972,22999,양재역신한은행앞,39.769547,18.48488,14.665904
121000973,22654,강남역티월드,26.813234,37.240273,29.546432
121000974,22653,강남역우리은행,25.927292,19.408915,15.399033
121000975,22711,교대역,17.774237,5.3713765,4.26165
121000976,22539,반포자이아파트,15.0663595,0.15097807,0.119786
121000977,22793,강남고속버스터미널,12.499096,7.194609,5.7082033
121000979,22533,반포자이아파트,10.148536,6.29824,4.9970236
121000981,22403,서초포레스타7단지,47.512257,6.2868342,4.987974
121000982,22607,호반써밋서초파크.파크뷰,24.350327,1.8153281,1.4402814
121000983,22605,서초호반써밋,27.566532,1.614847,1.2812195
121000984,22478,kt연구소,26.77216,3.6690187,2.9109995
121000985,22347,서초힐스아파트,31.362381,9.237808,7.3292775
121000986,22116,서초포레스타2단지앞,48.993187,3.5530493,2.8189893
121000987,22399,서초포레스타입구,44.02405,10.368238,8.22616
121001302,22977,반포종합운동장,13.549688,4.3776536,3.4732304
121001308,22777,KT연구개발센터,24.672762,10.656323,8.454727
121001309,22774,삼성전자서울R&D,36.58364,7.3718095,5.848794
121001311,22998,반포대교(가상),12.614905,13.35896,10.598999
121001312,22988,반포대교(가상),24.43185,8.875419,7.041757
121001313,22779,네이처힐.호반써밋서초파크.파크뷰,24.522484,0.6766792,0.5368773
121001314,21028,사당역,22.41385,7.471197,5.927648
121001315,22028,사당역,19.35762,8.911513,7.0703945
121001318,22801,내방역.제일병원,24.589516,8.778907,6.9651847
121001325,22851,사당역14번출구,22.191263,9.250274,7.3391676
121001326,22200,신반포역4번.래미안퍼스티지,14.281324,6.2375765,4.948893
121001327,22415,내방역1번출구,24.589516,8.778907,6.9651847
121001328,22426,대법원앞,37.392376,11.123968,8.825756
121001329,22608,서리풀문화광장,37.640583,3.8167436,3.0282042
121001330,22341,옛골,101.862915,4.0920033,3.2465954
121001331,00000,이수교차로(가상),15.97928,10.634569,8.437467
121001332,22036,염곡마을.서초50플러스센터,29.86206,1.4682468,1.1649071
121001333,22035,염곡마을.서초50플러스센터,31.879377,1.5923077,1.2633369
121001334,22038,탑성마을.서초포레스타입구,49.23699,7.3753686,5.8516173
121001335,22037,탑성마을.서초포레스타입구,49.23699,7.3753686,5.8516173
121001336,22040,안골마을.서울언남초등학교,50.187706,9.391662,7.451344
121001337,22039,안골마을.서울언남초등학교,51.065887,7.457476,5.916762
121001338,22042,샘마을.서울특별시어린이병원,89.78147,16.098984,12.772933
121001339,22041,샘마을.서울특별시어린이병원,87.94367,7.191344,5.705612
121001340,00000,염곡지하차도북측(가상),22.11375,4.2608957,3.3805945
121001341,22043,매헌시민의숲사거리,20.920427,3.2203312,2.5550108
121001342,22044,매헌시민의숲사거리,19.733406,1.0121981,0.80307794
121001343,22045,매헌시민의숲,20.354963,11.592086,9.197161
121001344,22046,매헌시민의숲,20.04934,2.3709817,1.8811369
121001345,22527,서초AICT우수기업센터,34.386177,5.594241,4.4384713
121001346,22209,반포3동주민센터.청담고등학교,16.076204,16.351116,12.972976
121900001,22256,방배동래미안타워,34.636513,2.33176,1.8500183
121900002,22100,한국소비자원,23.622862,9.180356,7.2836943
121900003,22227,롯데캐슬헤론아파트,19.283726,3.6244836,2.8756652
121900004,22338,서초소방서,27.193157,1.9467515,1.5445526
121900005,22343,헌인가구단지,54.07432,8.393402,6.659325
121900006,22344,내방역8번출구,21.268639,3.9064488,3.0993767
121900007,22345,교대역5번출구,21.582598,3.303801,2.6212358
121900008,22267,예술의전당,50.628094,12.280474,9.743327
121900009,22363,사당역1번출구,16.923262,9.466662,7.5108495
121900010,22364,남부시장,17.740707,2.6046474,2.0665274
121900011,22380,서초구민체육센터,20.029987,6.3983827,5.0764766
121900012,22383,헌인마을,49.570877,9.842289,7.8088717
121900013,22384,하이브랜드,31.216753,20.261782,16.075697
121900014,22389,내방역3번출구,19.942541,8.826838,7.003213
121900015,22400,삼성래미안아파트,20.67892,9.360605,7.4267044
121900016,22416,매헌시민의숲,21.97858,6.9717607,5.531395
121900017,22417,동덕여중고,39.7716,2.2536252,1.7880262
121900018,22418,삼호교회,17.934475,4.2409983,3.3648078
121900019,22420,동부센트레빌2,16.194881,4.4156985,3.503415
121900020,22421,헌인마을.서울농업기술센터,34.30485,2.2955384,1.8212802
121900021,22422,잔디마을,34.49826,23.230875,18.431376
121900022,22423,방일초등학교,22.508282,9.279442,7.362309
121900023,22996,서초성당,34.731533,8.628719,6.846026
121900025,22431,이수중앙시장,17.824217,2.8319235,2.246848
121900026,22432,국제전자센터,43.94756,2.4551063,1.9478813
121900027,22433,방배신삼호아파트,25.387085,10.096442,8.010518
121900028,22435,더케이호텔후문,32.844765,10.165397,8.065226
121900029,22437,삼성레포츠,30.729277,9.149823,7.25947
121900030,22439,원불교,20.107946,8.713368,6.9131866
121900031,22440,양재역7번출구.한신휴플러스,37.88051,4.166574,3.30576
121900032,22443,방배초등학교,24.735662,8.800524,6.9823356
121900033,22445,함지박사거리,21.246675,5.23145,4.1506324
121900034,22447,이수화학,32.485363,14.166241,11.239495
121900035,22450,방배역1번출구,32.21579,15.1051655,11.984438
121900036,22451,대림약국,26.789217,8.25802,6.5519137
121900037,22452,반포래미안아이파크아파트,29.124525,14.239184,11.297369
121900038,22455,방배고개,37.768364,7.249142,5.7514696
121900039,22456,함지박사거리,17.409876,0.44006315,0.3491461
121900040,22457,서래초교,15.671612,3.5085418,2.783677
121900041,22458,방배4동성당,46.416744,8.318362,6.5997887
121900042,22460,한국회관.ROTC중앙회,26.12009,13.123884,10.41249
121900043,22462,예술공원,23.621244,2.6447344,2.0983322
121900044,22464,사당역13번출구,24.677847,5.826608,4.622831
121900046,22466,서초구립반포도서관.반포리체,20.606703,11.990622,9.513359
121900047,22468,서초문화예술정보학교후문,22.812653,4.276484,3.3929625
121900048,22471,장자터빌딩,46.239162,6.298925,4.997567
121900050,22473,동부센트레빌1,19.254055,6.0210767,4.777122
121900051,22474,삼창골든빌리지,49.814392,9.796437,7.7724934
121900052,22475,서초그랑자이아파트,25.89658,8.616497,6.836329
121900053,22476,신반포역4번.래미안퍼스티지,15.809924,6.105858,4.8443875
121900054,22479,상문고등학교,39.100243,10.794638,8.5644655
121900055,22480,반포리체,19.866604,8.0803585,6.410956
121900058,22486,백산빌딩,51.626675,9.516582,7.5504556
121900059,22488,방배열린문화센터.가야치과병원,20.01055,4.0378914,3.203663
121900060,22489,방배중학교,37.620018,8.446199,6.701215
121900062,22491,래미안퍼스티지중심상가,13.986204,4.6874933,3.7190573
121900063,22493,우성아파트,25.487904,9.155423,7.263913
121900064,22494,삼환아파트,57.50737,16.706936,13.255282
121900066,22496,반포래미안아이파크아파트후문,19.31415,10.846209,8.605382
121900067,22497,반포고교,23.998709,12.177598,9.661707
121900069,22499,서초문화예술정보학교,29.785782,13.325942,10.572803
121900070,22500,교총회관,24.665571,3.688232,2.9262433
121900071,22501,대우효령아파트,50.01863,7.065051,5.6054115
121900072,22502,동문빌라,47.056023,15.83256,12.561552
121900073,22503,효성빌라,28.00737,9.085075,7.2080984
121900074,22505,호남고속터미널,11.250793,6.211221,4.927983
121900075,22507,현대빌라,25.433142,4.1519895,3.2941885
121900076,22508,방배빌딩.방배아트힐아파트정문,81.56189,13.379312,10.615146
121900078,22510,반포고교,28.58487,12.930711,10.259226
121900079,22511,반포리체,19.866604,8.0803585,6.410956
121900080,22513,서초동신동아아파트,23.68364,9.339366,7.409853
121900082,22517,이수중학교,52.21777,9.285721,7.367291
121900086,22525,반포써밋아파트,23.307516,14.792489,11.7363615
121900087,22531,서래마을입구,16.899708,1.3730868,1.0894071
121900088,22532,강남역9번출구,18.26644,4.761712,3.7779424
121900089,22535,임광아파트후문,75.94362,4.805499,3.8126829
121900090,22536,방현초교,38.546406,5.279607,4.18884
121900091,22537,세탁소,34.2373,4.7609463,3.7773347
121900092,22538,현대4차아파트,25.71974,11.332033,8.990835
121900093,22540,서초1동주민센터,31.426905,3.5872269,2.8461058
121900094,22541,매헌시민의숲,19.895355,3.2302096,2.5628483
121900095,22544,반포4동주민센터입구,25.755219,32.1686,25.522568
121900096,22546,반포미도아파트앞,30.540339,4.7003846,3.729285
121900097,22548,임광아파트정문,62.774765,14.77742,11.724405
121900098,22549,대성유니드아파트,29.889711,6.7772994,5.3771095
121900099,22550,서초래미안아파트정문,18.677744,8.737744,6.9325266
121900100,22551,뉴코아백화점,17.198755,4.95489,3.9312096
121900101,22552,서울교대정문,31.289806,12.9169445,10.248304
121900102,22554,롯데캐슬클래식.사랑의교회,18.174503,5.233695,4.152414
121900103,22555,반포래미안아이파크아파트,42.303303,5.0350366,3.994798
121900104,22556,언남중고교,29.125374,2.1949778,1.7414954
121900105,22557,방배3동주민센터,46.25194,9.570796,7.5934696
121900106,22558,우리수퍼,24.71227,2.9078474,2.3070862
121900107,22559,서초래미안아파트남문,23.441036,18.276974,14.500951
121900108,22560,경원중학교,15.888679,8.8094425,6.989412
121900109,22561,청호나이스,28.222214,15.7410755,12.488969
121900110,22562,구름다리(방배교),59.39931,12.178291,9.662256
121900111,22563,서울지방조달청.서울성모병원,24.613203,10.845367,8.604714
121900112,22565,서울법원청사별관.아크로비스타,48.185284,13.541575,10.743886
121900113,22566,방배(백석예술대)역1번출구,35.821857,15.214496,12.071181
121900114,22567,잠원역,15.254499,2.5621006,2.0327706
121900117,22571,국립중앙도서관,37.70288,7.602402,6.031746
121900118,22574,방배(백석예술대)역.서초프라자약국,28.714643,4.6904306,3.7213876
121900119,22575,동덕여고,42.154053,10.856187,8.613298
121900120,22576,이수역4번출구,17.13863,5.0906825,4.0389476
121900121,22577,신사역4번출구,30.069511,4.860964,3.8566885
121900122,22578,유원아파트,20.967888,2.1361053,1.694786
121900123,22579,서초역2번출구,29.511473,2.6575544,2.1085036
121900124,22880,양재근린공원,22.519482,5.000263,3.9672089
121900125,22879,서초역3번출구,29.517546,2.7441378,2.177199
121900127,22883,방배유스센터,48.227352,11.619835,9.219177
121900128,22884,서초그랑자이정문,22.959656,4.758484,3.775381
121900129,22885,강남역10번출구,20.921724,9.401607,7.4592347
121900130,22887,뱅뱅사거리,22.376833,3.0272572,2.401826
121900131,22889,언남고,20.651201,6.807382,5.400977
121900132,22892,풍림아이원,25.6793,2.7372172,2.171708
121900133,22893,하이브랜드.코스트코.이마트,40.133682,21.266678,16.872982
121900134,22894,서초유스센터,38.03325,12.998237,10.312801
121900135,22897,교대역6번출구,20.06987,8.868964,7.036636
121900136,22900,동덕여고,41.496223,9.711674,7.705242
121900137,22901,국제전자센터,45.138885,9.720826,7.7125034
121900138,22904,국립국악원,82.57227,6.8818464,5.460057
121900139,22878,현대렉시온오피스텔.파이낸셜뉴스,20.511625,9.356335,7.423316
121900140,22906,삼호아파트,22.000872,11.259056,8.932935
121900141,22907,방배배수지체육공원,38.61046,4.81589,3.8209271
121900142,22913,서래초등학교,18.991276,4.9388976,3.9185214
121900143,22915,서초구립중앙노인종합복지관,24.133152,1.6695886,1.3246516
121900144,22920,말죽거리공원사거리,22.319727,8.842325,7.015501
121900145,22922,서초고후문,35.996593,6.5498457,5.1966476
121900146,22924,빛교회.이수중앙시장,18.203648,3.9543767,3.1374025
121900147,22925,현대캐피탈,18.901676,10.528223,8.353092
121900148,22928,방배열린문화센터.가야치과병원,19.914436,1.1730754,0.930718
121900149,22929,카페골목입구,20.96696,4.4231343,3.5093148
121900150,22930,원불교,26.885063,6.9953036,5.550074
121900151,22931,방배열린문화센터(방배4동주민센터),16.771357,1.6302084,1.2934073
121900152,22932,방배4동경로당,23.615908,12.268186,9.733579
121900153,22933,뉴코아백화점,13.691978,5.408861,4.2913904
121900154,22934,함지박사거리,23.816538,8.624286,6.8425083
121900155,22938,HCN서초방송,44.146343,2.6601825,2.1105888
121900156,22940,서울교대,32.733055,2.6281486,2.085173
121900157,22942,삼호교회,17.562796,2.4877295,1.9737645
121900158,22945,서초1동주민센터,31.49027,5.4572687,4.329797
121900159,22947,남부시장,16.980011,2.584339,2.0504143
121900160,22950,롯데캐슬헤론아파트,19.283726,3.6244836,2.8756652
121900161,22956,서래마을입구,17.286074,3.3008015,2.618856
121900162,22961,서초문화예술정보학교후문,22.812653,4.276484,3.3929625
121900163,22962,송동마을.서초힐스아파트,31.700811,3.8208132,3.031433
121900164,22963,효성빌라,30.883192,10.523488,8.349336
121900165,22966,방배중학교,42.336876,20.304497,16.109589
121900166,22968,삼창골든빌리지,49.814392,9.796437,7.7724934
121900167,22970,방배4동성당,41.695488,12.73536,10.104235
121900168,22972,함지박사거리,21.246675,5.23145,4.1506324
121900169,22973,구룡사입구,39.61209,9.4639,7.508658
121900170,22975,서문여고,14.814503,2.314275,1.8361459
121900171,22976,카페골목입구.래미안원페를라,22.05545,5.116478,4.0594134
121900172,22979,서울교통공사,30.190466,11.790934,9.354926
121900173,22980,서초구청맞은편,28.948761,10.750353,8.52933
121900174,22982,서초롯데캐슬프레지던트아파트,28.349352,13.212543,10.482831
121900175,22984,불교TV.서초어린이집,75.65005,14.726722,11.684181
121900176,22985,구룡사거리,28.803082,3.2418854,2.572112
121900177,22986,서이초등학교,18.455019,2.313869,1.8358237
121900178,22877,서리풀터널입구,33.405727,12.132668,9.626059
121900179,22987,서울고사거리,41.931458,11.023969,8.746417
121900180,22989,사당역12번출구,18.720541,12.601986,9.998416
121900182,22992,더미켈란아파트,42.185543,9.521351,7.5542397
121900183,22993,서울성모병원.서울지방조달청,21.59135,10.288561,8.162945
121900184,22994,아크로비스타,45.66421,5.3684487,4.2593274
121900186,22876,더케이호텔후문,36.22007,14.026309,11.128473
121900187,22874,서초그랑자이후문,21.220074,6.9207654,5.4909353
121900188,22873,방배(백석예술대)역2번출구,42.287388,18.543827,14.712672
121900189,22872,반포2동주민센터,13.059775,7.5025783,5.9525456
121900190,22871,매헌초교,28.740606,11.381877,9.030381
121900191,22870,서초역4번출구,34.90364,10.8522415,8.610168
121900192,22869,우성아파트사거리,23.188566,30.794638,24.432465
121900193,22868,황실자이아파트,53.48443,31.160889,24.72305
121900194,22867,더케이호텔정문,27.706085,9.553626,7.579847
121900195,22864,반포우체국,11.343098,3.468153,2.7516327
121900196,22863,서초구청,33.31113,9.325144,7.398569
121900197,22862,언남중고교,29.537794,2.9705741,2.3568535
121900198,22859,강남역.삼성전자,25.527145,12.651068,10.037357
121900199,22858,문화예술공원,25.632755,8.057737,6.393009
121900200,22856,서울고사거리,38.109383,6.660575,5.2845
121900201,22855,호남고속.신세계,11.326972,8.556887,6.789034
121900202,22854,국립외교원,31.485449,15.316313,12.151962
121900203,22850,강남역.서초초교앞,20.183413,5.646524,4.479952
121900204,22849,사당역14번출구,20.645432,3.764096,2.986434
121900205,22848,서리풀터널입구,32.07451,11.232501,8.911866
121900206,22847,kt연구소,26.146002,4.095251,3.2491722
121900207,22845,롯데칠성,19.82429,7.8234663,6.207138
121900208,22844,더미켈란아파트,42.314404,7.9486637,6.3064694
121900209,22843,한신2차정문,17.101974,2.834954,2.2492526
121900210,22838,교보타워앞,19.856697,4.5152583,3.582406
121900211,22836,내방역1번출구,21.595224,0.20111273,0.15956284
121900212,22832,서초고후문,38.73676,3.651945,2.897453
121900213,22807,한신2차후문,19.106293,9.912933,7.864921
121900214,22776,사당역13번출구,25.838951,16.451532,13.052646
121900215,22759,남부터미널.기쁨병원,49.23935,11.084301,8.794284
121900216,22742,서초경찰서,41.515747,13.152157,10.434921
121900217,22694,2호선교대역7번출구,20.859713,10.045819,7.9703526
121900218,22631,신논현역2번출구,22.63535,10.97991,8.71146
121900220,22596,롯데캐슬클래식,22.619444,14.554088,11.547214
121900221,22595,대법원,37.392376,11.123968,8.825756
121900222,22910,서초1동사무소,32.406975,6.2649918,4.9706445
121900223,22446,서일초등학교,29.380257,10.447587,8.289116
121900224,22459,현대아파트.한국상담대학원대학교,27.617205,6.435109,5.1056156
121900225,22842,서울시인재개발원,59.59784,46.653687,37.015034
121900226,22419,남부터미널,38.82376,5.7126727,4.5324345
121900228,22865,제약회관,49.28207,14.843854,11.777114
121900230,22890,남부터미널.기쁨병원,48.33525,11.722116,9.300327
121900231,22895,예술의전당,50.395058,8.849541,7.021226
121900232,22899,신중초등학교,57.947983,7.0763526,5.614378
121900233,22908,남부터미널.한일시멘트,30.07285,13.605023,10.794226
121900234,22912,방배빌딩,84.01443,10.229522,8.116102
121900235,22916,삼환아파트,62.430767,4.0031934,3.1761336
121900236,22923,상문고등학교.수표교교회,40.981163,6.0332046,4.7867446
121900237,22935,청호나이스,25.113142,9.578916,7.5999117
121900238,22983,대검찰청.서초경찰서,32.99533,7.2719126,5.7695355
121900239,22866,진흥아파트,15.299705,5.5057883,4.368293
121900240,22875,유원아파트,21.497482,14.612647,11.593674
121900241,22594,경원중학교,7.4776115,17.032171,13.513324
121900242,22589,매일상가,13.819971,4.089009,3.2442195
121900243,22840,잠원역,15.254499,2.5621006,2.0327706
121900244,22852,경원중학교,21.045216,14.552776,11.546173
121900245,22572,반포1동성당,15.364727,6.7946205,5.390852
121900246,22587,논현역5번출구,28.002863,13.393202,10.626166
121900248,22990,래미안퍼스티지정문,14.734203,5.942628,4.714881
121900250,22518,서래마을.서래글로벌빌리지센터,19.818401,3.3335617,2.6448479
121900251,22520,경부고속터미널,10.987303,3.2648191,2.5903075
121900252,22543,서래마을입구,19.17005,2.7550807,2.185881
121900253,22861,반포종합운동장,14.758442,12.17837,9.662319
121900254,22959,서래마을.서래글로벌빌리지센터,18.023338,3.490999,2.7697585
121900255,22365,강남의림한방병원,18.8793,4.229781,3.3559082
121900258,22937,이수역2번출구,12.955714,3.0409317,2.4126751
121900259,22436,방배1동주민센터.방배아크로타워,23.666517,5.35126,4.24569
121900260,22487,방배브라운가아파트,50.072655,11.490926,9.1169
121900261,22586,방일초등학교,16.454403,21.00342,16.664114
121900262,22599,내방역2번출구,23.46448,4.2582636,3.3785064
121900263,22593,서울교통공사,29.794573,7.8932085,6.2624717
121900264,22981,방배(백석예술대)역3번출구,33.14138,3.9054155,3.0985568
121900265,22570,도구로입구,38.735653,1.649624,1.3088117
121900266,22429,방배래미안타워,38.275463,6.1778708,4.9015226
121900267,22442,서울교통공사사당별관,33.697712,9.162295,7.269365
121900269,22516,방배역.백석예술대학교,38.758766,33.00661,26.187447
121900270,22530,대우효령아파트,51.072037,6.1739464,4.898409
121900271,22891,방배그랑자이아파트,56.084343,7.6668878,6.0829086
121900273,22427,말죽거리공원사거리,22.571672,1.4706275,1.1667958
121900274,22515,삽준네마을,30.974508,20.1799,16.01073
121900277,22835,우성아파트,23.291815,4.1129165,3.263188
121900278,22936,코오롱아파트,28.925638,7.2163715,5.725469
121900279,22946,삽준네마을,27.515196,2.667573,2.1164525
121900280,22949,교총회관,27.637764,30.175335,23.94111
121900281,22592,예술의전당,51.004456,18.252445,14.481489
121900284,22449,더케이호텔정문,21.5375,2.9265647,2.3219364
121900286,22448,예비군훈련장,59.18973,6.2125597,4.9290447
121900287,22461,신흥마을입구,56.51295,37.285362,29.582205
121900288,22434,헌인릉.꽃시장,44.424915,2.9436727,2.3355098
121900290,22585,일동제약,24.321093,8.184585,6.49365
121900291,22743,원불교,25.249187,4.3691144,3.4664555
121900292,22584,원불교,24.243462,8.810195,6.990009
121900293,22841,동원산업,27.039156,3.1309402,2.484088
121900294,22583,서초푸르지오써밋,17.880152,5.897765,4.679287
121900295,22582,종로교회,30.79118,4.4544716,3.5341778
121900296,22581,국립국악원,73.08071,19.507954,15.477611
121900298,22553,일동제약,24.46115,15.048405,11.9394045
121900299,22096,서울추모공원,58.29367,37.514477,29.763987
121900300,22099,서울추모공원,50.94546,23.13864,18.358196
121900301,22098,양재동화물터미널,33.304604,1.2957139,1.0280194
121900302,22097,양재동화물터미널,34.342533,7.894889,6.263805
121900303,22025,아리랑TV,69.50255,8.693268,6.8972387
121900304,22785,서초호반써밋,27.846199,1.446042,1.1472898
121900305,22657,서초힐스아파트,27.536905,9.401554,7.459193
121900306,22656,LH3.호반써밋서초파크,25.471941,1.24703,0.9893936
121900307,22655,호반써밋서초파크뷰,24.48649,2.413064,1.914525
121900308,22512,언남초등학교,42.44813,4.709162,3.7362492
121900309,22521,서초더샵포레,47.92032,0.72829205,0.5778269
121900310,22504,서초포레스타3단지정문,38.75127,8.75814,6.9487076
121900311,22506,서초포레스타3단지정문,40.907475,6.7331567,5.3420863
121900312,22519,언남초등학교,43.353973,4.218924,3.3472943
121900313,22526,서초더샵포레,47.12865,4.582616,3.6358473
121900315,22939,서초포레스타3단지후문,42.028248,5.430393,4.308474
121900316,22614,서초포레스타3단지후문,43.00264,4.8791413,3.8711107
121900317,22068,서초포레스타5단지정문,44.033875,26.97106,21.398838
121900318,22609,서초포레스타5단지정문,44.033875,26.97106,21.398838
121900319,22591,청계산입구역,40.41435,5.069988,4.022528
121900320,22598,청계산입구역,41.341347,4.490743,3.5629554
121900321,22547,여의3교,33.789486,5.4784284,4.3465853
121900322,22573,여의3교,33.45707,2.9781835,2.362891
121900323,22911,양재시민의숲매헌역입구,21.639091,1.1778964,0.934543
121900324,22528,양재시민의숲매헌역입구,24.559666,6.6875687,5.305917
121900325,22927,본마을노인복지센터,31.184599,2.7424242,2.1758394
121900326,22926,본마을노인복지센터,29.715538,1.7574574,1.3943667
121900327,22613,서초호반써밋,27.890335,1.5607325,1.2382852
121900328,22615,서초힐스아파트,26.432135,3.115812,2.4720852
121900329,22616,LH3.호반써밋서초파크,25.42818,0.6522657,0.5175076
121900330,22124,서초AICT우수기업센터,39.31452,15.788402,12.526518
121900331,22095,서초종합체육관,33.9284,9.235954,7.3278065
121900332,22860,반포종합운동장,14.166342,6.6867046,5.3052316
121900333,22369,염곡동구룡사,29.459751,9.843484,7.80982
121900334,22969,서초고후문,39.215137,2.3724198,1.882278
121900335,22837,내방역8번출구,21.800186,3.2803977,2.6026676
122000001,23101,신사중학교,18.905752,5.4607105,4.3325276
122000002,23102,신사중학교,15.890378,6.653635,5.278994
122000003,23103,광림교회.현대고등학교,21.593971,4.255515,3.3763256
122000004,23104,광림교회.현대고등학교,17.96168,12.334848,9.7864685
122000005,23105,압구정역4번출구,23.714329,2.3786724,1.8872386
122000006,23106,국민은행압구정종합금융센터,21.928549,4.1123176,3.2627127
122000007,23107,신사동고개,39.772972,10.634257,8.43722
122000008,23108,신사역8번출구.가로수길,26.263721,1.0019077,0.7949136
122000009,23109,신사역6번출구,26.581762,8.096896,6.4240775
122000010,23110,신사역3번출구,31.803493,8.556227,6.788511
122000011,23111,신사역1번출구,30.13533,16.766415,13.302473
122000012,23112,신사동고개,49.996967,26.585878,21.093235
122000013,23113,강남을지병원,38.527393,7.4700875,5.9267673
122000014,23114,학동역,40.501076,14.659215,11.630621
122000015,23115,학동역6번출구,34.73213,25.989037,20.619701
122000016,23116,영동시장,32.97008,7.7796974,6.172412
122000017,23117,영동시장.논현역1번출구,29.906027,6.2088466,4.926099
122000018,23118,학동역5번출구,34.335045,6.1154327,4.8519845
122000019,23119,논현동고개,54.47013,15.176747,12.041231
122000020,23120,삼정호텔,53.244507,8.631003,6.8478384
122000021,23121,신논현역3번출구,30.733683,22.396852,17.769663
122000022,23122,신논현역3번출구.교보타워사거리,17.671528,5.125282,4.0663986
122000023,23123,영동시장.논현역3번출구,19.931353,3.9373307,3.1238782
122000024,23124,언북중학교입구,35.783913,14.516056,11.517038
122000025,23125,도산공원사거리.호림아트센터,33.08998,11.626881,9.224767
122000026,23126,영동119안전센터,29.423903,11.966718,9.494393
122000027,23127,강남구청역,58.366055,8.628944,6.8462043
122000028,23128,강남구청역3번출구,58.146843,8.035783,6.3755903
122000029,23129,세관앞,51.38007,3.357226,2.663623
122000030,23130,서울세관,49.494984,16.813778,13.340052
122000031,23131,서울세관,53.11365,5.9315615,4.706101
122000032,23132,학동역,41.46337,15.183317,12.046444
122000033,23133,강남을지병원,35.38271,7.719625,6.1247506
122000034,23134,세관앞,51.84454,7.286127,5.780813
122000035,23135,강남구청역2번출구,57.6902,10.279112,8.155447
122000036,23136,한국토지주택공사앞,66.23363,10.516247,8.343591
122000037,23137,선정릉역1번출구.시니어플라자,43.113953,11.666935,9.256546
122000038,23138,아크로힐스논현,49.081715,10.19585,8.089388
122000039,23139,논현아이파크,68.88008,13.87808,11.010869
122000040,23140,임피리얼팰리스호텔.펜트힐루논현,59.53877,28.399254,22.53197
122000041,23141,펜트힐루논현.임피리얼팰리스호텔,56.024773,7.2986603,5.790757
122000042,23142,논현아이파크,67.17788,14.209258,11.273625
122000043,23143,국민은행논현동지점,44.946884,1.3586991,1.0779918
122000044,23144,언주역4번출구.차병원사거리,38.345627,2.0914736,1.6593752
122000045,23145,언주역3번출구,41.435192,5.2688217,4.180283
122000046,23146,논현고개,67.68313,25.020716,19.851435
122000047,23147,서울세관사거리,49.867268,6.2230625,4.937378
122000048,23148,현대아파트,24.126749,1.1339219,0.89965355
122000049,23149,현대아파트,28.284422,8.072141,6.404436
122000050,23151,신사동교회,32.327995,3.7515519,2.9764812
122000051,23152,도산공원,32.122288,4.43523,3.5189114
122000052,23153,신구중학교,27.719707,2.4936707,1.9784783
122000053,23154,압구정중고등학교.현대아파트,19.260118,1.2892711,1.0229077
122000054,23156,압구정파출소,21.249237,11.854994,9.405752
122000055,23157,압구정파출소,20.301817,11.196737,8.8834915
122000056,23158,한양아파트.압구정로데오역,23.613152,8.250861,6.546233
122000057,23159,한양아파트.압구정로데오역,23.69686,3.2371912,2.5683875
122000058,23160,일지아트홀,22.9506,4.1334486,3.279478
122000059,23161,씨네시티앞,26.44369,6.122269,4.857408
122000060,23162,도산공원,23.16547,6.3746223,5.0576253
122000061,23163,신구중학교,18.857744,5.6186237,4.457816
122000062,23164,성수대교남단.현대아파트,21.241209,4.0435643,3.208164
122000063,23165,청담초등학교,41.273296,15.579372,12.360674
122000064,23166,청담동주민센터,20.82404,2.422941,1.9223615
122000065,23167,청담동주민센터,19.86884,21.583487,17.124338
122000066,23168,영동교입구.청담자이아파트,25.591043,10.182515,8.078808
122000067,23169,영동교입구,33.479248,7.8200865,6.204457
122000068,23170,청담역.경기고교,28.559114,13.586194,10.779286
122000069,23171,우리은행청담지점.청담삼익아파트,25.331697,17.930893,14.22637
122000070,23172,청담역.경기고교,34.56211,7.1645765,5.6843753
122000071,23173,진흥아파트,42.300125,3.1232035,2.4779496
122000072,23174,청담동성당,40.807224,4.685786,3.7177024
122000073,23175,청담2치안센터,27.436457,0.7867408,0.6242001
122000074,23176,강남구청.강남세무서,32.26946,3.6337392,2.8830087
122000075,23177,청담동래미안아파트,47.05433,12.528252,9.939915
122000076,23178,강남구청역,56.908314,8.774081,6.961356
122000077,23180,농협앞,42.52714,14.81551,11.754625
122000078,23181,일지아트홀.압구정노인복지관,23.901571,3.3984854,2.6963584
122000079,23182,청담초등학교앞,39.770405,8.852527,7.023595
122000080,23183,청담2치안센터,24.799849,3.1384282,2.490029
122000081,23184,청담동성당,36.989315,12.779014,10.138869
122000082,23185,차병원차움,39.893505,12.275676,9.739522
122000083,23186,진흥아파트.청담역,43.932358,5.6766562,4.503859
122000084,23187,청담역.경기고교,31.920572,5.5422406,4.397214
122000085,23188,청담역.경기고교,36.229507,14.451139,11.465534
122000086,23189,봉은사.삼성1파출소앞,25.159235,11.455126,9.088497
122000087,23190,봉은사.코엑스북문,23.945925,10.588656,8.40104
122000088,23191,봉은사.코엑스북문,21.963428,5.2709837,4.1819987
122000089,23192,봉은사역3번출구.삼성1파출소,24.800371,7.868448,6.2428265
122000090,23193,봉은사역5번출구.광동병원,17.946905,10.204838,8.0965185
122000091,23194,노블발렌티웨딩홀,23.37643,2.1739054,1.7247765
122000092,23195,새마을금고중앙회,23.683508,7.86357,6.2389565
122000093,23196,강남경찰서.강남운전면허시험장,20.959589,0.5331069,0.42296705
122000094,23197,삼성역7번출구,17.220438,12.572392,9.974936
122000095,23198,무역센터,18.791155,0.5286134,0.41940188
122000096,23199,무역센터,13.742173,10.106883,8.018801
122000098,23201,한국무역센터.삼성역,24.478237,23.695784,18.800234
122000099,23202,포스코사거리,23.859852,10.242518,8.126414
122000100,23203,한별구립어린이집,25.685236,5.453612,4.326895
122000101,23204,센트럴아이파크.강남구도시관리공단,48.122295,8.704966,6.9065194
122000102,23205,삼성동서광아파트,52.852615,3.8470573,3.0522552
122000103,23206,강남구청.강남세무서,32.387936,3.3117816,2.6275675
122000104,23207,청담역7번출구,40.222763,2.906402,2.3059394
122000105,23208,센트럴아이파크.강남구도시관리공단,54.488068,5.4738917,4.3429856
122000106,23209,한별구립어린이집,23.469572,7.705274,6.1133647
122000107,23210,삼성중앙역.플래티넘아파트,36.08234,13.971915,11.085318
122000108,23211,삼성중앙역.플래티넘아파트,35.937492,6.7643476,5.3668337
122000109,23212,삼성2문화센터,48.052326,1.8670043,1.4812812
122000110,23213,삼성2문화센터,45.315765,9.792492,7.769363
122000111,23214,선릉역8번출구.선정릉,28.119719,14.34089,11.378062
122000112,23215,선정릉역.국가무형유산전수교육관,43.051678,8.592588,6.8173594
122000113,23216,한국토지주택공사앞,57.408195,17.981943,14.266874
122000114,23217,포스코건너편,22.206104,19.69356,15.62487
122000115,23218,선릉역,23.494507,7.648579,6.0683827
122000116,23219,도곡역2번출구.동부센트레빌,13.281346,4.7799597,3.79242
122000117,23220,중대부고,13.201211,3.0103803,2.3884358
122000118,23221,단대부고.대치아이파크아파트,34.652992,6.275395,4.9788985
122000119,23222,한티역3번출구.서울강남고용노동지청,27.858286,5.4628506,4.3342257
122000120,23223,삼성아파트입구,23.637571,4.2437367,3.3669806
122000121,23224,농협대치지점,19.695528,9.441461,7.490855
122000122,23225,대치SKVIEW아파트.서울교회,14.820133,18.1715,14.417267
122000123,23226,대치역1번출구,14.536388,7.577412,6.0119185
122000124,23227,래미안대치팰리스,21.257164,9.4786005,7.520322
122000125,23228,도곡역3번출구,18.57667,7.0165243,5.5669107
122000126,23229,대치동우성아파트,17.855095,3.362324,2.6676679
122000127,23230,대치역8번출구,15.129833,15.412445,12.228234
122000128,23231,대치역7번출구.선경아파트,21.076391,4.4857817,3.559019
122000129,23232,대청중학교,15.908063,7.5594234,5.997647
122000130,23233,은마아파트,16.572826,4.577735,3.6319752
122000131,23234,은마치안센터,17.551046,13.594918,10.786208
122000132,23235,은마아파트,19.512682,5.7903166,4.594037
122000133,23236,대치동은마아파트,19.559462,6.5965743,5.233722
122000134,23237,은마아파트,16.811277,4.3871765,3.4807858
122000135,23238,대치동미도아파트,15.397859,2.96882,2.3554618
122000136,23239,대치역6번출구.강남구민회관,19.08922,5.146796,4.083468
122000137,23240,쌍용아파트,20.838434,2.380242,1.8884841
122000139,23242,삼성역2번출구,28.846903,10.83507,8.596544
122000140,23243,강남경찰서.강남운전면허시험장,23.557638,8.484126,6.731305
122000141,23244,삼성역,28.09512,5.6192937,4.458348
122000142,23245,휘문고교사거리,37.501785,7.927289,6.289511
122000143,23246,래미안하이스턴.대치순복음교회,21.015644,3.4399788,2.729279
122000144,23247,대치현대아파트,42.852276,6.258073,4.965155
122000145,23248,휘문중고등학교,48.596024,7.2424564,5.746165
122000146,23249,휘문중고등학교,48.851746,5.050002,4.0066714
122000147,23250,대치사거리,44.568935,13.9535885,11.070777
122000148,23251,한국무역센터.삼성역,25.527637,7.382031,5.856903
122000149,23252,한티역,24.88469,6.6388326,5.2672496
122000150,23253,도성초등학교,23.728626,13.728925,10.892529
122000151,23254,도성초교사거리,25.377838,1.6861066,1.3377569
122000152,23255,영동농협.풍림아이원아파트,33.536278,7.102385,5.635032
122000153,23256,영동농협.풍림아이원아파트,40.09893,10.576925,8.391733
122000154,23257,도성초교사거리,25.236225,2.2038944,1.7485697
122000155,23258,진선여자중고등학교,32.647007,3.7058556,2.9402258
122000156,23259,선릉역,32.09493,25.079262,19.897886
122000157,23260,포스코빌딩,23.5139,10.231897,8.117988
122000158,23261,대치사거리,44.274227,9.733652,7.7226796
122000159,23262,대치동현대아파트,39.886044,7.602723,6.0320005
122000160,23263,은마아파트입구사거리,23.078388,14.145862,11.223327
122000161,23264,도곡초등학교,20.427107,5.6079526,4.4493494
122000162,23265,한티역2번출구.서울강남고용노동지청,30.061993,20.106413,15.952427
122000163,23266,신논현역4번출구,33.744473,20.241209,16.059374
122000164,23267,삼정호텔앞,57.350178,28.100908,22.29526
122000165,23268,차병원,55.940025,12.234551,9.706893
122000166,23269,차병원,47.732857,1.223798,0.9709614
122000167,23270,언주역5번출구.차병원사거리,41.396656,6.791299,5.3882165
122000168,23271,시티프라디움더강남.라움아트센터,52.235744,7.781987,6.1742287
122000169,23272,라움아트센터.시티프라디움더강남,50.86442,11.4933815,9.118849
122000170,23273,아크로힐스논현,48.79148,7.4693446,5.926178
122000171,23274,선정릉역4번출구.시니어플라자,42.871258,12.400197,9.838317
122000172,23275,선정릉역.국가무형유산전수교육관,43.09104,5.534542,4.3911057
122000173,23276,선릉역7번출구,28.460651,7.5121913,5.9601727
122000174,23277,서울상록회관.한국기술센터,31.171696,6.907859,5.4806952
122000175,23278,KT강남지사,40.21428,1.1739299,0.931396
122000176,23279,KT강남지사,38.05057,4.2158265,3.3448367
122000177,23280,아가방빌딩.하나은행,84.57573,15.482321,12.283673
122000178,23281,역삼역7번출구.GS타워,34.081524,5.7023273,4.524226
122000179,23282,역삼역6번출구,33.36497,11.916481,9.454536
122000180,23283,역삼역4번출구,40.709923,20.658354,16.390339
122000181,23284,강남역12번출구,37.79249,21.656837,17.182535
122000182,23285,강남역11번출구,25.793217,8.190926,6.49868
122000183,23286,신논현역6번출구,20.041971,14.909232,11.828985
122000184,23287,강남역1번출구.역삼세무서,21.441906,3.8801796,3.0785344
122000185,23288,역삼역.포스코타워역삼,33.38823,4.655824,3.6939309
122000186,23289,영동중앙교회,43.513393,4.9740877,3.946441
122000187,23291,역삼럭키아파트.역삼월드메르디앙아파트,29.076216,4.373154,3.4696608
122000188,23292,역삼초등학교,21.260075,4.68391,3.7162142
122000189,23293,역삼초등학교,21.260075,4.68391,3.7162142
122000190,23294,뱅뱅사거리.역삼동,27.375751,4.4482102,3.5292099
122000191,23295,역삼초등학교,26.714344,6.505883,5.1617675
122000192,23296,역삼2동주민센터.대림역삼아파트,29.97682,5.6548905,4.48659
122000193,23297,래미안그레이튼아파트,31.981339,5.6773233,4.5043883
122000194,23298,역삼자이아파트,37.957676,7.449025,5.9100566
122000195,23299,역삼동성당.역삼자이아파트,44.206276,10.656852,8.455147
122000196,23300,역삼동개나리아파트,40.4733,4.142382,3.286566
122000197,23301,역삼동개나리아파트,42.257,6.766227,5.3683243
122000198,23302,총지사,32.351707,6.2214856,4.9361267
122000199,23303,총지사,32.722164,12.692239,10.070023
122000200,23304,영동중앙교회,40.762436,11.355252,9.009257
122000201,23305,대한사회복지회,68.70708,29.703697,23.566914
122000202,23306,한국자산신탁.센터필드,38.50192,12.490206,9.909729
122000203,23307,진선여자중고등학교,29.205624,6.515859,5.1696825
122000204,23308,역삼e-편한세상아파트,28.771627,14.224378,11.285621
122000205,23309,한티역,21.766108,2.2438424,1.7802645
122000206,23310,한티역7번출구,25.148176,1.3077694,1.0375842
122000207,23311,역삼중학교.강남세브란스병원,29.166405,16.995234,13.484017
122000208,23312,도곡1차아이파크.역삼청소년센터,33.664825,0.92916554,0.7371999
122000209,23313,총지사,31.289833,5.727101,4.543882
122000210,23314,도곡1동주민센터.역삼럭키아파트,29.111427,2.4758952,1.9643753
122000211,23315,도곡1차아이파크.도곡중학교,38.02919,17.026531,13.50885
122000212,23316,매봉삼성아파트.SK리더스뷰,14.504366,5.412749,4.294475
122000213,23317,매봉역.양재최의원,22.44951,9.803455,7.7780614
122000214,23318,양재역말죽거리.강남베드로병원,22.171022,10.449382,8.29054
122000215,23319,뱅뱅사거리.은광여고,32.602272,17.270723,13.702592
122000217,23321,뱅뱅사거리.뱅뱅프라자,29.942873,10.856319,8.613403
122000218,23322,원불교앞,20.107946,8.713368,6.9131866
122000219,23323,매봉역,22.220213,5.691421,4.5155735
122000220,23324,도곡개포한신아파트,19.573313,19.484856,15.459285
122000221,23325,개포한신.우성4차아파트,30.274384,3.5892787,2.8477337
122000222,23326,우성캐릭터빌아파트,26.111994,12.633092,10.023095
122000223,23327,군인공제회관,18.66486,14.333124,11.371901
122000225,23329,숙명여고,17.760233,3.692438,2.9295802
122000226,23330,도곡렉슬아파트.강남세브란스병원,31.135664,1.9928696,1.5811428
122000227,23331,한티역6번출구,21.634142,4.681961,3.714668
122000228,23332,도곡렉슬아파트정문,35.269558,6.8624153,5.44464
122000229,23333,중대부고앞,18.713266,6.714365,5.327177
122000230,23334,구룡중학교앞,21.70119,5.9763885,4.7416663
122000231,23335,개포1동주민센터.개포고등학교,25.540524,2.654936,2.1064262
122000232,23336,개현초등학교,30.79131,4.5096936,3.5779908
122000234,23338,개포파크빌리지,38.625233,7.227375,5.734199
122000235,23339,구룡초교사거리,28.390694,11.85653,9.406971
122000236,23340,현대아파트경남아파트,24.775635,3.070083,2.4358037
122000237,23341,현대1차.우성3차아파트,28.104364,13.102223,10.395304
122000238,23342,개일초등학교앞,22.279694,6.4001446,5.0778747
122000239,23343,개포고등학교,22.394875,5.5385933,4.3943195
122000240,23344,개포1동주민센터,29.186766,4.597136,3.647368
122000241,23345,래미안블레스티지아파트,31.673685,12.538916,9.948376
122000242,23346,개포도서관,47.32738,19.878979,15.771982
122000243,23347,수도전기공고후문,34.817657,11.6784725,9.2657
122000244,23348,수도전기공고후문,31.460342,5.4460063,4.3208613
122000245,23349,디에이치아너힐즈,37.062775,14.053125,11.14975
122000246,23350,개포자이프레지던스,35.52663,3.904758,3.098035
122000247,23351,경기여고,29.669367,5.262677,4.175408
122000248,23352,개포동역7번출구.개포시장,24.505508,8.201547,6.507107
122000249,23353,개포주공5단지경기여고,25.065107,8.617789,6.837354
122000250,23354,개포동역6번출구.개포시장,23.987898,2.0480332,1.6249095
122000251,23355,개포시장.개포5단지상가,22.352262,5.070194,4.0226917
122000252,23356,개포시장.개포5단지상가,24.658176,1.5912503,1.262498
122000253,23357,양전초등학교,22.786709,1.9237262,1.5262843
122000254,23358,개포6단지앞,23.031242,4.186619,3.3216634
122000255,23359,디에이치자이개포아파트,21.597097,5.0364103,3.995888
122000256,23360,개원중학교.대모산입구역2번출구,23.340893,4.181858,3.3178864
122000257,23361,개포주공7단지앞,31.233042,12.540447,9.949591
122000258,23362,일원초등학교,30.884151,4.5031667,3.5728126
122000259,23363,현대아파트,27.508368,8.82465,7.0014772
122000260,23364,개포래미안포레스트,27.637957,1.3134922,1.0421247
122000261,23365,능인선원앞,44.749928,8.763719,6.953134
122000262,23366,구룡산입구,35.72745,8.535955,6.772427
122000263,23367,능인선원앞,42.708595,13.09765,10.391675
122000264,23368,구룡사입구,42.18847,5.405118,4.2884207
122000265,23369,국악고교사거리,26.516596,8.524527,6.7633595
122000266,23370,삼호물산,29.501978,7.2076645,5.718561
122000267,23371,구룡초등학교,26.797602,4.915745,3.9001517
122000268,23372,광수빌딩,27.567646,14.212084,11.275867
122000269,23373,국민은행.포이근린공원,21.655739,2.7346985,2.1697097
122000270,23374,포이사거리.삼호물산,18.236809,2.4960008,1.9803269
122000271,23375,포이사거리.삼호물산,18.236809,2.4960008,1.9803269
122000272,23376,국민은행.포이근린공원,21.679256,6.2584877,4.965484
122000273,23377,광수빌딩,19.92593,8.666502,6.8760023
122000274,23378,개포지구대,27.024136,5.23882,4.15648
122000275,23379,구룡초등학교,24.945723,3.9806492,3.158247
122000276,23380,수서삼성아파트앞,30.435322,13.022625,10.33215
122000277,23381,일원본동주민센터,46.86189,8.783338,6.9687
122000278,23382,푸른마을아파트앞,58.013493,5.1891103,4.11704
122000279,23383,상록수아파트앞,59.580284,3.5398533,2.8085196
122000280,23384,일원본동주민센터,47.724457,8.085465,6.415008
122000281,23385,수서119안전센터앞,23.98801,4.023286,3.192075
122000282,23386,삼성서울병원정문,40.946056,14.057297,11.153059
122000283,23387,삼성서울병원정문건너편,38.477375,7.931008,6.2924614
122000284,23388,일원역7번출구,47.04046,12.88099,10.219777
122000285,23389,삼성서울병원후문,21.911621,2.264761,1.7968614
122000286,23981,삼성서울병원사거리,29.386757,22.929852,18.192545
122000287,23994,일원주유소.삼성서울병원후문,27.050177,13.325269,10.5722685
122000288,23392,삼성서울병원사거리,29.591185,9.425633,7.4782977
122000291,23395,대치아파트.대모산입구역3번출구,25.147173,5.594406,4.4386015
122000293,23397,대청역,19.692528,7.087554,5.6232653
122000294,23401,수서역.현대벤쳐빌,20.401459,5.9526834,4.7228594
122000295,23402,수서역2번출구,22.454271,9.457403,7.503504
122000296,23403,수서역.KT수서지점,19.18596,1.1969297,0.949644
122000297,23404,수서역1번출구,20.432686,2.6515758,2.1037602
122000299,23406,궁마을,23.99161,13.877787,11.010636
122000300,23407,궁마을,20.675234,1.8300127,1.4519321
122000301,23408,수서역6번출구,19.367073,14.464752,11.476335
122000302,23409,수서역5번출구,17.6685,1.1908354,0.9448088
122000303,23410,수서역.로즈데일빌딩,23.45824,8.3477745,6.6231246
122000304,23411,세곡동주민센터,27.694756,3.962155,3.1435738
122000305,23412,은곡마을.LH이편한세상,23.750484,0.8603286,0.6825847
122000306,23413,강남신동아파밀리에1단지,25.340178,7.2850943,5.779994
122000307,23414,대왕초등학교,24.340628,1.9155347,1.5197852
122000308,23415,세곡동사거리,22.782503,2.1048172,1.669962
122000309,23416,세곡동,25.570019,2.7332737,2.1685793
122000310,23417,광연자동차학원앞,18.81638,2.940807,2.3332365
122000311,23418,삼일자동차학원.강남자동차검사소,19.862995,2.4176507,1.9181641
122000312,23419,삼일자동차학원.강남자동차검사소,20.144096,1.2094997,0.95961714
122000313,23420,광연자동차학원앞,19.680214,0.26022953,0.2064661
122000314,23421,세곡동,25.444502,3.3996062,2.6972475
122000315,23422,세곡동사거리,28.11996,5.7627516,4.572167
122000316,23423,방죽마을,19.4167,2.1077833,1.6723152
122000317,23424,래미안포레아파트,18.274115,2.096761,1.6635702
122000318,23425,쟁골마을,16.229753,7.0683446,5.6080246
122000319,23426,쟁골마을,19.867105,1.2082719,0.9586429
122000320,23427,래미안포레아파트,18.745642,0.7243317,0.57468474
122000321,23428,방죽마을,20.86876,1.8324999,1.4539055
122000322,23429,압구정역3번출구,27.168755,9.140647,7.252189
122000323,23430,국민은행압구정종합금융센터,20.033873,8.713128,6.912996
122000324,23431,언주역2번출구.차병원사거리,43.584423,5.283549,4.1919675
122000325,23432,영동고교앞,29.925842,0.6229494,0.49424806
122000326,23433,개포우성6차아파트,47.508316,0.53342867,0.42322227
122000327,23435,대치유수지체육공원,22.57048,1.5440849,1.2250769
122000328,23436,우성아파트,19.965858,6.3771877,5.059661
122000330,23438,삼성역3번출구,28.09512,5.6192937,4.458348
122000333,23445,개포우성아파트,42.830166,11.150474,8.8467865
122000337,23449,일원동한솔아파트,60.76282,4.0048237,3.177427
122000338,23450,시립수서청소년센터,43.954967,23.335928,18.514725
122000340,23453,포스코사거리,22.506954,10.536942,8.360009
122000342,23456,도곡역4번출구,14.184664,7.654476,6.0730615
122000343,23457,개포중학교,35.837097,9.997766,7.9322267
122000344,23458,구룡마을,36.012787,2.118215,1.680592
122000345,23459,디에이치퍼스티어아이파크,38.348,8.067748,6.4009514
122000346,23462,영희초등학교,27.860315,9.0337305,7.1673613
122000348,23465,태화기독교사회복지관,26.161596,15.061569,11.949849
122000349,23466,개포도서관,44.005028,7.417029,5.8846707
122000351,23468,도곡교회.인바디빌딩,48.606464,9.612021,7.626178
122000352,23469,강남세브란스병원,35.99412,14.706892,11.668448
122000353,23470,도곡교회.인바디빌딩.건너,60.618717,49.79902,39.510544
122000355,23472,도곡중학교.강남세브란스병원,32.725903,15.137421,12.01003
122000356,23473,강남경찰서.강남운전면허시험장,26.15395,11.809989,9.370046
122000357,23474,수도공고앞,22.755774,5.070937,4.0232816
122000358,23475,개포4단지5단지,23.474865,3.0101948,2.3882885
122000359,23476,개포4단지6단지,24.086533,2.7911127,2.2144687
122000360,23477,개포4단지7단지,30.894346,2.368747,1.8793639
122000362,23479,개포동역1번출구,24.827513,9.071178,7.197073
122000364,23481,도곡1동주민센터.경남아파트,56.810326,46.217926,36.669304
122000365,23483,구룡역5번출구,24.089626,7.7871895,6.178356
122000366,23484,구룡역1번출구,24.085167,6.4068456,5.0831914
122000368,23488,역삼럭키아파트,35.840145,4.3859577,3.479819
122000370,23491,수도공고,23.889488,3.648013,2.8943336
122000371,23492,개포4단지6단지,25.058882,6.038871,4.79124
122000372,23493,개포4단지5단지,24.239788,1.5606108,1.2381885
122000381,23504,도곡한신아파트,36.52258,30.213125,23.971094
122000382,23505,현대1차아파트,35.197094,6.560474,5.20508
122000384,23507,영동고등학교.현대아파트,32.395462,6.129237,4.862937
122000385,23508,개포4단지7단지,27.708818,9.769965,7.75149
122000386,23509,총회회관.휘문고입구,33.476063,10.764993,8.540945
122000387,23510,예림당아트홀.신한은행전산센터,36.25739,8.284845,6.5731964
122000388,23511,새마을운동중앙회,19.7983,9.310681,7.3870945
122000389,23512,총지사,28.677866,6.1808763,4.9039073
122000390,23513,신한은행데이터센터,38.53845,0.4902386,0.38895532
122000391,23514,포스코사거리,26.242237,23.791958,18.87654
122000392,23515,우성3차아파트,24.188574,8.111511,6.4356728
122000393,23516,우성6차아파트,34.120937,2.3389368,1.8557125
122000394,23517,포이초교,35.61802,13.809926,10.956796
122000395,23518,국악중고교,24.683855,4.7992735,3.8077435
122000396,23519,풍양빌딩,26.32831,4.5646815,3.6216183
122000397,23520,코원에너지서비스,18.908491,8.542302,6.777463
122000398,23521,코원에너지서비스,18.191273,11.997134,9.518526
122000400,23523,포스코사거리교차로,36.661148,51.229904,40.645805
122000401,23524,국민은행개포남지점,27.037247,3.8499794,3.0545735
122000402,23525,삼익아파트앞,44.55436,28.25562,22.418007
122000403,23526,래미안포레아파트,18.151224,1.2579885,0.998088
122000404,23527,디아크리온강남아파트,17.529245,4.0880203,3.2434351
122000408,23531,한남대교전망카페,17.05772,0.5614858,0.44548282
122000503,23698,도곡2동주민센터.대치중학교,20.0425,4.8439603,3.843198
122000524,23720,도곡2동주민센터.대치중학교,24.10659,1.8739073,1.486758
122000544,23749,매봉역입구,19.910696,7.125153,5.6530967
122000559,23766,ST송은빌딩,42.630383,14.430137,11.448871
122000597,23804,삼성역.그랜드인터컨티넨탈,20.044613,13.444499,10.666865
122000599,23806,포스코사거리,25.771076,23.060007,18.295809
122000604,23811,역삼역,46.55171,1.6344932,1.2968069
122000605,23812,역삼역,47.509487,8.047783,6.3851104
122000606,23813,강남역,38.5383,8.963127,7.111345
122000607,23814,강남역12번출구,25.245354,24.624123,19.53678
122000616,23641,신논현역,35.937756,24.526209,19.459093
122000617,23842,신사동,26.377674,11.045526,8.76352
122000618,23840,타워펠리스,16.581038,3.6336904,2.8829699
122000619,23839,대치동,14.536388,7.577412,6.0119185
122000620,23838,학여울역,15.961767,4.8276653,3.8302698
122000626,23832,개포동,35.001778,12.52007,9.933423
122000627,23831,학여울역,16.092459,5.036956,3.996321
122000628,23830,대치동,20.655256,10.695936,8.4861555
122000629,23829,타워펠리스,18.66486,14.333124,11.371901
122000630,23828,도곡동,17.431923,14.967778,11.875435
122000631,22822,신사동.더리버사이드호텔,27.522106,11.715687,9.295226
122000633,23848,압구정역,24.498531,4.501195,3.571248
122000637,23844,리베라호텔,29.884865,18.531183,14.7026415
122000638,23843,미성아파트,17.170126,7.4077697,5.877324
122000640,23398,마루공원,21.963665,6.137092,4.8691688
122000641,23399,대청초등학교,21.675436,3.9811294,3.1586282
122000642,23400,서울일원동우체국,22.905375,2.9157217,2.3133335
122000643,23500,학여울역,20.282013,5.452592,4.3260865
122000644,23501,학여울역,18.326933,4.8575883,3.8540106
122000645,23241,선릉역,23.807014,1.9598325,1.554931
122000648,23882,탄천교(가상),7.0605774,1.8811839,1.4925312
122000649,23881,탄천교(가상),5.9368954,2.2326775,1.7714062
122000651,23155,도산공원사거리,31.600508,9.119756,7.2356143
122000654,23580,신논현역,17.812542,20.978344,16.644217
122000657,23328,선정릉역.라마다서울호텔,43.159985,5.010687,3.975479
122000660,23931,노보텔앰배서더호텔,46.47474,9.140333,7.2519403
122000664,23434,은곡마을진입로,24.548433,2.745437,2.1782298
122000665,23200,강남구보건소,59.153675,21.02738,16.683123
122000666,23290,강남구보건소,49.935658,10.534928,8.358412
122000672,23992,성수대교남단(가상),21.676146,20.177273,16.008648
122000673,23439,세곡푸르지오.은곡삼거리,32.463284,39.65221,31.460064
122000674,23437,세곡푸르지오.은곡삼거리,29.527311,4.342411,3.4452689
122000675,23537,은곡마을.강남신동아파밀리에,24.420984,5.1978025,4.123936
122000676,23781,삼성역,18.027624,4.4633284,3.5412047
122000686,23463,못골마을.강남자곡아이파크,24.82061,5.004667,3.970703
122000687,23464,못골마을,24.956293,14.81223,11.752024
122000688,23480,세곡푸르지오,35.04289,9.952804,7.8965545
122000689,23482,강남효성해링턴코트,36.696053,5.5901227,4.435203
122000690,23448,세곡중학교.세명초등학교,49.56242,5.708631,4.5292277
122000691,23447,세곡중학교.세명초등학교,48.924942,3.8026931,3.0170567
122000692,23446,래미안강남힐즈,39.63079,38.567085,30.599125
122000693,23471,래미안강남힐즈,37.593666,9.076065,7.20095
122000694,23951,삼정호텔,57.350178,28.100908,22.29526
122000695,23394,강남한양수자인아파트,18.937225,3.7141004,2.946767
122000696,23393,강남한양수자인아파트,19.446817,4.3497434,3.4510865
122000697,23179,프라마호텔,27.802366,9.405589,7.462394
122000698,23528,세곡2지구3.4단지,16.709978,2.256765,1.7905173
122000699,23454,대왕초등학교,27.579739,16.931942,13.433803
122000701,23538,강남현대힐스테이트에코,19.44326,1.6291469,1.2925651
122000702,23530,강남더샵라르고오피스텔,19.958332,4.1371245,3.282395
122000703,23529,도곡한신아파트,41.24102,31.5952,25.06763
122000706,23989,영동대교(가상),15.145669,25.803759,20.472702
122000707,23988,영동대교(가상),22.026016,2.1067975,1.6715331
122000708,23987,성수대교(가상),17.652546,11.365036,9.017019
122000709,23986,성수대교(가상),22.282993,6.271466,4.975781
122000710,23985,동호대교(가상),24.376747,20.094227,15.9427595
122000711,23984,동호대교(가상),25.58348,5.7538157,4.5650773
122000712,23983,한남대교(가상),17.359665,1.7804412,1.4126021
122000713,23982,한남대교(가상),23.585514,4.8336396,3.8350098
122000715,22790,도심공항터미널(가상),31.384922,22.54375,17.886211
122000716,23390,글래드라이브강남호텔,37.062775,14.053125,11.14975
122000717,23320,고속철도수서역,20.379917,24.160408,19.168869
122000718,23150,고속철도수서역,14.550445,12.880652,10.219509
122000719,23405,세곡동주민센터,26.948925,2.9568684,2.3459795
122000720,23442,세곡2지구3.4단지,14.457341,8.588511,6.814125
122000721,23912,역삼아르누보&조선팰리스강남,47.49101,23.651045,18.76474
122000722,23885,언주역.삼정&베스트웨스턴강남,51.83457,20.759924,16.470924
122000723,23801,코엑스도심공항,22.096518,24.156239,19.16556
122000724,23489,래미안개포루체하임아파트,31.144608,9.74151,7.7289143
122000731,23910,강남관광정보센터,21.368967,10.715868,8.501969
122000739,23391,을지병원.포포인츠강남&호텔선샤인,30.746973,7.8807983,6.2526255
122000741,23816,봉은사역.코엑스인터컨티넨탈,21.963428,5.2709837,4.1819987
122000742,23396,삼성서초역삼세무서,27.62954,27.022884,21.439957
122000743,23440,LH수서아파트,16.403614,10.03199,7.959381
122000744,23441,LH수서아파트,20.16695,13.677899,10.852045
122000745,23494,강남역12번출구A,25.245354,24.624123,19.53678
122000746,23467,강남세곡체육공원,25.019514,16.380814,12.996538
122000747,23443,수서역6번출구,25.808178,34.01969,26.991224
122000748,23444,역삼1동주민센터,32.824234,16.257317,12.898555
122000749,23478,마루공원,19.692719,12.170112,9.6557665
122000750,23861,디에이치퍼스티어아이파크,28.454838,11.786884,9.351714
122000751,23862,개포중학교,25.555569,1.6814619,1.3340719
122000752,00004,한강버스.압구정선착장,3.5,0.31112808,0.24684903
122000753,23851,청담자이아파트,26.708473,18.272808,14.497645
122000754,23547,수서역.로즈데일빌딩,23.45824,8.3477745,6.6231246
122000755,23548,수서역,21.800356,7.068997,5.6085424
122000756,23451,한강버스압구정선착장A,12.469452,6.9351687,5.5023627
122000757,23452,한강버스압구정선착장B,11.633183,3.0212402,2.397052
122000758,23460,싸리고개공원교차로,36.92925,6.315092,5.010394
122900002,23544,수서역5번출구.이마트앞,18.94543,10.2129545,8.102959
122900003,23545,개포4복합문화센터.달터공원,24.58387,3.6859899,2.9244645
122900004,23546,일원역,48.041485,15.972027,12.672206
122900005,23552,삼성서울병원정문,44.105213,13.728997,10.892587
122900006,23558,삼성서울병원본관,37.18281,13.643658,10.824878
122900007,23562,한아름아파트.사이룩스오피스텔,25.293003,13.30127,10.553227
122900008,23569,암센터정문,32.656357,25.15589,19.958683
122900010,23575,강남서초교육지원청,43.2336,9.686113,7.684962
122900012,23598,도성초등학교앞,24.592974,1.7438539,1.3835738
122900014,23815,영희초등학교정문,24.986845,0.25442997,0.20186475
122900015,23818,코엑스동문,14.83277,17.149986,13.6068
122900016,23823,대청초교삼거리,25.050661,0.5129515,0.40697575
122900017,23857,대치2동주민센터.래미안하이스턴,29.612492,12.169555,9.655325
122900018,23858,봉은사역.삼성래미안아파트,24.384117,18.364159,14.570124
122900021,23871,수서역,19.18596,1.1969297,0.949644
122900022,23872,서울일원동우체국,20.708647,3.6653304,2.9080732
122900023,23874,일원지구대,22.965946,2.5182204,1.9979562
122900024,23877,영희초등학교정문,24.971924,4.5179677,3.5845556
122900025,23878,삼성서울병원정문건너편,43.76665,20.732803,16.449408
122900026,23880,일원역,47.508774,8.166432,6.479247
122900027,23884,대왕파출소,26.036566,6.2003675,4.9193716
122900028,23917,영희초등학교후문,25.808134,5.6419907,4.4763556
122900029,23920,양재역.종합복지관,34.893017,17.48982,13.876424
122900030,23921,양재역5번출구,24.874495,15.638951,12.407945
122900031,23922,삼성역7번출구,16.603132,3.0025182,2.3821979
122900032,23923,삼성역7번출구,18.027624,4.4633284,3.5412047
122900033,23925,역삼2동주민센터.래미안그레이튼아파트,34.74752,8.04141,6.380055
122900034,23918,양재역4번출구,29.89854,13.32486,10.571943
122900035,23532,서울의료원후문,22.52987,5.5779543,4.425549
122900036,23536,학동역,41.893402,4.951001,3.9281242
122900037,23855,노블발렌티웨딩홀,23.296188,5.9411535,4.7137113
122900038,23741,삼성역2번출구,28.846903,10.83507,8.596544
122900039,23883,강남더드림병원.도성초등학교,30.070402,15.970202,12.670758
122900040,23697,동영문화센터,35.01901,2.222422,1.7632695
122900041,23738,강남세브란스병원,34.503345,4.6442566,3.6847532
122900042,23756,역삼청소년센터.도곡1차아이파크,34.51536,8.079635,6.410382
122900043,23876,동영문화센터,37.929226,22.74143,18.04305
122900044,23856,양재전화국,30.3266,10.216292,8.105606
122900045,23866,LPG가스충전소,31.3294,6.240879,4.9515133
122900046,23924,도곡중학교.강남세브란스병원,36.790966,10.392428,8.245353
122900047,23573,영동2교,19.7592,2.5676825,2.0371993
122900051,23731,영동2교,18.28627,6.249626,4.9584537
122900052,23533,구룡마을,35.72745,8.535955,6.772427
122900053,23595,개포동역8번출구,24.958971,10.295228,8.168234
122900057,23557,국민은행,27.680666,4.9048643,3.891519
122900061,23579,래미안루체하임.일원동맛의거리,27.40861,3.9487453,3.1329346
122900062,23586,영희초등학교후문,24.63122,3.2634602,2.5892293
122900063,23819,일원지구대,23.893446,0.53403956,0.42370698
122900065,23597,강남우체국,22.58856,14.477994,11.486841
122900066,23600,개포3일원1동통합주민센터,21.597097,5.0364103,3.995888
122900067,23728,대청역,25.261194,5.7593856,4.5694966
122900069,23911,중동고등학교,22.465033,0.8378093,0.6647179
122900070,23543,대왕초등학교,25.74993,5.209525,4.1332374
122900073,23993,강남신동아파밀리에2단지,22.296656,5.158737,4.092942
122900074,23995,리엔파크4단지.강남데시앙파크,32.80333,5.430541,4.3085914
122900075,23949,은곡마을,30.60254,4.732624,3.7548637
122900076,23948,상업지역,26.808403,2.5150282,1.9954233
122900077,23947,세곡푸르지오,34.409534,10.73825,8.519728
122900078,23946,세곡푸르지오,31.684649,6.0618644,4.809483
122900080,23944,세종고등학교,28.16485,10.120047,8.029244
122900081,23941,은곡마을,29.875122,2.050608,1.6269523
122900082,23942,상업지역,25.272865,2.567866,2.037345
122900083,23943,강남신동아파밀리에,25.176575,2.9054847,2.3052115
122900084,23958,리엔파크3단지,26.22056,8.910925,7.069928
122900086,23950,강남스포츠문화센터,22.378061,11.791624,9.355474
122900087,23863,강남구민체육관,39.194355,7.8133645,6.1991234
122900088,23960,포스코사거리,23.301025,4.984346,3.95458
122900089,23961,서울요양원.강남구립행복요양병원,28.28802,8.270639,6.5619254
122900090,23962,LH이편한세상,24.8237,3.4839046,2.76413
122900091,23964,강남데시앙포레상가앞,51.934666,24.982342,19.82099
122900092,23970,강남데시앙포레정문,69.81823,38.55989,30.593418
122900093,23969,강남데시앙포레상가앞,45.22372,31.552298,25.033592
122900094,23968,강남더샵포레스트아파트,32.498077,18.48245,14.663977
122900095,23965,강남더샵포레스트아파트,29.908709,7.071345,5.610405
122900096,23963,강남데시앙포레정문,70.36141,38.974915,30.922697
122900097,23972,수서교회.수서동성당앞,25.074942,4.413605,3.5017545
122900098,23971,수서교회.수서동성당앞,25.074942,4.413605,3.5017545
122900099,23967,강남신동아파밀리에1단지,25.540848,2.5333064,2.0099254
122900100,23564,암센터후문.장례식장,35.565933,24.476517,19.419668
122900101,23572,신분당선.강남역4번출구,42.527763,20.176395,16.007952
122900102,23893,강남신동아파밀리에2단지,25.334063,10.281821,8.157598
122900103,23629,LH이-편한세상,25.753658,6.634486,5.2638016
122900104,23896,한신휴플러스6단지,28.66054,22.233206,17.639826
122900105,23933,방죽마을입구,21.460344,1.7812858,1.4132721
122900106,23937,방죽마을입구,20.560825,1.3548183,1.0749128
122900107,23938,한신휴플러스6단지,28.66054,22.233206,17.639826
122900108,23940,LH이-편한세상,26.665049,4.3422775,3.4451632
122900109,23822,대청초교삼거리,22.667446,4.1711965,3.3094275
123000001,24001,잠실역.잠실대교남단,15.083092,6.67085,5.292652
123000002,24002,잠실역.잠실대교남단,14.394433,3.80739,3.0207832
123000003,24003,석촌호수.한솔병원,16.973549,4.7065396,3.7341685
123000004,24004,석촌호수.한솔병원,18.202929,6.6749377,5.2958956
123000005,24005,석촌역,15.733101,5.75426,4.56543
123000006,24006,석촌역,16.457106,2.1879594,1.7359269
123000007,24007,송파역,16.116714,1.4457629,1.1470683
123000008,24008,송파역,17.460363,2.35724,1.8702341
123000009,24009,가락시장.가락시장역,18.218758,4.7938423,3.8034344
123000010,24010,가락시장.가락시장역,15.525673,1.3170656,1.0449598
123000011,24011,문정로데오거리입구,17.017385,4.3110228,3.4203653
123000012,24012,문정로데오거리입구,19.742691,3.7522328,2.9770215
123000013,24013,문정법조단지.건영아파트,20.573221,11.478057,9.10669
123000014,24014,문정법조단지.건영아파트,21.456045,7.2036414,5.715369
123000015,24015,장지역.가든파이브,19.558247,2.0595286,1.6340301
123000016,24016,장지역.가든파이브,19.260513,1.7594266,1.3959291
123000017,24101,천호역.풍납시장,18.196136,2.512513,1.9934278
123000018,24102,풍납1치안센터입구,19.46665,2.4072225,1.9098904
123000019,24105,풍납1동동아한가람아파트,20.65232,0.88606244,0.7030019
123000020,24106,풍납동신성노바빌,19.551857,2.8023837,2.223411
123000021,24107,풍납동씨티극동아파트,20.60952,4.410033,3.4989202
123000022,24108,풍납토성.천호역10번출구,16.822742,4.353148,3.4537876
123000023,24109,영파여고.강동구청역,20.757711,6.397108,5.0754657
123000024,24110,풍납동극동.쌍용아파트,16.039888,10.328143,8.194348
123000025,24111,풍납중학교,19.424185,5.4772654,4.345662
123000026,24112,풍성중학교.잠실올림픽아이파크,19.893068,8.643565,6.857805
123000027,24113,아산생명과학연구원,16.062832,6.7308655,5.3402686
123000028,24114,서울아산병원동관,19.397924,2.4057016,1.9086838
123000029,24115,서울아산병원동관,19.600327,2.866388,2.2741923
123000030,24116,풍납토성서성벽,17.7395,6.4340196,5.104751
123000031,24119,토성초등학교.현대리버빌아파트,19.241976,2.1438434,1.7009254
123000032,24120,한강극동아파트후문,18.90757,3.1260262,2.4801893
123000033,24121,올림픽대교남단,16.852942,8.367648,6.638892
123000034,24123,잠실파크리오아파트상가.올림픽회관,20.108929,4.3004117,3.4119468
123000035,24124,잠실파크리오아파트앞,16.826336,2.177577,1.7276895
123000036,24125,잠실나루역,15.64285,5.02743,3.988763
123000037,24126,잠실진주아파트,18.222466,8.555535,6.787962
123000038,24127,몽촌토성역,18.749077,8.896822,7.0587387
123000039,24128,신천동진주아파트,17.40056,11.425159,9.064722
123000040,24129,잠실나루역,19.762455,9.834087,7.802365
123000041,24130,잠실중학교.장미종합상가,17.149162,6.5464735,5.193972
123000042,24131,잠실중학교,15.130234,2.7362413,2.1709337
123000043,24132,잠실역8번출구,16.18956,7.294096,5.7871356
123000044,24133,잠실역7번출구,15.2692,8.808425,6.988604
123000045,24134,잠실역1번.11번출구,14.950591,4.257662,3.378029
123000046,24135,잠실역9번출구,20.149197,17.183104,13.633075
123000047,24136,송파구청.방이맛골,18.182241,6.6579633,5.282428
123000048,24137,잠실역6번출구,15.883924,4.771407,3.7856345
123000049,24138,잠실역.롯데월드,17.186342,4.9635997,3.9381201
123000050,24139,잠실5단지,15.059214,2.200191,1.7456315
123000051,24140,잠실리센츠아파트앞,14.357702,4.224306,3.3515644
123000052,24141,잠실새내역.잠실2동주민센터,18.277657,19.82225,15.726974
123000053,24142,잠실엘스아파트앞,15.402144,3.7465894,2.972544
123000054,24143,종합운동장사거리,14.638557,2.9887993,2.3713133
123000055,24144,잠실종합운동장,19.37631,6.78957,5.3868446
123000056,24145,잠실트리지움아파트앞,16.81297,12.45829,9.884407
123000057,24146,잠실역.롯데월드,21.976608,25.44006,20.184143
123000058,24147,갤러리아팰리스,16.188885,5.3446703,4.2404613
123000059,24148,잠실트리지움.송파경찰서교통센터,18.51416,6.905208,5.478592
123000060,24149,영동일고.레이크팰리스앞,17.04212,1.1497993,0.91225076
123000061,24150,영동일고.트리지움동문앞,20.236248,7.367146,5.8450937
123000134,24223,방이역3번출구.대림아파트,24.310957,13.843978,10.983812
123000063,24152,잠실학원사거리.잠실트리지움남문,18.572279,4.4050016,3.4949284
123000064,24153,잠실119안전센터,18.571135,7.5214725,5.967536
123000065,24154,잠실종합운동장,17.185732,8.411253,6.673488
123000066,24155,아시아선수촌아파트,13.020566,4.25275,3.3741317
123000067,24156,아주중학교,17.031143,3.8104951,3.0232468
123000068,24157,종합운동장사거리,13.4432125,4.6280317,3.6718805
123000069,24158,잠실새내역4번출구,18.363459,9.769721,7.751297
123000070,24159,영빌딩앞,20.885372,4.4579005,3.5368981
123000071,24160,잠실우성4차현대아파트,18.170042,3.7918575,3.0084596
123000072,24161,잠실우성4차현대아파트,15.706965,2.336842,1.8540505
123000073,24162,잠실근린공원.성현교회,21.289587,6.7463074,5.3525205
123000074,24163,아시아선수촌아파트삼거리.성현교회,17.199308,5.159259,4.093356
123000075,24164,아시아선수촌아파트,14.593964,15.088195,11.970974
123000076,24165,아주중학교,17.19077,2.2751725,1.8051219
123000077,24166,삼전역,16.617887,6.891198,5.4674764
123000078,24167,삼전역,18.683365,7.367089,5.8450484
123000079,24168,송파구민회관.구의회,18.855875,7.343009,5.8259435
123000080,24169,송파구민회관.구의회,17.173397,2.556376,2.0282285
123000081,24170,삼학사길사거리,16.912857,3.59046,2.848671
123000082,24171,잠실119안전센터,19.66745,6.2713923,4.975723
123000083,24172,삼밭나루어린이공원입구,17.785305,2.0877771,1.6564424
123000084,24173,삼전역.잠실현대아파트,16.40897,19.992664,15.86218
123000085,24174,삼전동현대APT,17.796759,1.9404331,1.5395397
123000086,24175,삼전동쌍용하이츠빌라,19.206276,3.9595,3.1414673
123000087,24176,삼전사회복지관,17.082611,3.1356344,2.4878125
123000088,24177,배명중고교,19.88339,2.8002126,2.2216887
123000089,24178,석촌고분역,15.478952,5.5912814,4.4361224
123000090,24179,석촌고분역,17.1344,11.507594,9.130125
123000091,24180,석촌역.잠실한솔아파트,15.828976,7.379314,5.854748
123000092,24181,석촌역.잠실한솔아파트,16.519236,11.297424,8.963376
123000094,24183,삼학사길사거리,18.01139,1.8501874,1.4679387
123000095,24184,배명중고교,17.512554,4.4926085,3.5644357
123000096,24185,석촌동남현교회앞,16.961153,4.3425026,3.4453418
123000097,24186,석촌동남현교회앞,22.582186,4.840645,3.8405676
123000098,24187,송파책박물관.헬리오시티,16.937061,2.929556,2.3243096
123000099,24188,송파책박물관.헬리오시티,17.453093,0.7271769,0.57694215
123000100,24189,송파사거리.석촌시장,21.725782,5.1846123,4.1134715
123000101,24190,송파사거리,21.787258,2.260118,1.7931776
123000102,24191,송파역.헬리오시티,19.53117,3.6475775,2.8939881
123000104,24193,송파여성문화회관,21.07002,7.0684633,5.6081185
123000105,24194,송파여성문화회관,21.07002,7.0684633,5.6081185
123000106,24195,송파초등학교.송파동성당,20.369656,3.9417381,3.127375
123000107,24196,송파초등학교.송파동성당,16.403545,3.4330466,2.7237792
123000108,24197,방이사거리,18.530123,2.9257743,2.3213093
123000111,24200,한양공원,30.309599,4.1351824,3.2808537
123000112,24201,송파동한양1차아파트,35.276615,8.332685,6.6111526
123000113,24202,서울방이동고분군,28.569891,4.324762,3.4312658
123000114,24203,송파역,17.052353,5.742303,4.555943
123000115,24204,잠실더샵루벤,26.553143,9.895281,7.8509164
123000116,24205,송파동삼익아파트,38.960464,21.217653,16.834085
123000117,24206,송파미성.가락삼익아파트,33.75901,17.674456,14.022913
123000118,24207,송파한양2차아파트,31.21832,7.3613324,5.8404813
123000119,24208,한양공원,30.309599,4.1351824,3.2808537
123000120,24209,잠실여고후문,27.707657,1.167205,0.92606044
123000121,24210,방이중학교,18.599205,4.309514,3.4191682
123000122,24211,한성백제역4번출구,16.905443,10.404245,8.254728
123000123,24212,송파나루역.방이전통시장서문,16.298569,8.543432,6.778359
123000124,24213,송파나루역.방이전통시장서문,16.546568,7.584645,6.0176573
123000125,24214,송파나루역,16.498287,2.7265441,2.16324
123000126,24215,송파구청.방이맛골,27.85945,8.583185,6.8098993
123000127,24216,잠실진주아파트,23.187033,15.624948,12.396833
123000128,24217,올림픽베어스타운아파트앞,21.011906,2.6373777,2.0924954
123000129,24218,방이초등학교,31.550606,4.5848546,3.6376238
123000130,24219,방이전통시장동문,28.772013,7.471497,5.9278855
123000131,24220,방이우체국,23.725107,8.588418,6.8140507
123000132,24221,올림픽공원남2문,27.048578,0.8952349,0.7102794
123000133,24222,올림픽공원장미광장,29.128794,12.164993,9.651706
123000135,24224,잠실3차한양아파트,27.423126,4.2988195,3.4106834
123000136,24225,방이전통시장동문,30.894869,7.8766036,6.249297
123000137,24226,방이초등학교,32.73273,2.58832,2.0535731
123000138,24227,신구블레스밸리앞,36.656166,7.0621605,5.603118
123000139,24228,신구블레스밸리,37.543705,5.545788,4.4000278
123000140,24229,방이동대림.코오롱아파트,29.830103,8.570907,6.8001575
123000141,24230,방이동대림.코오롱아파트,28.7925,4.2080274,3.3386488
123000142,24231,올림픽회관,17.726612,3.9739025,3.152894
123000143,24232,풍납동극동.쌍용아파트,14.197295,7.430713,5.895528
123000144,24234,서울체육중.고등학교,16.943892,9.618556,7.6313624
123000145,24235,둔촌오륜역.서문교회,32.100037,13.921255,11.045124
123000146,24236,서하남IC입구,32.21227,13.125709,10.413937
123000147,24237,효죽동입구,19.75498,3.190912,2.5316696
123000149,24239,올림픽공원장미광장,23.892101,2.9349878,2.3286195
123000150,24240,올림픽공원남2문,24.736225,5.1512065,4.086967
123000151,24241,몽촌토성역.한성백제역,18.324404,4.504881,3.5741725
123000152,24242,보성중고등학교,21.800932,4.374154,3.4704537
123000153,24243,보성중고등학교,21.270573,8.024884,6.366943
123000154,24244,올림픽공원역,19.121056,4.166178,3.3054457
123000155,24245,올림픽공원역,19.39772,3.1235244,2.4782043
123000156,24246,올림픽공원테니스장,25.08934,6.451589,5.1186905
123000157,24247,올림픽선수촌아파트,19.920603,2.838895,2.2523794
123000158,24248,방이역,22.075735,9.175588,7.2799115
123000159,24249,오금역.오금동현대아파트,32.425323,10.88896,8.6393
123000160,24250,오금공원앞,37.10538,23.913805,18.973213
123000161,24251,개롱역.오금동상아아파트,31.833784,8.404932,6.668473
123000162,24252,보인고교.오금동삼성아파트,38.988888,12.022017,9.538268
123000163,24253,송파사회복지관.성요셉성당,33.581337,6.606963,5.241965
123000164,24254,거여초등학교,31.307827,5.164974,4.097891
123000165,24255,거여초등학교,30.986097,5.1794786,4.1093984
123000166,24256,송파참병원,26.962147,8.342257,6.618746
123000167,24257,송파참병원,24.763607,8.606506,6.828402
123000168,24258,신흥운수입구,25.187485,6.647901,5.2744446
123000169,24259,신흥운수입구,28.04221,5.4727507,4.3420806
123000170,24260,송파레미니스후문,25.0219,4.8607526,3.8565214
123000171,24261,송파레미니스후문,25.0219,4.8607526,3.8565214
123000172,24262,오금공원사거리,36.444412,4.251269,3.3729568
123000173,24263,오금공원사거리,36.57023,1.4300529,1.134604
123000174,24264,오금동대림아파트,30.860224,5.908374,4.687704
123000175,24265,오금동대림아파트,29.936298,2.1887043,1.7365179
123000176,24266,송파도서관,26.303703,7.203676,5.7153964
123000177,24267,우창아파트,28.162836,6.606757,5.2418013
123000178,24268,오금동사거리,25.045134,4.7241807,3.748165
123000179,24269,오금동사거리,24.324177,3.053114,2.4223406
123000180,24270,거여역1번출구,34.297966,2.955797,2.3451293
123000181,24271,거여역8번출구.현대1차아파트,34.970886,1.4926348,1.1842564
123000182,24272,송파체육문회회관.서울인공지능고,42.05452,6.1001663,4.839872
123000183,24273,거여역2번출구,38.2348,1.5018302,1.1915522
123000184,24274,송파사회복지관.성요셉성당,31.835085,5.6578217,4.4889154
123000185,24275,송파체육문회회관.거여아파트단지,39.6534,9.416951,7.4714093
123000186,24276,거여역5번출구,40.34027,6.3306403,5.02273
123000187,24277,거여역4번출구,40.07143,7.5120893,5.9600916
123000188,24278,송파파크센트럴,40.561413,11.19374,8.881113
123000189,24279,거여삼거리,55.91413,6.6988387,5.3148584
123000190,24280,비호아파트,58.66609,3.6508548,2.8965883
123000192,24282,마천1동주민센터.송파롯데캐슬,44.405888,2.2954607,1.8212185
123000193,24283,마천2동주민센터.송파롯데캐슬,37.896183,5.9348774,4.7087317
123000194,24284,거여역3번출구.현대2차아파트,37.656616,1.8499827,1.4677763
123000195,24285,마천1동주민센터,44.740932,3.27639,2.599488
123000196,24286,마천역.송파파크센트럴,54.27075,4.3393917,3.4428732
123000197,24287,비호아파트,58.608116,3.562177,2.8262312
123000198,24288,남한산성입구,62.397896,5.7611585,4.570903
123000199,24289,송파구립마천청소년센터,59.229965,5.6339417,4.4699693
123000200,24290,송파구립마천청소년센터,58.35775,3.294925,2.6141934
123000201,24291,송파보훈회관.금호어울림2차,52.244884,5.5103774,4.3719335
123000202,24292,송파보훈회관.금호어울림2차,50.700783,4.4102345,3.49908
123000203,24293,마천동금호어울림1차아파트,40.838814,5.9639063,4.7317634
123000204,24294,마천동금호어울림1차아파트,42.733894,1.4194123,1.1261617
123000205,24295,마천시장.마천동우방아파트앞,38.31344,3.8838866,3.0814755
123000206,24296,남천초교.마천동우방아파트앞,37.269608,5.8325686,4.6275597
123000207,24297,청암노인요양원,29.751724,3.4362924,2.7263544
123000208,24298,청암노인요양원,32.83194,7.619351,6.045193
123000209,24299,마천사거리,30.22805,1.1145098,0.8842521
123000210,24300,마천사거리,31.09424,4.0252676,3.1936471
123000211,24301,마천2동윤진빌딩.신동아아파트,33.016582,9.88805,7.845179
123000212,24302,마천2동윤진빌딩.신동아아파트,33.016582,9.88805,7.845179
123000213,24303,마천2동주민센터,35.872707,5.1275334,4.068185
123000215,24305,복정역1번출구,20.791073,6.3336773,5.0251393
123000217,24307,건영아파트,31.127884,5.2796645,4.188886
123000218,24308,문현중학교,23.414202,9.628697,7.6394086
123000219,24309,문현중학교,23.414202,9.628697,7.6394086
123000220,24310,문덕초등학교.문정고등학교,28.373709,2.6984022,2.1409123
123000221,24311,문정푸르지오1차아파트,28.731798,8.10023,6.4267225
123000222,24312,힐스테이트e편한세상문정,39.390812,3.0203435,2.3963406
123000223,24313,문정시영.가락프라자아파트,50.035995,8.895367,7.0575833
123000224,24314,문정시영.세양청마루아파트,49.349174,7.411111,5.8799753
123000225,24315,한림연예예술고교,33.983856,2.0883698,1.6569126
123000226,24316,한림연예예술고교,34.84588,1.3199631,1.0472587
123000227,24317,문현초등학교,31.906849,2.9630473,2.3508818
123000228,24318,문현초등학교,32.330563,1.45601,1.1551983
123000229,24319,문정1동주민센터.로데오거리,32.792053,6.2683196,4.9732847
123000232,24322,문덕초등학교.문정고등학교,29.775454,2.0906332,1.6587082
123000233,24323,문정푸르지오2차아파트,30.697294,8.423016,6.6828203
123000234,24324,문정푸르지오2차아파트,26.983685,9.566613,7.5901513
123000235,24325,문정동래미안아파트,49.773438,4.6113605,3.6586535
123000236,24326,문정래미안.현대아파트앞,44.393497,16.920744,13.424919
123000237,24327,가락현대1차아파트후문,40.686363,7.156372,5.6778655
123000238,24328,가락현대1차아파트후문,35.241287,6.7714343,5.3724556
123000239,24329,가락현대1차아파트정문,43.564575,5.3173146,4.2187576
123000240,24330,문정역2번출구,23.939167,8.545455,6.779964
123000241,24331,문정역2번출구,20.353355,4.224155,3.3514445
123000242,24332,두댐이공원,41.28771,5.709666,4.530049
123000243,24333,문정2동주민센터.송파청소년센터,20.750345,14.8268385,11.763614
123000244,24334,훼미리근린공원,22.325258,9.902207,7.856411
123000245,24335,문정로데오거리입구,23.284561,7.815663,6.200947
123000249,24340,장지동,18.520412,1.496918,1.1876547
123000252,24343,가윤예식장,40.77436,5.4275565,4.3062234
123000253,24344,가락동미륭아파트,41.60207,5.7481613,4.560591
123000254,24345,가락쌍용1차아파트,48.851105,13.5599,10.758425
123000255,24346,송파중학교,41.69757,2.315097,1.836798
123000256,24347,가락현대5차아파트,42.04779,8.3557,6.629412
123000257,24348,개롱역3번출구,32.338028,4.888643,3.878649
123000258,24349,보인고교.가락삼환아파트,38.056293,8.817031,6.9954324
123000259,24350,송파배드민턴체육관,48.754276,10.629939,8.433793
123000260,24351,문정시영.세영청마루아파트,51.484646,9.932076,7.88011
123000261,24352,문정시영.가락프라자아파트,48.94617,11.545623,9.160297
123000262,24353,가락프라자아파트정문,47.030975,3.2368457,2.5681136
123000263,24354,가락프라자아파트정문,47.030975,3.2368457,2.5681136
123000264,24355,가락극동아파트정문,44.302082,7.327511,5.8136473
123000265,24356,가락극동아파트정문,46.242283,8.287259,6.575111
123000266,24357,가락동극동아파트,42.21925,5.388269,4.2750525
123000267,24358,가락쌍용1차아파트,49.2171,2.7481928,2.180416
123000268,24359,가주초등학교,51.241566,2.4225407,1.9220438
123000269,24360,가동초등학교,49.142986,1.371013,1.0877618
123000270,24361,가락2동주민센터,39.754517,6.5903897,5.228815
123000271,24362,가락2동주민센터,40.65734,8.020309,6.363313
123000272,24363,가락시장.가락시장역,18.61233,10.34513,8.207826
123000273,24364,문정로데오거리입구,18.99589,7.518729,5.9653597
123000274,24365,문정1동주민센터.로데오거리,32.986378,5.107555,4.052334
123000275,24366,건너말공원입구,37.813663,4.0330133,3.1997929
123000278,24369,송파경찰서.오금역,36.639984,13.554341,10.754014
123000279,24370,가락쌍용2차아파트,36.020153,20.22131,16.043587
123000280,24371,가락대림아파트,30.192963,16.13492,12.801445
123000281,24372,신가초등학교,32.773903,2.7908866,2.2142894
123000282,24373,신가초등학교,32.634552,7.117604,5.6471066
123000283,24374,석촌중학교후문,36.62231,10.448699,8.289998
123000284,24375,석촌중학교후문,35.39527,6.9835286,5.540732
123000286,24377,경찰병원.KT가락지사,31.017746,14.006437,11.112707
123000287,24378,경찰병원.KT가락지사,30.723997,2.5732863,2.0416455
123000288,24379,경찰병원.서울동부고용노동지청,36.98303,22.168692,17.58864
123000289,24380,가락시장역4번출구.제일오피스텔,24.775438,4.25774,3.3780909
123000291,24382,경찰병원.서울동부고용노동지청,26.78422,15.33816,12.169296
123000294,24385,가락시장.가락시장역,18.04555,1.9014164,1.5085838
123000295,24386,가락시장.가락몰,18.485012,3.223776,2.557744
123000296,24387,가락시장남문,16.87273,6.23531,4.947095
123000297,24388,가락시장?헬리오시티,19.011057,6.112791,4.8498883
123000298,24389,가락시장.헬리오시티,16.225494,2.5238292,2.0024061
123000299,24390,가락1동주민센터,16.002327,5.806509,4.6068845
123000300,24391,서울방이동고분군,31.15696,3.621419,2.8732338
123000301,24392,문정푸르지오1차아파트,28.731798,8.10023,6.4267225
123000302,24393,토성오거리,17.942194,7.2645698,5.7637095
123000303,24394,풍납토성서성벽,20.136269,5.229442,4.1490397
123000305,24396,몽촌토성역.한성백제역,15.209068,5.7348228,4.5500083
123000306,24397,풍납동강변현대아파트,17.20498,3.73428,2.9627779
123000309,24400,홍이공원,44.187138,2.1369536,1.695459
123000310,24401,홍이공원,44.187138,2.1369536,1.695459
123000311,24402,송파파크센트럴,42.93166,16.177435,12.835176
123000312,24403,거여역7번출구,37.478878,3.4976716,2.7750525
123000313,24404,거여역6번출구,38.341225,9.542501,7.5710206
123000315,24406,풍납2동주민센터,15.421087,1.8594836,1.4753144
123000316,24407,복정역환승센터1번승강장,19.190382,2.3461773,1.8614572
123000317,24408,오륜사거리,22.786222,0.78995854,0.6267531
123000318,24409,오륜사거리,24.3348,2.1033053,1.6687624
123000319,24499,복정역,19.589195,2.922209,2.3184807
123000329,24420,복정역2번출구,19.308638,0.46688908,0.37042978
123000337,24429,남한산성입구,61.209824,3.8968031,3.0917237
123000338,24430,서울아산병원장례식장,18.39013,2.619767,2.0785232
123000339,24431,갑을.미성아파트,20.7838,8.023153,6.36557
123000340,24432,송파배드민턴체육관,47.534897,8.884091,7.048638
123000342,24434,풍납중학교앞,19.376736,2.367075,1.8780373
123000343,24435,복정역3번출구,21.21777,5.5744185,4.422744
123000344,24436,새마을시장,21.048227,4.194517,3.32793
123000345,24437,잠실학원사거리.잠실트리지움남문,21.747833,4.0289874,3.1965988
123000346,24438,삼전역.잠실현대아파트,16.512358,5.85685,4.646825
123000352,24444,가락시장역5번출구,21.268585,9.79028,7.7676086
123000353,24445,올림픽대교남단교차로,18.724934,2.8391407,2.2525742
123000354,24446,장지공영차고지,23.635836,1.422558,1.1286575
123000355,24447,장지공영차고지,23.583471,5.739637,4.553828
123000356,24448,아이코리아,25.85056,7.1902676,5.704758
123000357,24449,송파파인타운11.12단지,22.404839,8.211353,6.514888
123000359,24451,송파파인타운10단지.13단지,21.113066,2.1676214,1.7197908
123000360,24452,송파파인타운8단지.9단지,23.771936,5.3981957,4.2829285
123000361,24453,송파구립산모건강증진센터,25.844313,4.7174063,3.7427902
123000362,24454,장지동주민센터앞,40.576683,10.069248,7.988941
123000363,24455,장지동주민센터.송파파인타운1단지,38.242714,6.143127,4.873957
123000364,24456,잠실여고후문,26.610909,2.4678946,1.9580276
123000365,24457,건영아파트앞,31.166515,4.3337207,3.438374
123000366,24458,잠실새내역2번출구,21.86471,14.914706,11.833328
123000367,24459,삼성래미안파크팰리스아파트앞,34.45669,12.687255,10.066068
123000370,24462,송파파인타운2단지.한림예고,32.345024,4.3988647,3.4900594
123000371,24463,송파파인타운3단지.한림예고,33.497528,1.9723713,1.5648794
123000372,24464,송파글마루도서관.버들어린이집,29.998913,4.3403416,3.4436269
123000373,24465,송파글마루도서관.버들어린이집,29.415924,8.236235,6.5346284
123000374,24466,문현고등학교.송파파인타운5단지,23.77832,2.9688563,2.3554904
123000375,24467,문현고등학교,24.397806,2.9735684,2.359229
123000376,24468,풍납현대아파트,17.738167,4.3269033,3.432965
123000377,24469,문정3차푸르지오아파트.송파파인타운1단지,36.817177,5.3855386,4.2728863
123000378,24470,문정3차푸르지오아파트.송파파인타운1단지,37.90813,7.2117043,5.7217665
123000379,24471,아이코리아앞,25.532307,6.9269614,5.495851
123000380,24472,가든파이브웍스동,20.35745,0.53459823,0.42415026
123000381,24473,가든파이브웍스동,20.35745,0.53459823,0.42415026
123000382,24475,장지역.가든파이브라이프동,20.955566,3.635199,2.884167
123000383,24476,장지역.가든파이브라이프동,20.61557,1.0023134,0.7952354
123000384,24477,가든파이프툴동,19.24838,1.9852982,1.5751355
123000385,24478,가든파이브툴동,19.24838,1.9852982,1.5751355
123000436,24658,복정역환승주차장,19.420044,2.0256631,1.607161
123000440,24662,잠실새내역,17.473267,6.956839,5.519556
123000487,24710,잠실종합운동장,20.133543,5.7436876,4.557042
123000488,24711,잠실종합운동장,18.553501,3.8004024,3.0152392
123000492,24715,잠실역,16.295677,4.112019,3.2624757
123000504,24728,잠실새내역,18.817356,10.723451,8.507985
123000507,24479,잠실대교전망쉼터,14.340555,8.777197,6.963828
123000508,24480,잠실대교전망쉼터,13.200257,7.5755787,6.0104637
123000511,24998,잠실역,20.96783,11.410503,9.053093
123000512,24801,장지역,7.8343773,6.0196047,4.7759542
123000517,24486,호수임광아파트,15.978291,13.775185,10.929232
123000518,24485,호수임광아파트,25.823006,15.5795965,12.360852
123000519,24484,미켈란호수가아파트,20.576048,3.841445,3.0478024
123000520,24483,미켈란호수가아파트,22.582253,9.864819,7.8267474
123000521,24482,석촌호수서호사거리,17.368544,2.4600303,1.9517881
123000522,24481,석촌호수서호사거리,20.513836,4.9519844,3.9289045
123000523,24741,가락동,17.075626,9.880277,7.839011
123000524,24740,경찰병원.서울동부고용노동지청,37.696407,14.468602,11.479388
123000528,24736,경찰병원.서울동부고용노동지청,31.294018,14.825475,11.762532
123000529,24735,가락동,23.109962,13.1236725,10.412322
123000533,25726,강동구청역,18.124567,3.7431536,2.969818
123000535,24611,잠실파크리오아파트,20.819597,5.6742415,4.501943
123000536,24610,장미아파트,18.655474,2.9140189,2.3119826
123000538,24744,올림픽선수촌아파트,19.284128,7.9112153,6.276758
123000541,24488,송파파인타운아파트11단지,24.62325,5.5926533,4.437211
123000542,24487,송파파인타운아파트11단지,24.62325,5.5926533,4.437211
123000556,24770,방이동,26.332676,4.061041,3.2220297
123000557,24771,방이동,28.656208,8.597175,6.8209987
123000558,24766,오금역,37.657814,8.848745,7.0205946
123000559,24767,오금역,41.96916,1.6053492,1.273684
123000560,24768,오금동,35.878986,6.4287024,5.1005325
123000561,24769,오금동,37.828842,1.3656471,1.0835043
123000563,24620,잠실롯데월드호텔.롯데타워,15.900337,13.002437,10.3161335
123000565,24104,파크데일아파트1단지앞,41.906178,12.327249,9.780439
123000566,24103,파크데일아파트2단지앞,42.794174,7.122429,5.650935
123000567,24491,파크데일아파트입구,39.916416,8.668412,6.877518
123000573,24494,송파더센트레.송례중앞,32.53891,1.8423008,1.4616815
123000574,24493,송파더센트레.송례초앞,29.094656,2.2451477,1.7813002
123000575,24495,송파꿈에그린아파트,33.557117,6.4556737,5.1219316
123000576,24492,위례아이파크아파트앞,33.46788,1.8930373,1.5019358
123000577,24497,송파푸르지오시티.한화오벨리스크,21.882423,2.1244955,1.6855748
123000578,24496,송파푸르지오시티.한화오벨리스크,21.363354,1.1444583,0.9080133
123000579,24017,잠실역.롯데월드몰,14.767338,5.5252805,4.3837576
123000580,24498,파크데일아파트입구,40.920853,6.9319797,5.4998326
123000582,24490,문정동래미안아파트남문,37.71023,7.246284,5.749202
123000583,24489,문정중학교후문,36.00994,2.0821526,1.6519799
123000584,24233,한성백제박물관,22.613241,2.3827941,1.8905088
123000585,24461,서울버스종점,23.176289,5.3859725,4.2732306
123000586,24460,서울버스종점,24.086105,0.63456345,0.5034627
123000596,24368,샛별어린이공원입구,32.72152,3.4735615,2.7559237
123000597,24367,샛별어린이공원입구,32.63783,1.2392033,0.9831839
123000602,24450,송파파인타운7단지,22.867746,5.7274127,4.5441294
123000603,24653,위례포레샤인.송파꿈에그린서문,27.408253,7.9938955,6.3423567
123000604,24654,송파꿈에그린서문.위례포레샤인,27.929758,16.134806,12.801354
123000609,24395,가락시장동문,16.78569,5.679705,4.506278
123000610,24510,잠실4동주민센터.파크리오B상가,17.759676,4.862947,3.8582623
123000611,24050,잠실광역환승센터,13.708857,12.885018,10.222974
123000613,24410,위례중앙푸르지오.신안인스빌,38.017273,1.1935152,0.94693494
123000614,24413,송파와이즈더샵.위례센트로엘,37.94031,5.373305,4.2631803
123000615,24412,송파와이즈더샵.위례센트로엘,36.833157,2.9451294,2.3366656
123000616,24415,위례별초등학교.위례스타힐스,30.5421,2.027377,1.6085207
123000617,24414,위례별초등학교.위례2차아이파크,32.843166,5.4140043,4.295471
123000618,24416,위례동주민센터.위례스타힐스,29.200428,2.1591053,1.7130342
123000619,24417,위례동주민센터.위례송파푸르지오,28.794765,2.1527853,1.7080199
123000620,24418,힐스테이트송파.송파더센트레,29.73453,3.5850723,2.8443964
123000622,24419,송파더센트레.힐스테이트송파,32.755512,12.759448,10.123346
123000624,24411,위례신안인스빌.중앙푸르지오,37.08254,2.7594118,2.1893172
123000627,24912,송파레미니스아파트,19.178913,4.917645,3.9016597
123000629,24913,송파레미니스아파트,21.653498,2.990362,2.372553
123000630,24439,위례포레샤인.위례31단지후문,30.883791,8.92252,7.079127
123000631,24440,위례31단지.위례포레샤인후문,33.613075,8.043825,6.381971
123000632,24199,송파나루역,19.212572,8.735445,6.930702
123000634,24338,오금역2번출구,37.600002,28.784452,22.837584
123000635,24339,오금역3번출구,36.01904,3.193395,2.5336397
123000636,24443,위례송파푸르지오.송파더센트레,25.657366,11.953381,9.483812
123000637,24337,서울위례별초교,34.132957,7.6524496,6.0714536
123000638,24441,위례송파더센트레.송파푸르지오,27.557981,6.6759663,5.2967114
123000639,24442,장지역2번출구,18.29155,7.7683764,6.1634297
123000640,24281,동현빌딩,27.06884,0.85999364,0.6823189
123000641,24901,장미광장,22.911644,5.713525,4.5331106
123000642,24902,한성백제박물관,22.33097,2.962653,2.350569
123000643,24903,올림픽공원평화의문,17.859694,8.930497,7.0854564
123000644,24433,위례31단지정문,36.7457,5.2845025,4.192724
123000645,24474,위례31단지정문,33.94932,11.933195,9.467796
123000648,24117,송파두산위브.송파소방서,24.45097,5.1265182,4.0673795
123000649,24118,송파두산위브.송파소방서,25.195446,10.233038,8.118893
123000650,24421,세계로병원,52.42941,11.74954,9.322085
123000651,24422,세계로병원,45.55625,21.899336,17.374933
123000652,24320,위례포레샤인18단지,60.82916,19.096363,15.151055
123000653,24321,위례포레샤인18단지,53.891174,7.0954924,5.629564
123000654,24122,마천역.송파파크센트럴,51.175377,1.3522066,1.0728408
123000655,24424,송파레이크파크호반써밋1차,29.836754,3.0134008,2.3908322
123000656,24425,송파레이크파크호반써밋2차,30.498747,6.0705013,4.8163357
123000657,24427,송파레이크파크호반써밋1차정문,46.538315,28.037933,22.245296
123000658,24426,위례포레샤인13단지,34.741577,17.289608,13.717576
123000659,24500,복정역환승센터2번승강장,18.876484,1.2143949,0.9635009
123000660,24503,복정역환승센터3번승강장,19.190382,2.3461773,1.8614572
123000661,24506,복정역환승센터4번승강장,19.298218,0.94078577,0.7464194
123000662,24341,위례포레샤인18단지남문,48.892357,2.2994084,1.8243507
123000663,24342,힐스테이트센트럴위례,51.12653,7.6892395,6.100642
123000664,24376,포레나송파,41.176964,21.023943,16.680397
123000665,24381,위례호반써밋,37.91612,1.8397151,1.45963
123000667,24398,서울위례별초교.위례별유치원,38.11812,7.127937,5.655305
123000668,24383,북위례입구,71.95305,6.641504,5.269369
123000669,24384,북위례입구,67.62415,7.5975237,6.0278754
123000670,24151,송파레이크힐아파트,45.025208,13.157194,10.438918
123000671,24182,송파레이크파크호반써밋2차정문,42.072285,6.810452,5.4034123
123000672,24238,포레나송파정문,44.21375,2.2384734,1.7760048
123000673,24336,포레나송파정문,44.399944,0.55125487,0.43736562
123000674,24915,한강극동아파트후문,19.234055,1.1500994,0.9124888
123000675,24916,토성초등학교.한강극동아파트,18.34627,4.663614,3.7001112
123000676,24917,풍납2동주민센터,18.574419,1.7778857,1.4105744
123000677,24192,위례포레샤인13단지공원,37.92744,19.807083,15.714939
123000678,24405,덕수고등학교,57.979588,5.8158917,4.6143284
123000679,24423,덕수고등학교,55.62591,14.975166,11.881297
123000680,24198,포레나송파후문,46.389908,10.683393,8.476204
123000681,24428,송파위례리슈빌,40.34479,11.011793,8.736757
123000682,24399,송례중학교.송파꿈에그린,33.59965,0.8314962,0.65970904
123000683,24509,송례중학교.위례아이파크,33.049824,1.7841315,1.41553
123000684,24306,거여1동주민센터,37.800182,10.736556,8.518383
123000685,24304,성내천공원,31.899393,3.463298,2.7477808
123000686,24904,풍납초등학교,18.959236,4.385189,3.479209
123000687,24907,풍납백제문화공원,21.801489,16.422554,13.029654
123000688,24908,마천터널,52.377968,31.084492,24.662436
123000689,00001,한강버스.잠실선착장,3.5,0.8298884,0.6584335
123000690,24565,잠실역2번출구,13.941616,2.135073,1.6939669
123000691,24909,가락근린공원.경찰병원,32.6011,12.432048,9.863586
123000692,24910,가락근린공원.경찰병원,32.6011,12.432048,9.863586
123000693,24567,글샘공원.송파파크하비오푸르지오,18.922813,8.24415,6.540909
123000694,24569,잠실나루역,23.582378,4.6491246,3.6886156
123000695,24571,잠실나루역,20.795124,13.166398,10.44622
123000696,24920,잠일고등학교,21.181921,3.1375751,2.4893522
123000697,24919,잠신고등학교,18.584925,1.4561219,1.1552871
123000698,24918,잠신고등학교,20.94859,8.208873,6.51292
123000699,24922,한강버스잠실선착장,17.687777,8.350119,6.624984
123000700,24921,잠일고등학교,17.665947,5.412323,4.294137
123000701,24923,잠실새내역1번출구,15.494896,1.765082,1.4004161
123000702,24573,장지역.한우물공원,20.527746,0.2631272,0.20876513
123000703,24574,송파위례리슈빌,40.34479,11.011793,8.736757
123000704,24614,효죽동입구,22.800037,10.61137,8.419062
123000705,24566,잠실르엘.잠실래미안아이파크,18.26713,4.7927585,3.8025744
123000706,24501,잠실르엘.잠실파크리오아파트,17.217365,1.4455522,1.1469011
123900001,24508,송파역.헬리오시티,17.542343,5.227082,4.1471667
123900002,24505,송파역,16.906796,3.9817598,3.1591282
123900003,24504,풍납동극동.쌍용아파트,13.108354,7.0042024,5.557134
123900006,24502,송파.잠실세무서,20.863737,10.832085,8.594175
123900007,24511,송파호반베르디움더퍼스트,25.043465,3.4208868,2.7141316
123900008,24512,오륜사거리,22.734812,4.354395,3.454777
123900009,24513,세륜중학교,33.711483,11.2142515,8.8973875
123900010,24514,오금공원,38.048435,6.964603,5.5257163
123900011,24515,오금역.오금고교,36.56952,4.7298794,3.752686
123900012,24516,송파삼성래미안아파트,40.092564,8.714317,6.913939
123900013,24517,송파현대아파트.가락중학교,34.194366,6.360108,5.0461097
123900014,24518,가락고등학교,26.73352,2.629948,2.0866008
123900015,24519,가락동부센트레빌아파트,25.531149,15.06635,11.953642
123900016,24520,가락중학교,31.913631,10.573149,8.388737
123900017,24521,가락중학교.래미안송파파인탑,36.763035,6.448771,5.116455
123900018,24522,가락삼익맨숀,34.95327,3.6554205,2.9002106
123900019,24523,오금역.오금고교,37.340664,8.430162,6.6884913
123900020,24524,오금공원,42.693554,6.3170257,5.011928
123900021,24525,세륜중학교,38.204308,6.2747865,4.9784155
123900022,24526,송파호반베르디움더퍼스트,25.304335,4.177183,3.314177
123900023,24527,송파파인타운1단지,35.61754,11.715177,9.294821
123900024,24528,송파파인타운2단지,32.271183,10.945234,8.683949
123900025,24529,송파파크하비오푸르지오,18.951931,4.0455103,3.2097077
123900026,24530,서울동부지방법원.검찰청,19.231548,1.9650671,1.5590843
123900028,24531,문정법조단지,16.793745,4.709821,3.736772
123900029,24532,올림픽훼밀리타운아파트,18.61912,8.16084,6.4748106
123900030,24533,올림픽훼밀리타운아파트,16.145552,6.7893105,5.3866386
123900031,24534,문정법조단지,16.3076,4.9455743,3.9238183
123900032,24535,서울동부지방법원.검찰청,18.072495,6.599897,5.236358
123900033,24536,송파아이파크오피스텔,18.316053,1.1160105,0.88544273
123900034,24537,송파파인타운3단지,30.840345,0.4259958,0.33798507
123900035,24538,송파파인타운1단지,37.37573,15.356247,12.183646
123900036,24540,석촌역4번출구,16.134779,4.153611,3.295475
123900037,24543,석촌역5번출구,20.174257,9.631402,7.641555
123900038,24542,잠실역.롯데호텔,14.736187,9.427632,7.479883
123900039,24544,송파레이크힐아파트,58.11398,6.7719007,5.372826
123900040,24545,송파레이크파크호반써밋2차정문,46.76205,13.253669,10.515461
123900041,24546,송파레이크파크호반써밋1차후문,40.25288,23.651798,18.765337
123900042,24552,송파레이크파크호반써밋1차후문,35.991978,17.129824,13.590802
123900043,24547,문정역테라타워,19.114658,0.27622595,0.21915767
123900044,24548,서울한방병원,16.212769,1.4003122,1.1110077
123900045,24549,문정2동주민센터,23.566624,11.432388,9.070457
123900046,24550,힐스테이트에코송파,16.212769,1.4003122,1.1110077
123900047,24551,문정현대지식산업센터,14.535319,6.147178,4.877171
123900048,24559,레이크팰리스아파트,18.214739,1.78207,1.4138943
123900049,24560,잠실롯데월드,19.507807,4.2597265,3.3796668
123900050,24561,롯데월드.샤롯데,16.346546,4.1324444,3.2786813
123900051,24562,잠실르엘아파트.송파구청,15.779596,8.0868,6.416067
123900052,24563,잠실역.시그마타워,18.48517,6.401152,5.078674
123900053,24553,롯데월드.샤롯데,15.900337,13.002437,10.3161335
123900054,24554,잠실롯데월드,18.40808,6.5027003,5.159242
123900055,24555,레이크팰리스아파트,15.714545,4.935102,3.91551
123900056,24556,삼전동주민센터,17.557621,6.4899235,5.1491055
123900057,24557,삼전역,19.157774,9.235734,7.3276315
124000001,25101,강동공영차고지,20.935976,3.6394422,2.8875334
124000002,25102,강동공영차고지,21.36462,1.9045683,1.5110846
124000003,25103,고덕리엔파크1단지,24.387383,8.2578745,6.5517974
124000004,25104,고덕리엔파크1단지,21.533049,5.565531,4.415692
124000005,25105,해뜨는주유소,23.477018,1.2080382,0.9584575
124000006,25106,해뜨는주유소,24.548948,3.2478676,2.5768583
124000007,25107,고덕천교차로,24.212719,8.7576475,6.9483175
124000008,25108,고덕천교차로,20.790102,6.8196425,5.410704
124000009,25109,고덕자이.고덕천물놀이장,22.57187,6.3676653,5.0521054
124000010,25110,강명초등학교.고덕천물놀이장,21.33616,1.4341098,1.1378227
124000011,25111,고덕자이,25.110893,9.069693,7.1958942
124000012,25112,고덕리엔파크3단지,21.465801,11.517257,9.137792
124000017,25117,GS강동자이아파트.둔촌동프라자아파트,27.456205,1.926624,1.5285835
124000018,25118,둔촌동프라자아파트.GS강동자이아파트,32.275146,16.390734,13.004408
124000019,25119,둔촌푸르지오아파트,28.980595,7.7458515,6.145559
124000020,25120,둔촌푸르지오아파트,29.500677,0.82657164,0.65580195
124000021,25121,길동주민센터.서울양병원,24.113894,5.1276517,4.068279
124000022,25122,둔촌2동주민센터.서울양병원,24.137098,6.6608367,5.2847075
124000023,25123,길동사거리.강동세무서,26.486973,2.7818427,2.207114
124000024,25124,길동사거리.강동세무서,23.98373,2.793038,2.2159963
124000025,25125,강동역1번출구.동신중학교,24.810753,4.5685706,3.624704
124000026,25126,강동역.강풀만화거리입구,27.23103,3.0785248,2.4425015
124000027,25127,천호역5번출구,34.082138,40.25317,31.936863
124000028,25128,천호역.성내2동주민센터,23.289606,3.6221642,2.8738253
124000031,25131,상일동역4번출구.센트럴푸르지오,23.299461,5.3979597,4.282741
124000032,25132,상일동역6번출구.고덕아르테온,24.028477,4.5016074,3.5715754
124000033,25133,상일동역1번출구,28.467932,7.3604393,5.8397727
124000034,25134,상일동역8번출구,27.257519,9.986062,7.9229417
124000035,25135,고덕그라시움,31.813265,3.9855883,3.1621659
124000036,25136,고덕그라시움,30.918177,1.3088273,1.0384235
124000037,25137,고덕평생학습관.온조대왕체육관,35.232605,5.4155607,4.296706
124000038,25138,고덕평생학습관.온조대왕체육관,38.48314,21.094856,16.736658
124000039,25139,고덕역,37.36853,2.503975,1.9866537
124000040,25140,고덕역,40.256603,11.452947,9.086768
124000041,25141,배재중고등학교,38.682682,2.5273173,2.0051737
124000042,25142,배재중고등학교,38.31954,1.6344208,1.2967494
124000043,25143,동부기술교육원.장애인종합복지관,44.070366,18.025776,14.30165
124000044,25144,동부기술교육원.장애인종합복지관,38.11543,2.7253966,2.1623297
124000045,25145,명일초등학교,36.34846,4.906478,3.8927996
124000046,25146,명일초등학교,38.69672,6.5316386,5.1822023
124000047,25147,암사3동주민센터(강동롯데캐슬퍼스트),27.059174,5.7525005,4.564034
124000048,25148,암사3동주민센터.프라이어팰리스,26.485321,2.0152814,1.5989243
124000049,25149,강일중.선사고,26.638361,0.7507486,0.59564394
124000050,25150,강일중.선사고,27.253433,6.5857997,5.2251735
124000051,25151,신암중학교,21.396809,6.9812317,5.5389094
124000052,25152,신암중학교,21.396809,6.9812317,5.5389094
124000053,25153,삼성광나루아파트,18.367132,3.7850573,3.0030644
124000054,25154,삼성광나루아파트,18.757376,3.2977118,2.6164048
124000055,25155,암사역.선사현대아파트,19.867672,7.8927894,6.262139
124000056,25156,암사역2번출구.암사종합시장,19.374065,2.4014647,1.9053221
124000057,25157,천호동공원,19.278027,2.151732,1.7071841
124000058,25158,천호동공원,19.794998,3.6478684,2.8942187
124000059,25159,서울현대요양병원,18.6568,1.0375941,0.82322717
124000060,25160,서울현대요양병원,20.308416,1.7722503,1.4061034
124000061,25161,천호역2번출구.현대백화점,15.515002,17.803572,14.125354
124000062,25162,천호역3번출구.현대백화점,16.310312,13.206261,10.477847
124000063,25163,천호역8번출구,16.85568,1.3804041,1.0952126
124000064,25164,강동구청역1번출구.영파여고,23.406439,11.678823,9.265979
124000065,25165,상일동역2번출구,24.797615,3.7163541,2.9485552
124000066,25166,상일동역2번출구,24.889503,2.8945787,2.2965589
124000067,25167,고덕초등학교,36.192127,2.9313247,2.325713
124000068,25168,고덕초등학교,36.849224,3.9248464,3.1139731
124000069,25169,강덕초등학교.고덕그라시움,35.218327,0.82232213,0.6524304
124000070,25170,강덕초등학교.고덕그라시움,32.4631,5.690787,4.5150704
124000071,25171,광문고.서울컨벤션고,34.09325,6.359592,5.0457
124000072,25172,광문고.서울컨벤션고,32.87343,11.154856,8.850263
124000073,25173,고덕아이파크아파트,31.8307,5.3361683,4.233716
124000074,25174,고덕아이파크아파트,33.975456,4.5527563,3.6121569
124000075,25175,명일중학교,42.542126,5.337706,4.234936
124000076,25176,명일중학교,43.467926,4.195381,3.3286152
124000077,25177,강동경희대병원.명일동이마트,42.397495,14.014998,11.1195
124000078,25178,강동아트센터.강동경희대병원,32.574738,9.142605,7.2537427
124000079,25179,강동아트센터.강동경희대병원후문,36.097485,5.4942083,4.359105
124000080,25180,한영중고.한영외고,35.4737,0.5837892,0.46317837
124000081,25181,한영중고.한영외고,35.737232,2.8228831,2.2396755
124000082,25182,길동자연생태공원,39.884506,10.154676,8.056721
124000083,25183,길동자연생태공원,40.08669,3.749453,2.974816
124000084,25184,일자산입구.둔촌도서관,39.081924,5.810476,4.6100316
124000085,25185,일자산입구.둔촌도서관,41.413315,10.037659,7.963878
124000086,25186,서하남IC입구,26.998571,7.7009015,6.109895
124000087,25187,동북고등학교.둔촌오륜역,31.101093,15.844901,12.571344
124000088,25188,오륜교회앞,18.954168,6.85308,5.4372334
124000089,25190,농협둔촌동지점,28.023554,2.8165443,2.234646
124000090,25191,둔촌하이츠아파트,26.595062,8.854341,7.0250335
124000091,25192,약수터,30.146696,3.1373615,2.4891825
124000092,25193,약수터,29.023115,3.2498999,2.5784707
124000093,25194,명일여자고등학교,37.245956,14.4532385,11.467199
124000094,25195,명일여자고등학교,32.829453,17.125013,13.586986
124000095,25196,길동성당,38.484398,11.948254,9.479744
124000096,25197,길동성당,38.651356,3.3978271,2.695836
124000097,25198,길동신동아아파트,32.443905,3.9925199,3.1676652
124000098,25199,길동신동아아파트,32.57656,11.272532,8.943627
124000099,25204,보훈회관,28.90205,5.0801024,4.0305533
124000100,25205,보훈회관,28.90205,5.0801024,4.0305533
124000101,25210,대순진리회,18.674694,2.7655938,2.194222
124000102,25211,대순진리회,18.178528,2.0312426,1.611588
124000103,25212,성내종합사회복지관,19.15583,4.451077,3.5314844
124000104,25213,성내종합사회복지관,20.65905,3.392743,2.6918023
124000105,25214,성내삼성.청구아파트,18.515835,3.5812857,2.841392
124000106,25215,성내삼성.청구아파트,17.987818,3.6361141,2.884893
124000107,25216,성내주유소,21.304886,5.8532386,4.6439595
124000108,25217,성내주유소,22.32979,2.0971909,1.6639112
124000109,25218,강동농협,27.130564,4.065533,3.225594
124000110,25219,강동농협,26.207104,0.6167952,0.4893653
124000111,25220,참잘함한방병원,19.448586,3.438183,2.7278545
124000112,25221,참잘함한방병원,19.9065,3.0433972,2.4146314
124000113,25222,천동초등학교.천호도서관,27.7365,11.137004,8.836099
124000114,25223,천동초등학교.천호도서관,23.933226,12.284277,9.7463455
124000115,25224,강동성심병원(동신중학교),22.88803,11.545405,9.160125
124000116,25225,강동성심병원(동신중학교),22.88803,11.545405,9.160125
124000117,25226,조은마디병원,18.7305,3.904575,3.09789
124000118,25227,조은마디병원,19.486313,6.085696,4.8283916
124000119,25230,JYP엔터테인먼트.윤선생영어교실,21.102884,9.515682,7.5497427
124000120,25231,JYP엔터테인먼트.윤선생영어교실,19.081264,1.3032825,1.0340244
124000121,25232,명일역3번출구.래미안솔베뉴,36.831577,2.2029414,1.7478138
124000122,25233,명일역2번출구,38.64518,16.34084,12.964822
124000123,25234,명일역1번출구.명일전통시장,33.208,3.6199775,2.87209
124000124,25235,명일역4번출구.명일전통시장,32.990307,0.45110708,0.35790837
124000125,25236,굽은다리사거리,28.930288,0.88812995,0.7046423
124000126,25237,굽은다리사거리,34.455593,5.1306925,4.0706916
124000127,25238,십자성마을,24.803333,5.569557,4.4188867
124000128,25239,십자성마을,22.574007,5.9732137,4.7391477
124000129,25240,길동역1번출구,25.842615,0.726824,0.5766622
124000130,25241,길동역3번출구,23.782919,1.7664567,1.4015068
124000131,25242,서울프라임한방병원,20.830679,7.34183,5.825008
124000132,25243,서울프라임한방병원,22.68624,4.6781974,3.7116816
124000133,25244,강동리바트,23.7406,2.5509567,2.0239289
124000134,25245,동명약국앞,22.58945,5.605935,4.447749
124000135,25246,둔촌동역4번출구,23.31538,5.80801,4.608075
124000136,25247,둔촌동역2번출구,23.142595,7.2055993,5.7169223
124000137,25248,한국전력공사강동송파지사,24.983942,4.4886885,3.5613256
124000138,25249,한국전력공사.올림픽파크포레온,20.57905,3.7736454,2.9940102
124000139,25250,고덕자이.상일여고,29.750034,2.8192718,2.2368102
124000140,25251,고덕자이.상일여고,28.33011,8.003264,6.3497896
124000141,25252,상일1동주민센터.고덕사회체육센터,30.912506,3.477542,2.7590816
124000142,25253,상일1동주민센터.롯데캐슬베네루체,30.912506,3.477542,2.7590816
124000143,25254,고덕숲아이파크,34.94671,12.5336,9.944158
124000144,25255,고덕숲아이파크,38.183487,13.653274,10.832507
124000145,25256,강동고등학교,49.828762,7.274671,5.771724
124000146,25257,강동고등학교,46.82128,13.342517,10.585954
124000148,25259,한영중고앞사거리,43.701714,15.321088,12.155751
124000149,25260,고덕현대아파트,36.337914,5.8181567,4.6161256
124000150,25261,한영중고앞사거리,35.369038,6.0047398,4.76416
124000151,25262,고덕삼환.주공9단지아파트,30.319231,0.7111453,0.56422263
124000152,25263,고덕삼환.주공9단지아파트,31.310526,3.3128352,2.6284034
124000153,25264,명일여자고등학교,31.96887,18.175505,14.420445
124000154,25265,명일여자고등학교,28.26508,3.2081563,2.5453513
124000155,25266,명일1동주민센터,31.799051,5.2977533,4.2032375
124000156,25267,명일1동주민센터,30.18572,7.7834797,6.1754127
124000169,25281,강동구청,19.194677,6.082635,4.8259625
124000170,25282,강동구청,17.849474,4.936543,3.9166532
124000171,25283,강동보건소앞,16.760746,7.4068685,5.8766093
124000172,25284,강동보건소건너,15.078118,8.791267,6.974992
124000173,25285,한양수자인아파트,14.637777,16.17596,12.834006
124000174,25286,한양수자인아파트,14.637777,16.17596,12.834006
124000175,25287,서울장애인복지관,38.864857,7.545587,5.9866686
124000176,25288,서울장애인복지관,41.72657,9.018413,7.155208
124000177,25289,명일동신동아아파트,36.108917,0.9133112,0.72462106
124000178,25290,명일동신동아아파트,35.880314,5.4443827,4.3195734
124000183,25295,상일동동아아파트,32.907448,11.21019,8.894165
124000184,25296,상일동동아아파트,29.744492,7.5521584,5.9918823
124000185,25297,상일동주몽재활원,38.33357,11.808873,9.36916
124000186,25298,상일동주몽재활원,34.196068,9.02358,7.159308
124000187,25299,상일동빌라단지,39.90178,6.0261383,4.781138
124000188,25300,상일동빌라단지,39.95548,2.692715,2.1364
124000190,25302,중앙보훈병원역1번출구,40.176964,6.6540856,5.279351
124000191,25303,중앙보훈병원역1번출구,42.651978,12.267542,9.7330675
124000192,25309,강동첨단업무단지.상일여고입구,27.187119,18.965963,15.047596
124000193,25310,강동첨단업무단지.상일여고입구,22.085236,0.4573557,0.362866
124000194,25311,천동초교입구사거리,23.69561,4.04326,3.2079225
124000195,25312,천동초교입구사거리,24.477226,3.7363932,2.9644544
124000196,25313,강동구청역.농협중앙회,17.659101,6.1331778,4.8660636
124000197,25314,성내구립도서관.사회적경제지원센터,21.446955,1.0581816,0.8395613
124000198,25315,성내구립도서관.사회적경제지원센터,25.895958,0.789254,0.6261941
124000201,25318,강일동주민센터,24.147058,8.398154,6.663096
124000202,25319,강일동주민센터,20.159235,15.255276,12.103536
124000203,25320,강일리버파크4단지.2단지,24.210148,2.7958283,2.2182102
124000204,25321,강일리버파크2단지.4단지,24.210148,2.7958283,2.2182102
124000205,25322,강일고등학교.강일리버파크7단지,25.984163,12.551821,9.958614
124000206,25323,강일고등학교.강일리버파크7단지,23.867844,0.7899608,0.6267549
124000207,25324,강일리버파크6단지,21.723104,4.422735,3.5089982
124000209,25326,강일초등학교,19.77976,3.2177052,2.5529273
124000210,25327,강일초등학교,21.310038,2.7965293,2.2187665
124000211,25332,강일리버파크8단지,26.039139,14.379788,11.408924
124000212,25333,강일리버파크8단지,25.022867,5.079921,4.0304093
124000213,25334,강일리버파크4단지.5단지,22.706612,5.5191736,4.3789124
124000214,25335,강일리버파크5단지.4단지,22.609015,2.7142906,2.1535182
124000215,25336,강일리버파크1단지.3단지,24.306221,3.5536342,2.8194532
124000216,25337,강일리버파크3단지.1단지,25.920572,7.820197,6.2045445
124000232,25616,천호우체국,17.632467,3.250588,2.5790164
124000233,25617,강동구청,18.844175,5.7268596,4.5436907
124000236,25620,고분다리시장입구,26.902336,4.3274584,3.4334054
124000237,25621,고분다리시장입구,28.08854,6.1519313,4.8809423
124000241,25625,암사1동제1경로당,36.710876,7.721428,6.1261806
124000258,25643,성덕중고등학교,40.349304,7.2217655,5.7297487
124000259,25644,성덕중고등학교,37.33898,7.446527,5.9080744
124000265,25650,강동농협,28.464706,3.9886444,3.1645904
124000268,25653,암사1동제1경로당,35.914967,3.0004241,2.3805366
124000269,25654,천호초교입구사거리,27.67201,1.9479569,1.545509
124000272,25657,천호3동주민센터,28.774246,6.140375,4.8717737
124000273,25658,천호초교입구사거리,26.485775,7.2718973,5.769523
124000274,25659,천호3동주민센터,26.516193,3.7254384,2.9557626
124000329,25329,강일리버파크10단지.9단지,24.5352,2.877008,2.282618
124000330,25999,천호동로데오거리,24.762426,4.7425976,3.7627769
124000331,25998,성내시장,23.186008,10.528316,8.353166
124000332,25997,라움포레아파트,20.595015,3.02082,2.3967185
124000333,25996,천호우성아파트,35.958733,1.1270763,0.89422226
124000334,25995,천호우성아파트,36.127796,3.9698138,3.1496503
124000335,25994,천호우체국.로데오거리,22.77204,4.308036,3.4179955
124000338,25339,강일리버파크9단지후문,22.805592,8.370988,6.6415415
124000339,25340,강일리버파크9단지후문,22.805592,8.370988,6.6415415
124000341,25328,강일리버파크9단지.10단지,24.380793,5.973645,4.73949
124000344,25341,강동공영차고지,21.317453,0.5930331,0.47051242
124000345,25725,천호역,34.082138,40.25317,31.936863
124000346,25724,길동사거리,24.123297,11.27546,8.9459505
124000347,25723,길동LG자이아파트,27.795015,1.8215921,1.4452511
124000348,25722,상일초등학교,27.81421,12.309945,9.76671
124000349,25718,길동LG자이아파트,32.275146,16.390734,13.004408
124000350,25721,길동사거리,23.337845,4.137811,3.2829394
124000351,25720,천호역.성내2동주민센터,23.087862,8.853781,7.0245895
124000352,25719,강동구청역,22.75194,11.575274,9.183823
124000353,24745,올림픽선수촌아파트,18.94433,1.0619751,0.8425711
124000354,25728,둔촌동역,21.905336,1.1468714,0.9099278
124000355,25727,둔촌동역,23.142595,7.2055993,5.7169223
124000356,25709,상일초등학교,24.513134,3.5577528,2.8227212
124000357,25011,강동역,23.535574,1.1865813,0.94143355
124000358,25009,길동사거리.강동세무서,18.642788,11.747808,9.320711
124000359,25007,길동주민센터.둔촌2동주민센터,25.58674,11.055554,8.771477
124000360,25005,강동자이.프라자아파트,27.573223,11.274643,8.945302
124000361,25001,상일초교,25.404947,7.418326,5.8856997
124000362,25002,상일초교,26.162424,5.195066,4.1217656
124000363,25006,강동자이?프라자아파트,32.32789,10.486153,8.319714
124000364,25008,길동주민센터.둔촌2동주민센터,22.275995,3.0347373,2.4077606
124000365,25010,길동사거리.강동세무서,20.52933,2.731014,2.1667864
124000366,25012,강동역,25.59577,5.2318563,4.1509547
124000367,25343,강일역.고덕리엔파크3단지.2단지,30.26138,16.241928,12.886346
124000368,25342,강일역.고덕리엔파크2단지.3단지,26.31573,6.6305447,5.2606745
124000369,25003,초이동,40.451504,3.1948886,2.5348246
124000370,25004,초이동,41.35872,3.1410801,2.492133
124000398,25781,굽은다리역,18.240597,12.304716,9.762562
124000399,25782,굽은다리역,18.625034,13.413168,10.642007
124000402,25344,고덕리엔파크2단지,27.103748,1.3667418,1.084373
124000403,25345,강명초등학교.고덕리엔파크3단지,23.816832,3.5629854,2.8268726
124000404,25346,강명초등학교.고덕리엔파크3단지,23.612247,4.7659674,3.7813187
124000405,25348,굽은다리역구민회관.강동홈플러스,22.729897,10.65774,8.455851
124000406,25349,굽은다리역구민회관.강동홈플러스,18.240597,12.304716,9.762562
124000407,25347,고덕리엔파크2단지,26.809586,4.890249,3.879923
124000411,25353,고덕리엔파크3단지서문,26.808512,5.8228784,4.6198716
124000412,25352,고덕리엔파크3단지서문,26.384321,6.801942,5.3966603
124000413,25350,삼성E&A,24.929277,1.1191672,0.8879473
124000414,25361,천일초교사거리,28.281178,7.3970866,5.868849
124000415,25362,천일초교사거리,22.881468,2.823226,2.2399476
124000416,25364,천일중.구강사,22.984789,5.577181,4.4249353
124000417,25363,천일중.구강사,22.984789,5.577181,4.4249353
124000418,25357,천동초교삼거리,21.626709,0.6645162,0.52722716
124000419,25358,천동초교삼거리,22.39891,3.5717564,2.8338313
124000420,25359,동아하이빌,39.52896,9.548676,7.575919
124000421,25360,동아하이빌,37.877758,5.36353,4.2554245
124000422,25370,성내유수지체육공원,17.559187,4.8475842,3.8460732
124000423,25369,현대토파즈아파트,19.177614,6.6028147,5.238673
124000424,25368,고현초등학교.고덕숲아이파크,36.16822,18.94912,15.034231
124000425,25367,고현초등학교.고덕센트럴아이파크,31.574741,3.5867484,2.845726
124000426,25366,고덕숲.고덕센트럴아이파크,33.591038,8.718116,6.916953
124000427,25365,고덕센트럴.고덕숲아이파크,31.31215,3.1715062,2.516273
124000428,25351,삼성E&A,25.52358,8.325325,6.605313
124000429,25317,강일리버파크6단지,19.785332,4.790333,3.8006501
124000430,25372,아남.대우아파트,43.141052,12.545954,9.95396
124000431,25371,서울시동부기술교육원.명덕초교,43.220963,12.393066,9.832659
124000432,25373,강동롯데캐슬퍼스트아파트,38.82738,7.741371,6.1420035
124000433,25603,고덕한양아파트,35.369038,6.0047398,4.76416
124000434,25651,강동농협,31.74174,4.3074045,3.4174945
124000435,25783,명일동국민은행.래미안솔베뉴,36.667305,2.864916,2.2730243
124000436,25784,명일동국민은행.래미안솔베뉴,36.502907,11.729094,9.305862
124000437,25200,미사강변18단지.강일리버10단지,21.98038,2.5972326,2.0606444
124000438,25201,윤슬중학교.강솔초등학교,22.14216,0.68714917,0.54518414
124000440,25203,미사강변17단지.강일리버7단지,23.395632,5.2964926,4.202237
124000444,25316,둔촌습지앞,45.34615,12.77513,10.135788
124000445,25330,중앙보훈병원역2번출구,40.834408,4.6807337,3.713694
124000446,25331,중앙보훈병원역3번출구,39.593002,8.367957,6.639137
124000447,25338,상일파출소.고덕아르테온,32.840366,13.840339,10.980925
124000448,25113,상일동산.롯데캐슬베네루체,36.920322,6.4812427,5.142218
124000449,25115,상일근린공원,44.250088,9.913217,7.8651457
124000450,25116,상일근린공원,43.963314,2.928431,2.3234172
124000451,25114,상일동산.롯데캐슬베네루체,36.920322,6.4812427,5.142218
124000452,25374,천호역1번출구.문구거리,16.1166,3.280884,2.6030533
124000453,25013,천호역,25.327724,24.578089,19.500256
124000454,25014,천호역,22.919674,2.3700564,1.8804027
124000456,25376,강동리버스트6.7단지,17.54871,1.1851944,0.9403332
124000457,25375,강동리버스트7.6단지,17.564451,1.1414747,0.905646
124000458,25377,강동리버스트상가,19.726345,0.29027313,0.23030269
124000459,25378,힐스테이트리슈빌강일501동,18.717545,3.3808298,2.6823504
124000460,25379,강동리버스트8단지,20.654047,3.8508613,3.0552733
124000461,25381,강일역3번출구,31.265734,2.359852,1.8723067
124000462,25202,강일리버5단지.미사강변루나리움,19.601545,5.75322,4.5646048
124000463,25387,강동리엔파크13.14단지,29.482004,7.8362703,6.217297
124000464,25386,강동리엔파크13.14단지,29.482004,7.8362703,6.217297
124000465,25385,강동리엔파크11단지,35.007305,12.0823145,9.586108
124000466,25384,강동리엔파크11단지,28.39622,14.622868,11.601784
124000467,25382,상일2동주민센터.고덕어반브릿지,40.84076,14.239151,11.297342
124000468,25383,상일2동주민센터.고덕어반브릿지,39.542103,19.511082,15.480092
124000469,25388,강일역2번출구,28.649008,8.190764,6.4985523
124000470,25206,신암중.선사고,20.997702,9.51279,7.547447
124000471,25207,신암중.선사고,23.6529,13.792723,10.943147
124000472,25208,암사역사공원역1번출구,21.540854,9.997016,7.9316325
124000473,25209,암사역사공원역3번출구,20.529871,4.7473907,3.7665796
124000474,25268,강동롯데캐슬퍼스트,30.565536,11.3222065,8.983039
124000475,25269,강동롯데캐슬퍼스트,30.565536,11.3222065,8.983039
124000476,25270,래미안힐스테이트고덕,30.38582,2.2258961,1.7660259
124000477,25271,래미안힐스테이트고덕,31.15899,19.435776,15.420344
124000478,25272,샘터근린공원교차로,28.727776,5.2482343,4.163949
124000479,25273,샘터근린공원교차로,32.039856,26.805605,21.267567
124000480,25274,고덕풍경채어바니티,24.227684,12.377634,9.820415
124000481,25275,고덕풍경채어바니티,18.73095,9.718468,7.710633
124000482,25593,고덕아이파크101동,33.321217,5.3976626,4.2825055
124000483,25596,광문고.서울컨벤션고,36.00007,2.6094496,2.0703375
124000484,25276,올림픽파크포레온121동앞,36.638657,10.023147,7.952365
124000485,25277,올림픽파크포레온418동앞,40.68125,5.7845697,4.589478
124000486,25278,동북중학교,36.925774,8.8320055,7.007313
124000487,25279,동북중학교,35.45315,8.631808,6.8484764
124000488,25601,고덕온빛채아파트,16.061707,1.4538006,1.1534454
124000489,25604,고덕풍경채어바니티,16.153502,0.86549926,0.6866871
124000490,25605,주원교회,17.707298,4.7456574,3.7652047
124000491,25606,주원교회,18.157898,6.6867795,5.3052907
124000492,25607,우진산전.디엠스퀘어,14.201304,3.1507401,2.4997973
124000493,25608,에이스메디칼타워,14.581167,3.8838696,3.0814621
124000494,25609,강동아이파크더리버.이케아,12.237214,0.6330406,0.5022544
124000495,25618,강동아이파크더리버.이케아,12.128483,2.4693637,1.9591932
124000496,25293,지식산업센터,13.541635,2.034488,1.6141627
124000497,25292,고덕비즈밸리입구교차로,24.09929,12.392596,9.832286
124000498,25291,고덕비즈밸리입구교차로,21.735142,5.329932,4.2287683
124000499,25614,샘터배드민턴장,27.802143,0.41676977,0.33066514
124000500,25615,샘터배드민턴장,28.218348,8.694692,6.8983684
124000501,25294,강동아이파크더리버,12.489123,0.7397097,0.58688563
124000502,25301,강동아이파크더리버,12.436235,2.7740688,2.200946
124000503,25304,샘터근린공원,16.389973,4.737421,3.7586699
124000504,25305,샘터근린공원,16.514915,1.0519981,0.83465534
124000505,25306,고덕산생태육교,52.882755,16.99842,13.4865465
124000506,25307,고덕산생태육교,44.121952,2.600838,2.063505
124000507,25619,광문고.컨벤션고,33.578884,3.696346,2.9326808
124000508,25564,한산중학교,28.336538,16.97409,13.467244
124900001,25557,고분다리,26.498259,5.562996,4.4136806
124900002,25556,성내동농협입구교차로,19.16815,5.7578235,4.5682573
124900003,25553,강동농협,28.464706,3.9886444,3.1645904
124900004,25551,약국앞,36.073925,0.50600004,0.40146044
124900005,25550,성내주유소,22.32979,2.0971909,1.6639112
124900006,25549,천호우성아파트,36.317997,1.1598569,0.92023045
124900008,25547,성덕고등학교,38.475395,15.71503,12.468305
124900009,25545,명일동국민은행.래미안솔베뉴,35.34873,2.2078328,1.7516944
124900010,25544,롯데캐슬아파트,39.68509,6.888093,5.465013
124900011,25543,아남.대우아파트,39.319427,6.8699875,5.4506483
124900012,25541,묘곡초교사거리,30.489511,0.74881375,0.5941088
124900013,25537,고덕아이파크101동,33.086136,5.3389683,4.2359376
124900014,25533,고덕중학교,36.999157,2.9439309,2.3357146
124900015,25527,둔촌역,25.471024,7.8849235,6.255898
124900016,25524,한산중학교,25.919935,7.883882,6.255072
124900017,25523,상일동역3.4번출구,26.599257,7.700769,6.10979
124900020,25516,구립둔촌어린이집,24.13484,3.3717048,2.6751106
124900021,25514,둔촌고앞,26.7922,5.666248,4.495601
124900022,25509,강일리버파크1단지103동,23.929403,10.225669,8.113046
124900024,25505,신명초교입구교차로,30.33971,4.4815664,3.5556748
124900026,25501,가래여울,19.326563,1.3902279,1.1030068
124900027,25559,천호시장,27.355719,8.43597,6.6930985
124900028,25563,둔촌역,22.699411,6.6219835,5.253882
124900029,25565,브라운스톤,23.911705,3.3359833,2.6467693
124900030,25566,한산초등학교,34.002995,1.2665108,1.0048498
124900032,25571,암사역,19.631947,6.1446867,4.8751945
124900033,25575,둔촌고등학교,28.451353,3.356913,2.6633747
124900034,25577,고덕주유소.선사초등학교,23.32124,3.210764,2.54742
124900035,25578,둔촌푸르지오아파트사거리,26.434586,5.3307915,4.22945
124900036,25580,선사마을,19.514624,4.211997,3.3417985
124900037,25581,길동은평교회,32.162064,3.1583068,2.5058007
124900038,25582,천호시장,28.267218,10.889576,8.63979
124900039,25583,서울암사동유적,21.142014,1.8195504,1.4436313
124900040,25586,서원마을,19.235224,5.2625923,4.1753407
124900042,25589,서울암사동유적,21.100943,1.5458937,1.2265121
124900043,25591,강동농협,31.567432,2.3834636,1.8910401
124900044,25592,선사마을,19.533976,0.69537354,0.55170935
124900047,25674,명일동국민은행.래미안솔베뉴,36.502907,11.729094,9.305862
124900048,25675,브라운스톤,23.52474,4.1500835,3.2926762
124900050,25730,서울.경기양돈농협,25.81007,3.6865475,2.9249067
124900052,25733,고덕1동주민센터.고덕래미안힐스테이트,33.449913,5.166427,4.0990434
124900053,25736,고덕중학교,37.9419,5.633718,4.469792
124900054,25740,상일동역5번출구,23.241543,5.073419,4.025251
124900055,25746,강일리버파크1단지.금화사,23.894989,4.342499,3.4453385
124900057,25753,강일리버파크1단지정문,22.428274,6.70488,5.319652
124900061,25506,강일리버파크3단지301동,26.208466,10.335739,8.200376
124900062,25513,강일고등학교.강일리버파크7단지,25.984163,12.551821,9.958614
124900066,25749,강일리버파크6단지,19.785332,4.790333,3.8006501
124900067,25752,강일리버파크6단지610동,21.7188,5.789683,4.5935345
124900068,25546,명일역,36.313587,12.047785,9.558712
124900072,25526,고덕리엔파크1단지,21.533049,5.565531,4.415692
124900075,25562,서울.경기양돈농협,27.049364,5.3773465,4.266387
124900076,25568,암사종합시장,27.156944,3.5508604,2.8172526
124900077,25574,암사삼성.현대아파트,18.935257,3.8514948,3.0557761
124900078,25595,선사초등학교,19.666271,7.338414,5.822298
124900079,25602,암사역,22.16462,3.4114866,2.7066736
124900080,25594,약국앞,35.39559,3.6336815,2.882963
124900082,25585,고분다리,26.902336,4.3274584,3.4334054
124900083,25597,천호우성아파트,36.127796,3.9698138,3.1496503
124900085,25570,천호역5번출구,34.082138,40.25317,31.936863
124900086,25561,천호동로데오거리,22.77204,4.308036,3.4179955
124900087,25576,천호우체국,17.632467,3.250588,2.5790164
124900088,25579,천호동로데오거리,20.766489,7.534385,5.977781
124900089,25666,암사종합시장,25.820671,5.5961328,4.4399714
124900090,25538,성내삼성아파트.공안과,18.515835,3.5812857,2.841392
124900091,25552,성내삼성아파트.공안과,18.653378,2.3816817,1.8896264
124900092,25554,성내복지관,20.65905,3.392743,2.6918023
124900093,25534,성내동농협입구교차로,18.674694,2.7655938,2.194222
124900094,25536,성내복지관,19.15583,4.451077,3.5314844
124900095,25540,성내주유소,21.304886,5.8532386,4.6439595
124900096,25530,우리은행둔촌역지점.발리호텔,23.853304,4.912217,3.897353
124900097,25532,둔촌청구아파트,23.292965,7.685021,6.0972953
124900098,25558,둔촌청구아파트,18.320774,6.3425727,5.032197
124900099,25560,둔촌시장.발리호텔,21.916897,2.8606482,2.2696383
124900100,25510,길동우성아파트.은평교회맞은편,30.068432,4.372003,3.4687474
124900102,25508,길동초등학교,29.002136,2.3156903,1.8372686
124900103,25584,길동초등학교,28.529657,0.5419472,0.42998087
124900104,25587,신명초교입구교차로,29.685654,0.38850775,0.30824205
124900106,25512,둔촌푸르지오아파트사거리,26.434586,5.3307915,4.22945
124900107,25522,한산초등학교,28.104958,10.247327,8.130229
124900108,25990,암사삼성.현대아파트,19.132362,5.196113,4.1225963
124900111,25760,가래여울,20.12665,2.2157247,1.757956
124900112,25732,고덕래미안힐스테이트시니어센터,44.01356,4.2210827,3.3490071
124900116,25535,농협둔촌동지점,26.002613,3.773753,2.9940956
124900117,25542,선린초등학교,31.005877,3.2895484,2.6099277
124900118,25539,9호선중앙보훈병원역1번출구,38.13525,6.020198,4.776425
124900119,25517,고덕1동주민센터.두레근린공원,32.567432,11.266334,8.938709
124900120,25529,고덕1동주민센터.두레근린공원,35.48484,17.533337,13.91095
124900121,25518,고덕역1번출구,33.033916,3.9843245,3.161163
124900122,25528,고덕역1번출구,34.45853,8.229268,6.5291014
124900123,25520,명일신동아아파트,33.28426,7.1725254,5.6906815
124900124,25525,시립강동노인종합복지관,37.18773,6.875117,5.4547176
124900127,25761,강동리버스트4단지,20.296799,2.7708113,2.1983616
124900128,25764,강빛초.중학교,21.090382,2.824229,2.2407434
124900129,25762,힐스테이트리슈빌강일503동,20.224218,2.9498897,2.3404424
124900130,25763,강동리버스트8단지,20.68438,1.2647916,1.0034856
124900133,25678,삼익가든아파트,30.454397,9.5274725,7.5590963
124900134,25679,삼익가든아파트,35.46539,27.400389,21.73947
124900135,25680,둔촌신성미소지움아파트,29.95203,12.517535,9.931413
124900136,25681,둔촌신성미소지움아파트,31.75294,19.914658,15.800289
124900137,25682,9호선중앙보훈병원역1번출구,38.13525,6.020198,4.776425
124900138,25610,지식산업센터,15.310975,4.024953,3.1933975
124900139,25611,강동구청고덕별관,39.834587,4.2854466,3.4000733
124900140,25612,강동구청고덕별관,40.829113,3.901721,3.0956254
124900141,25613,광문고.컨벤션고,33.691074,3.6158643,2.8688269
124900142,25573,구립둔촌어린이집,26.21813,4.8916893,3.8810666
129000023,92626,김포공항IC(가상),10.678039,5.045548,4.0031376
129000024,41601,김포공항IC(가상),10.5324135,3.174993,2.5190394
129000025,41602,김포공항IC(가상),10.528086,5.022223,3.9846315
129000030,92616,의정부IC(가상),37.30248,1.8440961,1.4631058
129000031,35684,통일로IC(가상),46.672188,6.4537506,5.1204057
129000032,35683,고양IC(가상),32.7065,25.020647,19.851381
129000033,35682,일산IC(가상),20.14301,3.2925575,2.6123152
129000034,92620,자유로IC(가상),14.3074875,14.603491,11.58641
129000035,92619,일산IC(가상),5.3569264,3.7787156,2.998033
129000036,92618,고양IC(가상),24.389318,14.346503,11.382516
129000038,41612,김포IC(가상),13.561605,2.2672117,1.7988058
129000043,41613,김포IC(가상),11.021858,8.103207,6.429084
129000044,68604,양주IC(가상),65.69227,3.3506434,2.6584005
129000045,68605,양주IC(가상),59.047825,15.279983,12.123138
129000110,35679,난지도하수처리장(가상),10.231991,8.513909,6.7549353
129000111,35678,난지도하수처리장(가상),14.614319,1.8493129,1.4672449
